ds,trend,yhat_lower,yhat_upper,trend_lower,trend_upper,additive_terms,additive_terms_lower,additive_terms_upper,weekly,weekly_lower,weekly_upper,yearly,yearly_lower,yearly_upper,multiplicative_terms,multiplicative_terms_lower,multiplicative_terms_upper,yhat
2009-12-01,23931.5660393664,34434.41045899978,61976.23158893094,23931.5660393664,23931.5660393664,24474.399452038975,24474.399452038975,24474.399452038975,8360.08843998886,8360.08843998886,8360.08843998886,16114.311012050115,16114.311012050115,16114.311012050115,0.0,0.0,0.0,48405.965491405375
2009-12-02,23928.323553189464,30130.665216681606,58347.69934227308,23928.323553189464,23928.323553189464,20169.48801093897,20169.48801093897,20169.48801093897,4695.4516770898135,4695.4516770898135,4695.4516770898135,15474.036333849155,15474.036333849155,15474.036333849155,0.0,0.0,0.0,44097.81156412844
2009-12-03,23925.081067012525,37578.10525793258,65227.11206548653,23925.081067012525,23925.081067012525,27335.880781744825,27335.880781744825,27335.880781744825,12609.718154230957,12609.718154230957,12609.718154230957,14726.162627513866,14726.162627513866,14726.162627513866,0.0,0.0,0.0,51260.961848757346
2009-12-04,23921.838580835585,26722.028817006216,53481.145257693264,23921.838580835585,23921.838580835585,16232.021938318534,16232.021938318534,16232.021938318534,2363.245306488738,2363.245306488738,2363.245306488738,13868.776631829796,13868.776631829796,13868.776631829796,0.0,0.0,0.0,40153.86051915412
2009-12-05,23918.59609465865,-6152.488235557084,22431.253802718133,23918.59609465865,23918.59609465865,-14997.283051970819,-14997.283051970819,-14997.283051970819,-27899.33328215788,-27899.33328215788,-27899.33328215788,12902.05023018706,12902.05023018706,12902.05023018706,0.0,0.0,0.0,8921.31304268783
2009-12-06,23915.35360848171,16346.068634778569,43225.962319429476,23915.35360848171,23915.35360848171,6217.378509640812,6217.378509640812,6217.378509640812,-5611.022087623489,-5611.022087623489,-5611.022087623489,11828.4005972643,11828.4005972643,11828.4005972643,0.0,0.0,0.0,30132.73211812252
2009-12-07,23912.11112230477,27037.92856445901,53711.78411317075,23912.11112230477,23912.11112230477,16134.446728088496,16134.446728088496,16134.446728088496,5481.851792076917,5481.851792076917,5481.851792076917,10652.59493601158,10652.59493601158,10652.59493601158,0.0,0.0,0.0,40046.55785039326
2009-12-08,23908.86863612783,29013.69331117825,55882.59481965007,23908.86863612783,23908.86863612783,17741.88301288103,17741.88301288103,17741.88301288103,8360.08844000632,8360.08844000632,8360.08844000632,9381.794572874709,9381.794572874709,9381.794572874709,0.0,0.0,0.0,41650.75164900886
2009-12-09,23905.62614995089,23330.785614160686,50094.208386205326,23905.62614995089,23905.62614995089,12720.986516590767,12720.986516590767,12720.986516590767,4695.451677104948,4695.451677104948,4695.451677104948,8025.534839485819,8025.534839485819,8025.534839485819,0.0,0.0,0.0,36626.61266654166
2009-12-10,23902.383663773955,29482.26703043324,56669.32980433177,23902.383663773955,23902.383663773955,19205.35712166076,19205.35712166076,19205.35712166076,12609.718154188038,12609.718154188038,12609.718154188038,6595.638967472724,6595.638967472724,6595.638967472724,0.0,0.0,0.0,43107.74078543471
2009-12-11,23899.141177597015,18048.668835421533,44659.905271744334,23899.141177597015,23899.141177597015,7469.311415174608,7469.311415174608,7469.311415174608,2363.24530647409,2363.24530647409,2363.24530647409,5106.066108700517,5106.066108700517,5106.066108700517,0.0,0.0,0.0,31368.452592771624
2009-12-13,23892.65620524314,6247.050193965826,33418.83843163538,23892.65620524314,23892.65620524314,-3597.971310917888,-3597.971310917888,-3597.971310917888,-5611.022087605455,-5611.022087605455,-5611.022087605455,2013.0507766875678,2013.0507766875678,2013.0507766875678,0.0,0.0,0.0,20294.68489432525
2009-12-14,23889.4137190662,16197.5470049998,43473.341052831965,23889.4137190662,23889.4137190662,5927.821730552733,5927.821730552733,5927.821730552733,5481.8517920674485,5481.8517920674485,5481.8517920674485,445.9699384852847,445.9699384852847,445.9699384852847,0.0,0.0,0.0,29817.235449618933
2009-12-15,23886.17123288926,18472.22638646181,44041.87918694798,23886.17123288926,23886.17123288926,7251.3172260489255,7251.3172260489255,7251.3172260489255,8360.088440010644,8360.088440010644,8360.088440010644,-1108.7712139617188,-1108.7712139617188,-1108.7712139617188,0.0,0.0,0.0,31137.488458938187
2009-12-16,23882.928746712325,12228.614314463925,39506.647300907636,23882.928746712325,23882.928746712325,2064.578030948941,2064.578030948941,2064.578030948941,4695.4516771011395,4695.4516771011395,4695.4516771011395,-2630.873646152199,-2630.873646152199,-2630.873646152199,0.0,0.0,0.0,25947.506777661267
2009-12-17,23879.686260535385,19014.503120147532,45012.59241742247,23879.686260535385,23879.686260535385,8509.760919640476,8509.760919640476,8509.760919640476,12609.718154179467,12609.718154179467,12609.718154179467,-4099.957234538991,-4099.957234538991,-4099.957234538991,0.0,0.0,0.0,32389.447180175863
2009-12-18,23876.443774358446,8660.289350226278,35232.22491735811,23876.443774358446,23876.443774358446,-3132.774074976861,-3132.774074976861,-3132.774074976861,2363.2453064594424,2363.2453064594424,2363.2453064594424,-5496.019381436303,-5496.019381436303,-5496.019381436303,0.0,0.0,0.0,20743.669699381586
2009-12-20,23869.958802004567,-3164.6163072264717,23467.72278816756,23869.958802004567,23869.958802004567,-13604.750150677603,-13604.750150677603,-13604.750150677603,-5611.022087587421,-5611.022087587421,-5611.022087587421,-7993.728063090181,-7993.728063090181,-7993.728063090181,0.0,0.0,0.0,10265.208651326964
2009-12-21,23866.71631582763,7158.339954597445,33792.719024641825,23866.71631582763,23866.71631582763,-3579.523307342587,-3579.523307342587,-3579.523307342587,5481.851792081564,5481.851792081564,5481.851792081564,-9061.37509942415,-9061.37509942415,-9061.37509942415,0.0,0.0,0.0,20287.193008485043
2009-12-22,23863.47377155778,9352.648284881781,34138.5744745701,23863.47377155778,23863.47377155778,-1628.7524612311468,-1628.7524612311468,-1628.7524612311468,8360.088439997095,8360.088439997095,8360.088439997095,-9988.84090122824,-9988.84090122824,-9988.84090122824,0.0,0.0,0.0,22234.721310326633
2009-12-23,23860.23122728793,4348.212280902974,31400.381945208017,23860.23122728793,23860.23122728793,-6069.171234204888,-6069.171234204888,-6069.171234204888,4695.451677080005,4695.451677080005,4695.451677080005,-10764.622911284892,-10764.622911284892,-10764.622911284892,0.0,0.0,0.0,17791.059993083043
2010-01-04,23821.32069604972,7874.830611426341,33617.325561340185,23821.32069604972,23821.32069604972,-2759.0227229783254,-2759.0227229783254,-2759.0227229783254,5481.851792082238,5481.851792082238,5481.851792082238,-8240.874515060563,-8240.874515060563,-8240.874515060563,0.0,0.0,0.0,21062.297973071392
2010-01-05,23818.078151779868,11969.110981036654,37750.15259586807,23818.078151779868,23818.078151779868,979.0995896380755,979.0995896380755,979.0995896380755,8360.088440001005,8360.088440001005,8360.088440001005,-7380.98885036293,-7380.98885036293,-7380.98885036293,0.0,0.0,0.0,24797.177741417945
2010-01-06,23814.835607510016,9149.765047468241,36544.71805979006,23814.835607510016,23814.835607510016,-1815.8903955023586,-1815.8903955023586,-1815.8903955023586,4695.451677055063,4695.451677055063,4695.451677055063,-6511.3420725574215,-6511.3420725574215,-6511.3420725574215,0.0,0.0,0.0,21998.945212007657
2010-01-07,23811.59306324017,18830.121532162408,44250.70131709069,23811.59306324017,23811.59306324017,6955.101312849764,6955.101312849764,6955.101312849764,12609.718154190463,12609.718154190463,12609.718154190463,-5654.616841340699,-5654.616841340699,-5654.616841340699,0.0,0.0,0.0,30766.694376089934
2010-01-08,23808.350518970317,7518.7067853435965,33939.92519171749,23808.350518970317,23808.350518970317,-2469.5339791022493,-2469.5339791022493,-2469.5339791022493,2363.2453064462766,2363.2453064462766,2363.2453064462766,-4832.779285548526,-4832.779285548526,-4832.779285548526,0.0,0.0,0.0,21338.81653986807
2010-01-10,23801.865430430615,863.8739352260384,28779.32254461368,23801.865430430615,23801.865430430615,-8986.019713620033,-8986.019713620033,-8986.019713620033,-5611.022087638061,-5611.022087638061,-5611.022087638061,-3374.9976259819737,-3374.9976259819737,-3374.9976259819737,0.0,0.0,0.0,14815.845716810582
2010-01-11,23798.622886160763,12842.749722791472,38961.81492719087,23798.622886160763,23798.622886160763,2706.906242571925,2706.906242571925,2706.906242571925,5481.851792057138,5481.851792057138,5481.851792057138,-2774.9455494852127,-2774.9455494852127,-2774.9455494852127,0.0,0.0,0.0,26505.529128732687
2010-01-12,23795.380341890912,16103.331978805854,43515.91054380882,23795.380341890912,23795.380341890912,6079.348743501522,6079.348743501522,6079.348743501522,8360.088439974317,8360.088439974317,8360.088439974317,-2280.739696472796,-2280.739696472796,-2280.739696472796,0.0,0.0,0.0,29874.729085392435
2010-01-13,23792.13779762106,13299.661529132485,40225.84226907596,23792.13779762106,23792.13779762106,2791.6008728950583,2791.6008728950583,2791.6008728950583,4695.4516770702,4695.4516770702,4695.4516770702,-1903.8508041751415,-1903.8508041751415,-1903.8508041751415,0.0,0.0,0.0,26583.73867051612
2010-01-14,23788.89525335121,21538.74265890495,48599.56912266613,23788.89525335121,23788.89525335121,10957.07675055176,10957.07675055176,10957.07675055176,12609.718154183074,12609.718154183074,12609.718154183074,-1652.6414036313156,-1652.6414036313156,-1652.6414036313156,0.0,0.0,0.0,34745.97200390297
2010-01-15,23785.652709081358,11620.15715446151,37680.347867801574,23785.652709081358,23785.652709081358,831.0487525334208,831.0487525334208,831.0487525334208,2363.2453064316283,2363.2453064316283,2363.2453064316283,-1532.1965538982074,-1532.1965538982074,-1532.1965538982074,0.0,0.0,0.0,24616.70146161478
2010-01-17,23779.16762054166,3611.680097277699,29579.386637411135,23779.16762054166,23779.16762054166,-7298.145325441449,-7298.145325441449,-7298.145325441449,-5611.022087668074,-5611.022087668074,-5611.022087668074,-1687.123237773375,-1687.123237773375,-1687.123237773375,0.0,0.0,0.0,16481.02229510021
2010-01-18,23775.925076271807,13677.4097443506,40796.13269780132,23775.925076271807,23775.925076271807,3525.9208589728632,3525.9208589728632,3525.9208589728632,5481.851792067278,5481.851792067278,5481.851792067278,-1955.9309330944159,-1955.9309330944159,-1955.9309330944159,0.0,0.0,0.0,27301.84593524467
2010-01-19,23772.682532001956,15709.09546816594,43314.58463009892,23772.682532001956,23772.682532001956,6017.461049249414,6017.461049249414,6017.461049249414,8360.08843999178,8360.08843999178,8360.08843999178,-2342.627390742365,-2342.627390742365,-2342.627390742365,0.0,0.0,0.0,29790.14358125137
2010-01-20,23769.439987732105,11860.973232628636,38972.39766835086,23769.439987732105,23769.439987732105,1859.139512493902,1859.139512493902,1859.139512493902,4695.451677102661,4695.451677102661,4695.451677102661,-2836.3121646087598,-2836.3121646087598,-2836.3121646087598,0.0,0.0,0.0,25628.579500226006
2010-01-21,23766.197443462253,19797.914169114043,45990.662675155145,23766.197443462253,23766.197443462253,9186.183809785727,9186.183809785727,9186.183809785727,12609.718154175685,12609.718154175685,12609.718154175685,-3423.5343443899587,-3423.5343443899587,-3423.5343443899587,0.0,0.0,0.0,32952.38125324798
2010-01-22,23762.954899192402,9212.996925098576,35640.05352455798,23762.954899192402,23762.954899192402,-1725.4260976345017,-1725.4260976345017,-1725.4260976345017,2363.245306447754,2363.245306447754,2363.245306447754,-4088.6714040822567,-4088.6714040822567,-4088.6714040822567,0.0,0.0,0.0,22037.5288015579
2010-01-24,23756.469783718436,-1110.754058783983,26206.287100703226,23756.469783718436,23756.469783718436,-11192.990552595305,-11192.990552595305,-11192.990552595305,-5611.022087654363,-5611.022087654363,-5611.022087654363,-5581.968464940943,-5581.968464940943,-5581.968464940943,0.0,0.0,0.0,12563.47923112313
2010-01-25,23753.22722598145,8952.0344480638,35998.820793795894,23753.22722598145,23753.22722598145,-890.2421441903366,-890.2421441903366,-890.2421441903366,5481.851792077418,5481.851792077418,5481.851792077418,-6372.093936267755,-6372.093936267755,-6372.093936267755,0.0,0.0,0.0,22862.985081791114
2010-01-26,23749.984668244466,12087.476265517427,38533.443134363464,23749.984668244466,23749.984668244466,1195.010552894115,1195.010552894115,1195.010552894115,8360.08843997823,8360.08843997823,8360.08843997823,-7165.077887084114,-7165.077887084114,-7165.077887084114,0.0,0.0,0.0,24944.995221138583
2010-01-27,23746.742110507483,7207.409597480053,33415.47571027472,23746.742110507483,23746.742110507483,-3246.067419529498,-3246.067419529498,-3246.067419529498,4695.451677062581,4695.451677062581,4695.451677062581,-7941.519096592079,-7941.519096592079,-7941.519096592079,0.0,0.0,0.0,20500.674690977983
2010-01-28,23743.4995527705,15043.409932688272,40926.20059032681,23743.4995527705,23743.4995527705,3926.9434788925396,3926.9434788925396,3926.9434788925396,12609.71815420146,12609.71815420146,12609.71815420146,-8682.77467530892,-8682.77467530892,-8682.77467530892,0.0,0.0,0.0,27670.44303166304
2010-01-29,23740.256995033513,3421.510969272667,31001.876516355984,23740.256995033513,23740.256995033513,-7008.189120859716,-7008.189120859716,-7008.189120859716,2363.2453064331075,2363.2453064331075,2363.2453064331075,-9371.434427292823,-9371.434427292823,-9371.434427292823,0.0,0.0,0.0,16732.067874173797
2010-01-31,23733.771879559547,-5311.248481120875,20501.263854159675,23733.771879559547,23733.771879559547,-16141.073462166236,-16141.073462166236,-16141.073462166236,-5611.022087632005,-5611.022087632005,-5611.022087632005,-10530.051374534232,-10530.051374534232,-10530.051374534232,0.0,0.0,0.0,7592.698417393311
2010-02-01,23730.529321822563,4953.4900292180455,33305.474340525245,23730.529321822563,23730.529321822563,-5493.157293148187,-5493.157293148187,-5493.157293148187,5481.851792087559,5481.851792087559,5481.851792087559,-10975.009085235746,-10975.009085235746,-10975.009085235746,0.0,0.0,0.0,18237.372028674377
2010-02-02,23727.28676408558,7765.174707097846,35088.38343055986,23727.28676408558,23727.28676408558,-2957.865042787229,-2957.865042787229,-2957.865042787229,8360.088440013564,8360.088440013564,8360.088440013564,-11317.953482800793,-11317.953482800793,-11317.953482800793,0.0,0.0,0.0,20769.42172129835
2010-02-03,23724.044206348597,3644.0874889554434,30094.145656434623,23724.044206348597,23724.044206348597,-6857.573590518506,-6857.573590518506,-6857.573590518506,4695.451677077719,4695.451677077719,4695.451677077719,-11553.025267596224,-11553.025267596224,-11553.025267596224,0.0,0.0,0.0,16866.47061583009
2010-02-04,23720.801648611614,11389.808046474549,37855.65619016046,23720.801648611614,23720.801648611614,932.4333250659864,932.4333250659864,932.4333250659864,12609.718154159724,12609.718154159724,12609.718154159724,-11677.284829093738,-11677.284829093738,-11677.284829093738,0.0,0.0,0.0,24653.2349736776
2010-02-05,23717.559090874627,1864.0717026294187,26994.37438534043,23717.559090874627,23717.559090874627,-9327.489214382531,-9327.489214382531,-9327.489214382531,2363.2453064184615,2363.2453064184615,2363.2453064184615,-11690.734520800994,-11690.734520800994,-11690.734520800994,0.0,0.0,0.0,14390.069876492096
2010-02-07,23711.07397540066,-7549.1092440009115,19853.20520997102,23711.07397540066,23711.07397540066,-17010.518144900227,-17010.518144900227,-17010.518144900227,-5611.02208766202,-5611.02208766202,-5611.02208766202,-11399.496057238208,-11399.496057238208,-11399.496057238208,0.0,0.0,0.0,6700.555830500434
2010-02-08,23707.831417663678,5133.333833684177,31934.597889420438,23707.831417663678,23707.831417663678,-5626.761012720378,-5626.761012720378,-5626.761012720378,5481.85179206246,5481.85179206246,5481.85179206246,-11108.612804782839,-11108.612804782839,-11108.612804782839,0.0,0.0,0.0,18081.0704049433
2010-02-09,23704.58885992669,8439.263617576245,34739.78371296279,23704.58885992669,23704.58885992669,-2373.9550520835255,-2373.9550520835255,-2373.9550520835255,8360.088440000012,8360.088440000012,8360.088440000012,-10734.043492083538,-10734.043492083538,-10734.043492083538,0.0,0.0,0.0,21330.633807843165
2010-02-10,23701.34630218971,4137.409207013147,31174.15117471472,23701.34630218971,23701.34630218971,-5592.69609619706,-5592.69609619706,-5592.69609619706,4695.451677056583,4695.451677056583,4695.451677056583,-10288.147773253642,-10288.147773253642,-10288.147773253642,0.0,0.0,0.0,18108.65020599265
2010-02-11,23698.103744452725,13217.873377576467,39041.98037955821,23698.103744452725,23698.103744452725,2824.8889487134866,2824.8889487134866,2824.8889487134866,12609.718154186681,12609.718154186681,12609.718154186681,-9784.829205473196,-9784.829205473196,-9784.829205473196,0.0,0.0,0.0,26522.992693166212
2010-02-12,23694.861186715745,3276.037813630425,30197.732295683512,23694.861186715745,23694.861186715745,-6875.87001811911,-6875.87001811911,-6875.87001811911,2363.2453064038123,2363.2453064038123,2363.2453064038123,-9239.115324522922,-9239.115324522922,-9239.115324522922,0.0,0.0,0.0,16818.991168596636
2010-02-14,23688.37607098602,-3730.2676164863915,23488.260297453435,23688.37607098602,23688.37607098602,-13694.573452695928,-13694.573452695928,-13694.573452695928,-5611.022087643985,-5611.022087643985,-5611.022087643985,-8083.551365051942,-8083.551365051942,-8083.551365051942,0.0,0.0,0.0,9993.802618290094
2010-02-15,23685.13351312116,8384.23741111538,35142.249332842635,23685.13351312116,23685.13351312116,-2023.47508356989,-2023.47508356989,-2023.47508356989,5481.851792092207,5481.851792092207,5481.851792092207,-7505.326875662096,-7505.326875662096,-7505.326875662096,0.0,0.0,0.0,21661.65842955127
2010-02-16,23681.8909552563,12169.21093505636,38967.296270016166,23681.8909552563,23681.8909552563,1413.0275976080632,1413.0275976080632,1413.0275976080632,8360.088439973328,8360.088439973328,8360.088439973328,-6947.060842365263,-6947.060842365263,-6947.060842365263,0.0,0.0,0.0,25094.91855286436
2010-02-17,23678.64839739144,8905.659382676027,35601.32146643639,23678.64839739144,23678.64839739144,-1727.2326777760409,-1727.2326777760409,-1727.2326777760409,4695.451677107993,4695.451677107993,4695.451677107993,-6422.684354884034,-6422.684354884034,-6422.684354884034,0.0,0.0,0.0,21951.415719615397
2010-02-18,23675.40583952658,16997.81630569122,43122.606259349726,23675.40583952658,23675.40583952658,6665.057558145905,6665.057558145905,6665.057558145905,12609.718154212454,12609.718154212454,12609.718154212454,-5944.660596066551,-5944.660596066551,-5944.660596066551,0.0,0.0,0.0,30340.463397672484
2010-02-19,23672.163281661713,7161.874370583385,33326.968494055625,23672.163281661713,23672.163281661713,-3160.4100916009306,-3160.4100916009306,-3160.4100916009306,2363.245306419939,2363.245306419939,2363.245306419939,-5523.655398020869,-5523.655398020869,-5523.655398020869,0.0,0.0,0.0,20511.753190060783
2010-02-21,23665.67816593199,22.826798112696302,25884.14404444894,23665.67816593199,23665.67816593199,-10495.829202358942,-10495.829202358942,-10495.829202358942,-5611.022087621627,-5611.022087621627,-5611.022087621627,-4884.807114737316,-4884.807114737316,-4884.807114737316,0.0,0.0,0.0,13169.848963573048
2010-02-22,23662.435608067128,11068.606346739398,37579.50587562916,23662.435608067128,23662.435608067128,804.6680224222014,804.6680224222014,804.6680224222014,5481.851792082741,5481.851792082741,5481.851792082741,-4677.183769660539,-4677.183769660539,-4677.183769660539,0.0,0.0,0.0,24467.103630489328
2010-02-23,23659.19305020227,13679.016581624444,40291.511841423075,23659.19305020227,23659.19305020227,3813.274613063099,3813.274613063099,3813.274613063099,8360.088439977646,8360.088439977646,8360.088439977646,-4546.813826914547,-4546.813826914547,-4546.813826914547,0.0,0.0,0.0,27472.467663265368
2010-02-24,23655.950492337408,9579.687979430644,36728.075424377406,23655.950492337408,23655.950492337408,202.8100567930733,202.8100567930733,202.8100567930733,4695.451677067913,4695.451677067913,4695.451677067913,-4492.64162027484,-4492.64162027484,-4492.64162027484,0.0,0.0,0.0,23858.760549130482
2010-02-25,23652.707934472546,18021.850627972955,44609.956690295636,23652.707934472546,23652.707934472546,8098.500667017242,8098.500667017242,8098.500667017242,12609.718154205068,12609.718154205068,12609.718154205068,-4511.217487187824,-4511.217487187824,-4511.217487187824,0.0,0.0,0.0,31751.208601489787
2010-02-26,23649.465376607684,8685.8684695905,34728.21492518358,23649.465376607684,23649.465376607684,-2233.6028350821243,-2233.6028350821243,-2233.6028350821243,2363.245306430914,2363.245306430914,2363.245306430914,-4596.848141513038,-4596.848141513038,-4596.848141513038,0.0,0.0,0.0,21415.86254152556
2010-02-28,23642.98026087796,345.25499771542957,25606.682782210937,23642.98026087796,23642.98026087796,-10547.6519780193,-10547.6519780193,-10547.6519780193,-5611.022087607917,-5611.022087607917,-5611.022087607917,-4936.629890411385,-4936.629890411385,-4936.629890411385,0.0,0.0,0.0,13095.328282858662
2010-03-01,23639.737703013103,11187.847762014322,37438.666797682185,23639.737703013103,23639.737703013103,311.46131961230486,311.46131961230486,311.46131961230486,5481.851792057637,5481.851792057637,5481.851792057637,-5170.390472445332,-5170.390472445332,-5170.390472445332,0.0,0.0,0.0,23951.19902262541
2010-03-02,23636.49514514824,13013.729982970193,40008.470335730686,23636.49514514824,23636.49514514824,2928.9811441036377,2928.9811441036377,2928.9811441036377,8360.088439995106,8360.088439995106,8360.088439995106,-5431.107295891468,-5431.107295891468,-5431.107295891468,0.0,0.0,0.0,26565.476289251877
2010-03-03,23633.25258728338,10015.419781054632,36431.28290341765,23633.25258728338,23633.25258728338,-1010.6579830004215,-1010.6579830004215,-1010.6579830004215,4695.451677083049,4695.451677083049,4695.451677083049,-5706.10966008347,-5706.10966008347,-5706.10966008347,0.0,0.0,0.0,22622.594604282956
2010-03-04,23630.010029418518,17896.57950826512,43357.31694664918,23630.010029418518,23630.010029418518,6627.270502288678,6627.270502288678,6627.270502288678,12609.718154232025,12609.718154232025,12609.718154232025,-5982.4476519433465,-5982.4476519433465,-5982.4476519433465,0.0,0.0,0.0,30257.280531707194
2010-03-05,23626.767471553656,6113.4179640739685,33127.25188755931,23626.767471553656,23626.767471553656,-3884.0565586181365,-3884.0565586181365,-3884.0565586181365,2363.24530644704,2363.24530644704,2363.24530644704,-6247.301865065176,-6247.301865065176,-6247.301865065176,0.0,0.0,0.0,19742.71091293552
2010-03-07,23620.282352093574,-1060.4954543329375,25282.65226577494,23620.282352093574,23620.282352093574,-12305.347343283895,-12305.347343283895,-12305.347343283895,-5611.022087637932,-5611.022087637932,-5611.022087637932,-6694.325255645964,-6694.325255645964,-6694.325255645964,0.0,0.0,0.0,11314.93500880968
2010-03-08,23617.039792363532,8669.92717093928,35296.94576628684,23617.039792363532,23617.039792363532,-1373.163203253801,-1373.163203253801,-1373.163203253801,5481.85179206778,5481.85179206778,5481.85179206778,-6855.0149953215805,-6855.0149953215805,-6855.0149953215805,0.0,0.0,0.0,22243.876589109732
2010-03-09,23613.797232633493,12500.052623360296,39700.59237501437,23613.797232633493,23613.797232633493,1398.1651310102643,1398.1651310102643,1398.1651310102643,8360.088439981562,8360.088439981562,8360.088439981562,-6961.923308971297,-6961.923308971297,-6961.923308971297,0.0,0.0,0.0,25011.962363643757
2010-03-10,23610.55467290345,7861.792463213715,34164.45974346066,23610.55467290345,23610.55467290345,-2312.9029843616263,-2312.9029843616263,-2312.9029843616263,4695.451677098186,4695.451677098186,4695.451677098186,-7008.354661459813,-7008.354661459813,-7008.354661459813,0.0,0.0,0.0,21297.651688541824
2010-03-11,23607.31211317341,16011.108475962006,42366.87607415681,23607.31211317341,23607.31211317341,5620.066651740672,5620.066651740672,5620.066651740672,12609.71815419029,12609.71815419029,12609.71815419029,-6989.6515024496175,-6989.6515024496175,-6989.6515024496175,0.0,0.0,0.0,29227.378764914083
2010-03-12,23604.06955344337,5521.974869186152,32408.25298442742,23604.06955344337,23604.06955344337,-4540.088060162538,-4540.088060162538,-4540.088060162538,2363.2453065144086,2363.2453065144086,2363.2453065144086,-6903.333366676947,-6903.333366676947,-6903.333366676947,0.0,0.0,0.0,19063.98149328083
2010-03-14,23597.584433983287,-1442.5393203319463,25035.2848333243,23597.584433983287,23597.584433983287,-12140.20114217632,-12140.20114217632,-12140.20114217632,-5611.022087619895,-5611.022087619895,-5611.022087619895,-6529.179054556424,-6529.179054556424,-6529.179054556424,0.0,0.0,0.0,11457.383291806967
2010-03-15,23594.341874253245,10206.46437655757,35307.88563393689,23594.341874253245,23594.341874253245,-765.719709611838,-765.719709611838,-765.719709611838,5481.851792062289,5481.851792062289,5481.851792062289,-6247.571501674127,-6247.571501674127,-6247.571501674127,0.0,0.0,0.0,22828.622164641405
2010-03-16,23591.099314523206,13598.867168994911,39240.223393477754,23591.099314523206,23591.099314523206,2449.4796404469917,2449.4796404469917,2449.4796404469917,8360.088439999021,8360.088439999021,8360.088439999021,-5910.608799552028,-5910.608799552028,-5910.608799552028,0.0,0.0,0.0,26040.5789549702
2010-03-17,23587.856754793163,9550.426473357598,37048.55751668896,23587.856754793163,23587.856754793163,-830.9625417913559,-830.9625417913559,-830.9625417913559,4695.451677094377,4695.451677094377,4695.451677094377,-5526.414218885733,-5526.414218885733,-5526.414218885733,0.0,0.0,0.0,22756.894213001808
2010-03-18,23584.614195063124,18563.36997245929,45622.58972810354,23584.614195063124,23584.614195063124,7504.996741503038,7504.996741503038,7504.996741503038,12609.718154216063,12609.718154216063,12609.718154216063,-5104.721412713025,-5104.721412713025,-5104.721412713025,0.0,0.0,0.0,31089.61093656616
2010-03-19,23581.371635333082,8703.374371231235,34862.94564485381,23581.371635333082,23581.371635333082,-2293.330211672984,-2293.330211672984,-2293.330211672984,2363.24530647414,2363.24530647414,2363.24530647414,-4656.575518147125,-4656.575518147125,-4656.575518147125,0.0,0.0,0.0,21288.0414236601
2010-03-21,23574.886515873,527.6059007791827,27463.60129942178,23574.886515873,23574.886515873,-9340.62474460472,-9340.62474460472,-9340.62474460472,-5611.022087601862,-5611.022087601862,-5611.022087601862,-3729.602657002858,-3729.602657002858,-3729.602657002858,0.0,0.0,0.0,14234.26177126828
2010-03-22,23571.64395614296,12408.65391866203,39524.331343727754,23571.64395614296,23571.64395614296,2205.609697732213,2205.609697732213,2205.609697732213,5481.851792076404,5481.851792076404,5481.851792076404,-3276.242094344192,-3276.242094344192,-3276.242094344192,0.0,0.0,0.0,25777.253653875174
2010-03-23,23568.40139641292,16237.39386298723,43081.72977632791,23568.40139641292,23568.40139641292,5513.506070941283,5513.506070941283,5513.506070941283,8360.088439972335,8360.088439972335,8360.088439972335,-2846.582369031051,-2846.582369031051,-2846.582369031051,0.0,0.0,0.0,29081.9074673542
2010-03-24,23565.15883668288,12202.506271778648,38328.52011565022,23565.15883668288,23565.15883668288,2242.7203666452297,2242.7203666452297,2242.7203666452297,4695.4516770732425,4695.4516770732425,4695.4516770732425,-2452.7313104280124,-2452.7313104280124,-2452.7313104280124,0.0,0.0,0.0,25807.87920332811
2010-03-25,23561.916276952838,20675.75668782691,46922.771610882366,23561.916276952838,23561.916276952838,10503.854414957557,10503.854414957557,10503.854414957557,12609.718154208675,12609.718154208675,12609.718154208675,-2105.8637392511177,-2105.8637392511177,-2105.8637392511177,0.0,0.0,0.0,34065.770691910395
2010-03-26,23558.6737172228,10605.14614523991,38984.963919205984,23558.6737172228,23558.6737172228,547.3679588899031,547.3679588899031,547.3679588899031,2363.245306433874,2363.245306433874,2363.245306433874,-1815.8773475439707,-1815.8773475439707,-1815.8773475439707,0.0,0.0,0.0,24106.0416761127
2010-03-28,23552.188597762717,3118.1163736728613,30335.83376173957,23552.188597762717,23552.188597762717,-7048.982665813117,-7048.982665813117,-7048.982665813117,-5611.022087636196,-5611.022087636196,-5611.022087636196,-1437.9605781769205,-1437.9605781769205,-1437.9605781769205,0.0,0.0,0.0,16503.2059319496
2010-03-29,23548.946036184832,14961.221234762794,40757.93111088853,23548.946036184832,23548.946036184832,4120.930021689766,4120.930021689766,4120.930021689766,5481.851792066936,5481.851792066936,5481.851792066936,-1360.921770377168,-1360.921770377168,-1360.921770377168,0.0,0.0,0.0,27669.8760578746
2010-03-30,23545.703474606948,16880.98337079111,43940.18912024601,23545.703474606948,23545.703474606948,6997.892179243045,6997.892179243045,6997.892179243045,8360.088439989795,8360.088439989795,8360.088439989795,-1362.1962607467499,-1362.1962607467499,-1362.1962607467499,0.0,0.0,0.0,30543.595653849992
2010-03-31,23542.46091302906,13464.36517197299,40814.9884841894,23542.46091302906,23542.46091302906,3253.7165112888,3253.7165112888,3253.7165112888,4695.45167708838,4695.45167708838,4695.45167708838,-1441.73516579958,-1441.73516579958,-1441.73516579958,0.0,0.0,0.0,26796.17742431786
2010-04-01,23539.218351451174,21767.252602555072,47438.74639767559,23539.218351451174,23539.218351451174,11012.517828773412,11012.517828773412,11012.517828773412,12609.718154200104,12609.718154200104,12609.718154200104,-1597.2003254266906,-1597.2003254266906,-1597.2003254266906,0.0,0.0,0.0,34551.73618022459
2010-04-06,23523.00554356175,15172.200969725338,42151.94150492494,23523.00554356175,23523.00554356175,5076.6370181167795,5076.6370181167795,5076.6370181167795,8360.088440007257,8360.088440007257,8360.088440007257,-3283.451421890477,-3283.451421890477,-3283.451421890477,0.0,0.0,0.0,28599.64256167853
2010-04-07,23519.762981983866,11423.597904338349,38617.08340013957,23519.762981983866,23519.762981983866,963.6160315366795,963.6160315366795,963.6160315366795,4695.451677067247,4695.451677067247,4695.451677067247,-3731.835645530567,-3731.835645530567,-3731.835645530567,0.0,0.0,0.0,24483.379013520545
2010-04-08,23516.52042040598,18504.630130135123,44984.956283463194,23516.52042040598,23516.52042040598,8421.850897102195,8421.850897102195,8421.850897102195,12609.718154191529,12609.718154191529,12609.718154191529,-4187.867257089336,-4187.867257089336,-4187.867257089336,0.0,0.0,0.0,31938.371317508176
2010-04-09,23513.277858828096,8423.999248243736,34489.57374037653,23513.277858828096,23513.277858828096,-2274.441987066568,-2274.441987066568,-2274.441987066568,2363.2453064609726,2363.2453064609726,2363.2453064609726,-4637.6872935275405,-4637.6872935275405,-4637.6872935275405,0.0,0.0,0.0,21238.835871761527
2010-04-11,23506.792735672327,442.3899141873641,27310.862556237204,23506.792735672327,23506.792735672327,-11074.974265657293,-11074.974265657293,-11074.974265657293,-5611.022087595805,-5611.022087595805,-5611.022087595805,-5463.952178061485,-5463.952178061485,-5463.952178061485,0.0,0.0,0.0,12431.818470015034
2010-04-12,23503.550174094442,10263.222294155257,37098.052125186085,23503.550174094442,23503.550174094442,-332.68809187673475,-332.68809187673475,-332.68809187673475,5481.8517920676095,5481.8517920676095,5481.8517920676095,-5814.539883944344,-5814.539883944344,-5814.539883944344,0.0,0.0,0.0,23170.862082217707
2010-04-13,23500.307612516557,11926.539613171826,39149.400460577184,23500.307612516557,23500.307612516557,2252.1497695023554,2252.1497695023554,2252.1497695023554,8360.088439980567,8360.088439980567,8360.088439980567,-6107.938670478213,-6107.938670478213,-6107.938670478213,0.0,0.0,0.0,25752.45738201891
2010-04-14,23497.065050938672,7904.851347619247,35926.62190581873,23497.065050938672,23497.065050938672,-1638.8882592010275,-1638.8882592010275,-1638.8882592010275,4695.451677099708,4695.451677099708,4695.451677099708,-6334.339936300736,-6334.339936300736,-6334.339936300736,0.0,0.0,0.0,21858.176791737646
2010-04-15,23493.822489360788,16046.469038272638,43090.05504087992,23493.822489360788,23493.822489360788,6123.989747353287,6123.989747353287,6123.989747353287,12609.71815418414,12609.71815418414,12609.71815418414,-6485.728406830853,-6485.728406830853,-6485.728406830853,0.0,0.0,0.0,29617.812236714075
2010-04-16,23490.579927782903,5947.579645191432,32296.794531788695,23490.579927782903,23490.579927782903,-4192.865996376882,-4192.865996376882,-4192.865996376882,2363.2453064463257,2363.2453064463257,2363.2453064463257,-6556.111302823207,-6556.111302823207,-6556.111302823207,0.0,0.0,0.0,19297.71393140602
2010-04-18,23484.09480462713,-1363.5034701907332,24677.120260107247,23484.09480462713,23484.09480462713,-12051.991603264818,-12051.991603264818,-12051.991603264818,-5611.022087682516,-5611.022087682516,-5611.022087682516,-6440.969515582302,-6440.969515582302,-6440.969515582302,0.0,0.0,0.0,11432.103201362312
2010-04-19,23480.85224304924,8928.165272415034,37382.19702391765,23480.85224304924,23480.85224304924,-772.9504692455092,-772.9504692455092,-772.9504692455092,5481.851792062116,5481.851792062116,5481.851792062116,-6254.8022613076255,-6254.8022613076255,-6254.8022613076255,0.0,0.0,0.0,22707.901773803733
2010-04-20,23477.609681471356,13040.37133054381,39808.10824436195,23477.609681471356,23477.609681471356,2373.7226242390475,2373.7226242390475,2373.7226242390475,8360.08843999803,8360.08843999803,8360.08843999803,-5986.365815758982,-5986.365815758982,-5986.365815758982,0.0,0.0,0.0,25851.332305710403
2010-04-21,23474.36711989347,10210.926352664217,35804.56290450186,23474.36711989347,23474.36711989347,-945.6229412158325,-945.6229412158325,-945.6229412158325,4695.451677078575,4695.451677078575,4695.451677078575,-5641.074618294407,-5641.074618294407,-5641.074618294407,0.0,0.0,0.0,22528.74417867764
2010-04-22,23471.124559484975,17296.946321165975,44259.239968897586,23471.124559484975,23471.124559484975,7383.289356168398,7383.289356168398,7383.289356168398,12609.718154176751,12609.718154176751,12609.718154176751,-5226.428798008354,-5226.428798008354,-5226.428798008354,0.0,0.0,0.0,30854.41391565337
2010-04-23,23467.88199907648,7395.204106607148,33980.654652290104,23467.88199907648,23467.88199907648,-2388.559144789013,-2388.559144789013,-2388.559144789013,2363.2453064060574,2363.2453064060574,2363.2453064060574,-4751.80445119507,-4751.80445119507,-4751.80445119507,0.0,0.0,0.0,21079.322854287464
2010-04-25,23461.39687825948,962.2569325075269,28762.401333705635,23461.39687825948,23461.39687825948,-9278.909264879663,-9278.909264879663,-9278.909264879663,-5611.0220876688045,-5611.0220876688045,-5611.0220876688045,-3667.8871772108578,-3667.8871772108578,-3667.8871772108578,0.0,0.0,0.0,14182.487613379815
2010-04-26,23458.154317850982,11655.064814902364,39006.61959895794,23458.154317850982,23458.154317850982,2397.6989206595053,2397.6989206595053,2397.6989206595053,5481.851792072258,5481.851792072258,5481.851792072258,-3084.1528714127526,-3084.1528714127526,-3084.1528714127526,0.0,0.0,0.0,25855.853238510488
2010-04-27,23454.91175744248,16398.05435998863,42493.85046669187,23454.91175744248,23454.91175744248,5869.242230503631,5869.242230503631,5869.242230503631,8360.08843998448,8360.08843998448,8360.08843998448,-2490.8462094808483,-2490.8462094808483,-2490.8462094808483,0.0,0.0,0.0,29324.153987946112
2010-04-28,23451.66919703398,12609.98448335094,39051.5417008461,23451.66919703398,23451.66919703398,2793.4146462037697,2793.4146462037697,2793.4146462037697,4695.451677111035,4695.451677111035,4695.451677111035,-1902.0370309072655,-1902.0370309072655,-1902.0370309072655,0.0,0.0,0.0,26245.08384323775
2010-04-29,23448.426636625485,22072.719193216963,48060.283464610104,23448.426636625485,23448.426636625485,11278.098704204507,11278.098704204507,11278.098704204507,12609.718154202528,12609.718154202528,12609.718154202528,-1331.6194499980204,-1331.6194499980204,-1331.6194499980204,0.0,0.0,0.0,34726.52534082999
2010-04-30,23445.18407621699,12336.307235041695,37978.48375823189,23445.18407621699,23445.18407621699,1570.3145996812696,1570.3145996812696,1570.3145996812696,2363.2453064478045,2363.2453064478045,2363.2453064478045,-792.9307067665352,-792.9307067665352,-792.9307067665352,0.0,0.0,0.0,25015.49867589826
2010-05-02,23438.69895539999,4929.1557687269005,31428.30093844355,23438.69895539999,23438.69895539999,-5470.173663080338,-5470.173663080338,-5470.173663080338,-5611.0220876464455,-5611.0220876464455,-5611.0220876464455,140.8484245661085,140.8484245661085,140.8484245661085,0.0,0.0,0.0,17968.52529231965
2010-05-04,23432.21383458299,19890.469428226632,46000.6619913918,23432.21383458299,23432.21383458299,9176.865664510631,9176.865664510631,9176.865664510631,8360.08844000194,8360.08844000194,8360.08844000194,816.7772245086894,816.7772245086894,816.7772245086894,0.0,0.0,0.0,32609.079499093623
2010-05-05,23428.97127417449,16947.423391139535,42857.45024980733,23428.97127417449,23428.97127417449,5735.325127861955,5735.325127861955,5735.325127861955,4695.451677070955,4695.451677070955,4695.451677070955,1039.873450790999,1039.873450790999,1039.873450790999,0.0,0.0,0.0,29164.296402036445
2010-05-06,23425.728713765995,24253.8875348527,50094.50156431501,23425.728713765995,23425.728713765995,13790.529235838738,13790.529235838738,13790.529235838738,12609.71815416079,12609.71815416079,12609.71815416079,1180.8110816779465,1180.8110816779465,1180.8110816779465,0.0,0.0,0.0,37216.25794960473
2010-05-07,23422.4861533575,13820.303013625338,40078.44525190033,23422.4861533575,23422.4861533575,3601.4144102672644,3601.4144102672644,3601.4144102672644,2363.245306433158,2363.245306433158,2363.245306433158,1238.1691038341069,1238.1691038341069,1238.1691038341069,0.0,0.0,0.0,27023.900563624764
2010-05-09,23416.0010325405,5324.703573101872,31873.44995014906,23416.0010325405,23416.0010325405,-4503.392243270385,-4503.392243270385,-4503.392243270385,-5611.022087628414,-5611.022087628414,-5611.022087628414,1107.629844358029,1107.629844358029,1107.629844358029,0.0,0.0,0.0,18912.608789270114
2010-05-10,23412.758472132,16365.432179305308,42602.04456564865,23412.758472132,23412.758472132,6409.704827121258,6409.704827121258,6409.704827121258,5481.8517920572995,5481.8517920572995,5481.8517920572995,927.8530350639579,927.8530350639579,927.8530350639579,0.0,0.0,0.0,29822.46329925326
2010-05-11,23409.5159117235,18897.577721067915,44927.44102214689,23409.5159117235,23409.5159117235,9040.548294889308,9040.548294889308,9040.548294889308,8360.088440006262,8360.088440006262,8360.088440006262,680.4598548830451,680.4598548830451,680.4598548830451,0.0,0.0,0.0,32450.06420661281
2010-05-12,23406.273351315,15912.23874511844,41861.037095854444,23406.273351315,23406.273351315,5069.619145871361,5069.619145871361,5069.619145871361,4695.45167704982,4695.45167704982,4695.45167704982,374.16746882154,374.16746882154,374.16746882154,0.0,0.0,0.0,28475.892497186363
2010-05-13,23403.030790906505,22474.597228528142,49132.047362962556,23403.030790906505,23403.030790906505,12628.840023218221,12628.840023218221,12628.840023218221,12609.718154187747,12609.718154187747,12609.718154187747,19.121869030472265,19.121869030472265,19.121869030472265,0.0,0.0,0.0,36031.870814124726
2010-05-14,23399.7882270997,11332.361529089048,38605.556399081775,23399.7882270997,23399.7882270997,1989.837184789252,1989.837184789252,1989.837184789252,2363.245306418512,2363.245306418512,2363.245306418512,-373.40812162925977,-373.40812162925977,-373.40812162925977,0.0,0.0,0.0,25389.625411888952
2010-05-16,23393.30309948609,2655.1226812115806,30478.192471662594,23393.30309948609,23393.30309948609,-6833.285012327862,-6833.285012327862,-6833.285012327862,-5611.022087658426,-5611.022087658426,-5611.022087658426,-1222.2629246694362,-1222.2629246694362,-1222.2629246694362,0.0,0.0,0.0,16560.018087158227
2010-05-17,23390.060535679288,14260.800795728599,39924.8983397166,23390.060535679288,23390.060535679288,3828.311686819306,3828.311686819306,3828.311686819306,5481.851792087045,5481.851792087045,5481.851792087045,-1653.5401052677391,-1653.5401052677391,-1653.5401052677391,0.0,0.0,0.0,27218.372222498594
2010-05-18,23386.817971872482,17040.907876360678,43847.378157102925,23386.817971872482,23386.817971872482,6287.156166031679,6287.156166031679,6287.156166031679,8360.088439992713,8360.088439992713,8360.088439992713,-2072.932273961034,-2072.932273961034,-2072.932273961034,0.0,0.0,0.0,29673.974137904162
2010-05-19,23383.575408065677,12455.048089229713,37853.33109309019,23383.575408065677,23383.575408065677,2226.6344996630296,2226.6344996630296,2226.6344996630296,4695.451677101229,4695.451677101229,4695.451677101229,-2468.817177438199,-2468.817177438199,-2468.817177438199,0.0,0.0,0.0,25610.209907728706
2010-05-20,23380.33284425887,21129.64831981169,47048.28785454998,23380.33284425887,23380.33284425887,9779.174334675583,9779.174334675583,9779.174334675583,12609.718154180358,12609.718154180358,12609.718154180358,-2830.5438195047755,-2830.5438195047755,-2830.5438195047755,0.0,0.0,0.0,33159.50717893445
2010-05-21,23377.090280452067,9036.823143235948,35629.02940898545,23377.090280452067,23377.090280452067,-785.4839029246777,-785.4839029246777,-785.4839029246777,2363.2453064346364,2363.2453064346364,2363.2453064346364,-3148.729209359314,-3148.729209359314,-3148.729209359314,0.0,0.0,0.0,22591.606377527387
2010-05-23,23370.60515283846,1376.757519716501,28673.100180108675,23370.60515283846,23370.60515283846,-9235.801782149554,-9235.801782149554,-9235.801782149554,-5611.022087636068,-5611.022087636068,-5611.022087636068,-3624.7796945134864,-3624.7796945134864,-3624.7796945134864,0.0,0.0,0.0,14134.803370688905
2010-05-24,23367.362589031654,12434.426744106206,38781.28007484842,23367.362589031654,23367.362589031654,1709.55951492609,1709.55951492609,1709.55951492609,5481.85179207758,5481.85179207758,5481.85179207758,-3772.29227715149,-3772.29227715149,-3772.29227715149,0.0,0.0,0.0,25076.922103957746
2010-05-25,23364.12002522485,14832.765601754329,41004.71435088101,23364.12002522485,23364.12002522485,4504.271270175101,4504.271270175101,4504.271270175101,8360.088439979167,8360.088439979167,8360.088439979167,-3855.8171698040655,-3855.8171698040655,-3855.8171698040655,0.0,0.0,0.0,27868.39129539995
2010-05-26,23360.877461418044,11390.358466277132,37010.013589507886,23360.877461418044,23360.877461418044,820.2976689493102,820.2976689493102,820.2976689493102,4695.45167706115,4695.45167706115,4695.45167706115,-3875.15400811184,-3875.15400811184,-3875.15400811184,0.0,0.0,0.0,24181.175130367355
2010-05-27,23357.634897611242,19342.67981997835,46089.34954111362,23357.634897611242,23357.634897611242,8777.598208082478,8777.598208082478,8777.598208082478,12609.718154206135,12609.718154206135,12609.718154206135,-3832.1199461236565,-3832.1199461236565,-3832.1199461236565,0.0,0.0,0.0,32135.23310569372
2010-05-28,23354.392333804433,8586.095500128326,35389.43269880724,23354.392333804433,23354.392333804433,-1367.2274086231714,-1367.2274086231714,-1367.2274086231714,2363.2453064456113,2363.2453064456113,2363.2453064456113,-3730.472715068783,-3730.472715068783,-3730.472715068783,0.0,0.0,0.0,21987.164925181263
2010-05-30,23347.907206190826,1546.0156145743515,27891.94404546222,23347.907206190826,23347.907206190826,-8986.244656560584,-8986.244656560584,-8986.244656560584,-5611.022087622357,-5611.022087622357,-5611.022087622357,-3375.22256893823,-3375.22256893823,-3375.22256893823,0.0,0.0,0.0,14361.662549630242
2010-06-01,23341.422078577216,15917.485191950987,42602.87261195518,23341.422078577216,23341.422078577216,5488.112502463273,5488.112502463273,5488.112502463273,8360.088440001355,8360.088440001355,8360.088440001355,-2871.975937538082,-2871.975937538082,-2871.975937538082,0.0,0.0,0.0,28829.53458104049
2010-06-02,23338.17951477041,11821.561778244959,38749.729818209475,23338.17951477041,23338.17951477041,2105.939242234778,2105.939242234778,2105.939242234778,4695.451677076286,4695.451677076286,4695.451677076286,-2589.512434841508,-2589.512434841508,-2589.512434841508,0.0,0.0,0.0,25444.118757005188
2010-06-03,23334.93695096361,19711.75697869348,48553.62365867508,23334.93695096361,23334.93695096361,10308.694357544138,10308.694357544138,10308.694357544138,12609.71815423309,12609.71815423309,12609.71815423309,-2301.023796688953,-2301.023796688953,-2301.023796688953,0.0,0.0,0.0,33643.63130850775
2010-06-04,23331.694387156804,9539.391473122374,37550.592275945324,23331.694387156804,23331.694387156804,345.54101185183197,345.54101185183197,345.54101185183197,2363.245306405343,2363.245306405343,2363.245306405343,-2017.7042945535109,-2017.7042945535109,-2017.7042945535109,0.0,0.0,0.0,23677.235399008634
2010-06-06,23325.20925954319,2843.9124978763184,30314.543057827897,23325.20925954319,23325.20925954319,-7121.205715652967,-7121.205715652967,-7121.205715652967,-5611.022087652371,-5611.022087652371,-5611.022087652371,-1510.1836280005962,-1510.1836280005962,-1510.1836280005962,0.0,0.0,0.0,16204.003543890223
2010-06-07,23321.96669573556,13956.190507981426,39988.44737924371,23321.96669573556,23321.96669573556,4175.612519801389,4175.612519801389,4175.612519801389,5481.851792062621,5481.851792062621,5481.851792062621,-1306.239272261232,-1306.239272261232,-1306.239272261232,0.0,0.0,0.0,27497.57921553695
2010-06-08,23318.724131927924,17567.73714830639,43987.51905443793,23318.724131927924,23318.724131927924,7212.705083738264,7212.705083738264,7212.705083738264,8360.088439987809,8360.088439987809,8360.088439987809,-1147.383356249544,-1147.383356249544,-1147.383356249544,0.0,0.0,0.0,30531.429215666187
2010-06-09,23315.48156812029,13557.150097621326,40587.24705049917,23315.48156812029,23315.48156812029,3654.5391632192614,3654.5391632192614,3654.5391632192614,4695.451677091422,4695.451677091422,4695.451677091422,-1040.9125138721618,-1040.9125138721618,-1040.9125138721618,0.0,0.0,0.0,26970.02073133955
2010-06-10,23312.239004312654,22205.735119137276,47402.70772709896,23312.239004312654,23312.239004312654,11617.142314323884,11617.142314323884,11617.142314323884,12609.718154191356,12609.718154191356,12609.718154191356,-992.5758398674709,-992.5758398674709,-992.5758398674709,0.0,0.0,0.0,34929.38131863654
2010-06-11,23308.99644050502,11776.916796802348,37799.15199184419,23308.99644050502,23308.99644050502,1356.8315410348603,1356.8315410348603,1356.8315410348603,2363.245306529105,2363.245306529105,2363.245306529105,-1006.413765494245,-1006.413765494245,-1006.413765494245,0.0,0.0,0.0,24665.82798153988
2010-06-13,23302.511312889754,3572.917210055409,29730.871368549444,23302.511312889754,23302.511312889754,-6838.649799447039,-6838.649799447039,-6838.649799447039,-5611.022087634337,-5611.022087634337,-5611.022087634337,-1227.6277118127018,-1227.6277118127018,-1227.6277118127018,0.0,0.0,0.0,16463.861513442716
2010-06-14,23299.26874908212,14733.451905696116,40390.57513664082,23299.26874908212,23299.26874908212,4048.0260392983164,4048.0260392983164,4048.0260392983164,5481.851792053154,5481.851792053154,5481.851792053154,-1433.8257527548367,-1433.8257527548367,-1433.8257527548367,0.0,0.0,0.0,27347.294788380437
2010-06-15,23296.026185274484,16365.38168848388,43358.79010029895,23296.026185274484,23296.026185274484,6660.191859426479,6660.191859426479,6660.191859426479,8360.088440005271,8360.088440005271,8360.088440005271,-1699.8965805787916,-1699.8965805787916,-1699.8965805787916,0.0,0.0,0.0,29956.218044700963
2010-06-16,23292.783621466853,13451.492096763519,38724.80420116859,23292.783621466853,23292.783621466853,2674.670123939439,2674.670123939439,2674.670123939439,4695.451677106558,4695.451677106558,4695.451677106558,-2020.7815531671195,-2020.7815531671195,-2020.7815531671195,0.0,0.0,0.0,25967.453745406292
2010-06-17,23289.54105765922,19717.1095241607,46709.463899347,23289.54105765922,23289.54105765922,10219.852927858597,10219.852927858597,10219.852927858597,12609.71815421713,12609.71815421713,12609.71815421713,-2389.8652263585323,-2389.8652263585323,-2389.8652263585323,0.0,0.0,0.0,33509.39398551782
2010-06-18,23286.29849385158,9798.18624967306,36060.22165037876,23286.29849385158,23286.29849385158,-435.9298197389054,-435.9298197389054,-435.9298197389054,2363.245306488837,2363.245306488837,2363.245306488837,-2799.175126227742,-2799.175126227742,-2799.175126227742,0.0,0.0,0.0,22850.368674112673
2010-06-20,23279.813366236314,788.4306859042288,27299.008764227154,23279.813366236314,23279.813366236314,-9312.27425154805,-9312.27425154805,-9312.27425154805,-5611.022087616301,-5611.022087616301,-5611.022087616301,-3701.252163931749,-3701.252163931749,-3701.252163931749,0.0,0.0,0.0,13967.539114688265
2010-06-21,23276.57080242868,10786.71099889532,37830.887458624464,23276.57080242868,23276.57080242868,1308.285089694583,1308.285089694583,1308.285089694583,5481.851792082902,5481.851792082902,5481.851792082902,-4173.566702388319,-4173.566702388319,-4173.566702388319,0.0,0.0,0.0,24584.85589212326
2010-06-22,23273.328238621045,13651.627817386125,39651.81848457348,23273.328238621045,23273.328238621045,3714.2946482717175,3714.2946482717175,3714.2946482717175,8360.088439978583,8360.088439978583,8360.088439978583,-4645.793791706865,-4645.793791706865,-4645.793791706865,0.0,0.0,0.0,26987.62288689276
2010-06-23,23270.08567481341,9512.295287376717,35494.47022592516,23270.08567481341,23270.08567481341,-411.75833612205474,-411.75833612205474,-411.75833612205474,4695.4516770664795,4695.4516770664795,4695.4516770664795,-5107.210013188534,-5107.210013188534,-5107.210013188534,0.0,0.0,0.0,22858.327338691357
2010-06-24,23266.843111005775,17036.93701885107,44115.44327810453,23266.843111005775,23266.843111005775,7062.2795729268355,7062.2795729268355,7062.2795729268355,12609.718154209742,12609.718154209742,12609.718154209742,-5547.438581282907,-5547.438581282907,-5547.438581282907,0.0,0.0,0.0,30329.122683932612
2010-06-25,23263.600547198144,6431.7653610742655,33271.8350761161,23263.600547198144,23263.600547198144,-3593.491310910676,-3593.491310910676,-3593.491310910676,2363.2453064741903,2363.2453064741903,2363.2453064741903,-5956.736617384867,-5956.736617384867,-5956.736617384867,0.0,0.0,0.0,19670.10923628747
2010-06-27,23257.115419582875,-2903.0994051041016,24636.759592442217,23257.115419582875,23257.115419582875,-12259.321157280381,-12259.321157280381,-12259.321157280381,-5611.022087598268,-5611.022087598268,-5611.022087598268,-6648.299069682114,-6648.299069682114,-6648.299069682114,0.0,0.0,0.0,10997.794262302494
2010-06-28,23253.8728559116,8674.844781790245,35063.3355620145,23253.8728559116,23253.8728559116,-1434.62418714744,-1434.62418714744,-1434.62418714744,5481.85179208138,5481.85179208138,5481.85179208138,-6916.4759792288205,-6916.4759792288205,-6916.4759792288205,0.0,0.0,0.0,21819.248668764158
2010-06-29,23250.630292240327,10845.517507101089,37829.78076979741,23250.630292240327,23250.630292240327,1234.1858537308601,1234.1858537308601,1234.1858537308601,8360.088439996041,8360.088439996041,8360.088439996041,-7125.902586265181,-7125.902586265181,-7125.902586265181,0.0,0.0,0.0,24484.81614597119
2010-06-30,23247.387728569047,6570.02664797854,33849.813974833174,23247.387728569047,23247.387728569047,-2577.838762583217,-2577.838762583217,-2577.838762583217,4695.451677081616,4695.451677081616,4695.451677081616,-7273.290439664834,-7273.290439664834,-7273.290439664834,0.0,0.0,0.0,20669.54896598583
2010-07-01,23244.145164897775,15229.073092767712,41437.45774830971,23244.145164897775,23244.145164897775,5252.70537004544,5252.70537004544,5252.70537004544,12609.718154202352,12609.718154202352,12609.718154202352,-7357.012784156912,-7357.012784156912,-7357.012784156912,0.0,0.0,0.0,28496.850534943216
2010-07-02,23240.9026012265,4775.545659112066,31101.979974750062,23240.9026012265,23240.9026012265,-5013.871237884619,-5013.871237884619,-5013.871237884619,2363.2453064595434,2363.2453064595434,2363.2453064595434,-7377.116544344164,-7377.116544344164,-7377.116544344164,0.0,0.0,0.0,18227.031363341877
2010-07-04,23234.41747388395,-1749.0100214831177,23779.237169125874,23234.41747388395,23234.41747388395,-12845.773467013367,-12845.773467013367,-12845.773467013367,-5611.022087628281,-5611.022087628281,-5611.022087628281,-7234.751379385085,-7234.751379385085,-7234.751379385085,0.0,0.0,0.0,10388.644006870583
2010-07-05,23231.17491021267,7622.776913348924,34905.55942573505,23231.17491021267,23231.17491021267,-1598.3197587996885,-1598.3197587996885,-1598.3197587996885,5481.851792071915,5481.851792071915,5481.851792071915,-7080.171550871603,-7080.171550871603,-7080.171550871603,0.0,0.0,0.0,21632.855151412983
2010-07-06,23227.932346541398,10812.98447327381,39301.81755013008,23227.932346541398,23227.932346541398,1482.6361718521796,1482.6361718521796,1482.6361718521796,8360.088439982492,8360.088439982492,8360.088439982492,-6877.452268130313,-6877.452268130313,-6877.452268130313,0.0,0.0,0.0,24710.56851839358
2010-07-07,23224.689782870122,8998.179413485497,34634.76977389288,23224.689782870122,23224.689782870122,-1938.0972166874371,-1938.0972166874371,-1938.0972166874371,4695.451677060483,4695.451677060483,4695.451677060483,-6633.5488937479195,-6633.5488937479195,-6633.5488937479195,0.0,0.0,0.0,21286.592566182684
2010-07-08,23221.447219198846,16346.052252813804,42969.84828989775,23221.447219198846,23221.447219198846,6253.483693641191,6253.483693641191,6253.483693641191,12609.718154194963,12609.718154194963,12609.718154194963,-6356.234460553772,-6356.234460553772,-6356.234460553772,0.0,0.0,0.0,29474.93091284004
2010-07-09,23218.20465552757,5645.599226232648,32632.200087005458,23218.20465552757,23218.20465552757,-3690.6039066395174,-3690.6039066395174,-3690.6039066395174,2363.245306501289,2363.245306501289,2363.245306501289,-6053.849213140806,-6053.849213140806,-6053.849213140806,0.0,0.0,0.0,19527.600748888053
2010-07-11,23211.71952818502,-1385.0347267050597,26701.330292127164,23211.71952818502,23211.71952818502,-11019.508933228672,-11019.508933228672,-11019.508933228672,-5611.0220876102485,-5611.0220876102485,-5611.0220876102485,-5408.486845618424,-5408.486845618424,-5408.486845618424,0.0,0.0,0.0,12192.21059495635
2010-07-12,23208.476964513746,10368.831541952719,37268.12011724915,23208.476964513746,23208.476964513746,399.19384397892776,399.19384397892776,399.19384397892776,5481.851792062447,5481.851792062447,5481.851792062447,-5082.657948083519,-5082.657948083519,-5082.657948083519,0.0,0.0,0.0,23607.670808492672
2010-07-13,23205.23440084247,13532.434783982424,39661.448846675994,23205.23440084247,23205.23440084247,3594.542150497909,3594.542150497909,3594.542150497909,8360.088439968944,8360.088439968944,8360.088439968944,-4765.5462894710345,-4765.5462894710345,-4765.5462894710345,0.0,0.0,0.0,26799.77655134038
2010-07-14,23201.991837171194,10731.980899539585,36535.51996338452,23201.991837171194,23201.991837171194,231.00136408435174,231.00136408435174,231.00136408435174,4695.451677092945,4695.451677092945,4695.451677092945,-4464.450313008594,-4464.450313008594,-4464.450313008594,0.0,0.0,0.0,23432.993201255544
2010-07-15,23198.749273499918,17831.169667137172,44814.623578640814,23198.749273499918,23198.749273499918,8423.945573093042,8423.945573093042,8423.945573093042,12609.718154185208,12609.718154185208,12609.718154185208,-4185.772581092167,-4185.772581092167,-4185.772581092167,0.0,0.0,0.0,31622.69484659296
2010-07-16,23195.506709828645,8573.692012296791,35151.95432739048,23195.506709828645,23195.506709828645,-1571.6079894410411,-1571.6079894410411,-1571.6079894410411,2363.2453064610227,2363.2453064610227,2363.2453064610227,-3934.8532959020636,-3934.8532959020636,-3934.8532959020636,0.0,0.0,0.0,21623.898720387606
2010-07-18,23189.021582486093,983.7012958406387,27082.109189552008,23189.021582486093,23189.021582486093,-9142.632401823783,-9142.632401823783,-9142.632401823783,-5611.02208758789,-5611.02208758789,-5611.02208758789,-3531.6103142358916,-3531.6103142358916,-3531.6103142358916,0.0,0.0,0.0,14046.38918066231
2010-07-19,23185.783501766477,12493.321085253448,39072.465001706776,23185.783501766477,23185.783501766477,2098.1418917691444,2098.1418917691444,2098.1418917691444,5481.8517920569575,5481.8517920569575,5481.8517920569575,-3383.709900287813,-3383.709900287813,-3383.709900287813,0.0,0.0,0.0,25283.92539353562
2010-07-20,23182.545421046856,15343.467135717408,41837.129729062304,23182.545421046856,23182.545421046856,5087.7154106733005,5087.7154106733005,5087.7154106733005,8360.088439973266,8360.088439973266,8360.088439973266,-3272.373029299965,-3272.373029299965,-3272.373029299965,0.0,0.0,0.0,28270.260831720156
2010-07-21,23179.307340327232,11123.731900059714,37527.65446722416,23179.307340327232,23179.307340327232,1498.8932467298262,1498.8932467298262,1498.8932467298262,4695.45167707181,4695.45167707181,4695.45167707181,-3196.558430341984,-3196.558430341984,-3196.558430341984,0.0,0.0,0.0,24678.200587057057
2010-07-22,23176.069259607615,19580.648435689967,45897.53354094525,23176.069259607615,23176.069259607615,9455.679853510122,9455.679853510122,9455.679853510122,12609.718154177819,12609.718154177819,12609.718154177819,-3154.038300667697,-3154.038300667697,-3154.038300667697,0.0,0.0,0.0,32631.749113117738
2010-07-23,23172.831178887995,8452.70922378613,35736.858753170076,23172.831178887995,23172.831178887995,-778.2784106972779,-778.2784106972779,-778.2784106972779,2363.245306420755,2363.245306420755,2363.245306420755,-3141.5237171180324,-3141.5237171180324,-3141.5237171180324,0.0,0.0,0.0,22394.552768190715
2010-07-25,23166.355017448754,828.8451366805238,27981.90020942239,23166.355017448754,23166.355017448754,-8800.05429468294,-8800.05429468294,-8800.05429468294,-5611.0220876832445,-5611.0220876832445,-5611.0220876832445,-3189.0322069996946,-3189.0322069996946,-3189.0322069996946,0.0,0.0,0.0,14366.300722765814
2010-07-26,23163.116936729133,12239.10830487485,38359.53499989795,23163.116936729133,23163.116936729133,2243.1153253700454,2243.1153253700454,2243.1153253700454,5481.8517920670965,5481.8517920670965,5481.8517920670965,-3238.736466697051,-3238.736466697051,-3238.736466697051,0.0,0.0,0.0,25406.23226209918
2010-07-27,23159.87885600951,15671.06450732262,41846.110309575044,23159.87885600951,23159.87885600951,5061.84906980391,5061.84906980391,5061.84906980391,8360.088439990726,8360.088439990726,8360.088439990726,-3298.239370186817,-3298.239370186817,-3298.239370186817,0.0,0.0,0.0,28221.72792581342
2010-07-28,23156.640775289892,10952.08845824829,36528.90886864091,23156.640775289892,23156.640775289892,1333.663439906006,1333.663439906006,1333.663439906006,4695.451677086949,4695.451677086949,4695.451677086949,-3361.788237180943,-3361.788237180943,-3361.788237180943,0.0,0.0,0.0,24490.304215195898
2010-07-29,23153.40269457027,19286.773493114128,45095.62676616178,23153.40269457027,23153.40269457027,9185.916090530569,9185.916090530569,9185.916090530569,12609.718154204777,12609.718154204777,12609.718154204777,-3423.802063674208,-3423.802063674208,-3423.802063674208,0.0,0.0,0.0,32339.31878510084
2010-07-30,23150.164613850648,9154.903266136964,35049.666218064245,23150.164613850648,23150.164613850648,-1115.844132150562,-1115.844132150562,-1115.844132150562,2363.2453064625024,2363.2453064625024,2363.2453064625024,-3479.0894386130644,-3479.0894386130644,-3479.0894386130644,0.0,0.0,0.0,22034.320481700084
2010-08-01,23143.68845241141,-1161.3602230891283,27468.15219258731,23143.68845241141,23143.68845241141,-9162.872012681444,-9162.872012681444,-9162.872012681444,-5611.022087660885,-5611.022087660885,-5611.022087660885,-3551.8499250205573,-3551.8499250205573,-3551.8499250205573,0.0,0.0,0.0,13980.816439729966
2010-08-02,23140.450371691786,11497.38881451367,37864.63118572075,23140.450371691786,23140.450371691786,1919.278781042516,1919.278781042516,1919.278781042516,5481.851792077237,5481.851792077237,5481.851792077237,-3562.5730110347213,-3562.5730110347213,-3562.5730110347213,0.0,0.0,0.0,25059.7291527343
2010-08-03,23137.21229097217,15547.284052290694,41672.14969226495,23137.21229097217,23137.21229097217,4806.759108871539,4806.759108871539,4806.759108871539,8360.088440008189,8360.088440008189,8360.088440008189,-3553.329331136649,-3553.329331136649,-3553.329331136649,0.0,0.0,0.0,27943.971399843707
2010-08-04,23133.97421025255,11687.37400168516,36829.0647703684,23133.97421025255,23133.97421025255,1172.1213819283894,1172.1213819283894,1172.1213819283894,4695.451677102084,4695.451677102084,4695.451677102084,-3523.330295173695,-3523.330295173695,-3523.330295173695,0.0,0.0,0.0,24306.095592180936
2010-08-05,23130.736129532925,19195.015860780473,45989.40188644035,23130.736129532925,23130.736129532925,9136.798478992758,9136.798478992758,9136.798478992758,12609.718154161857,12609.718154161857,12609.718154161857,-3472.9196751691006,-3472.9196751691006,-3472.9196751691006,0.0,0.0,0.0,32267.534608525682
2010-08-06,23127.498048813308,8388.497344044088,36157.775414874064,23127.498048813308,23127.498048813308,-1040.316502674287,-1040.316502674287,-1040.316502674287,2363.245306447855,2363.245306447855,2363.245306447855,-3403.5618091221413,-3403.5618091221413,-3403.5618091221413,0.0,0.0,0.0,22087.18154613902
2010-08-08,23121.021887374067,-205.52276342307266,27103.12300936759,23121.021887374067,23121.021887374067,-8830.115507698813,-8830.115507698813,-8830.115507698813,-5611.022087642853,-5611.022087642853,-5611.022087642853,-3219.093420055959,-3219.093420055959,-3219.093420055959,0.0,0.0,0.0,14290.906379675254
2010-08-09,23117.783806654446,12127.628595009532,39080.593328646675,23117.783806654446,23117.783806654446,2370.0368037639246,2370.0368037639246,2370.0368037639246,5481.8517920677705,5481.8517920677705,5481.8517920677705,-3111.814988303846,-3111.814988303846,-3111.814988303846,0.0,0.0,0.0,25487.82061041837
2010-08-10,23114.57436136777,15823.826584559161,41653.40182679996,23114.57436136777,23114.57436136777,5359.139977959807,5359.139977959807,5359.139977959807,8360.08844001251,8360.08844001251,8360.08844001251,-3000.948462052704,-3000.948462052704,-3000.948462052704,0.0,0.0,0.0,28473.714339327576
2010-08-11,23111.364916081096,11058.5480424576,37625.01164645875,23111.364916081096,23111.364916081096,1803.4955952047894,1803.4955952047894,1803.4955952047894,4695.451677079328,4695.451677079328,4695.451677079328,-2891.9560818745385,-2891.9560818745385,-2891.9560818745385,0.0,0.0,0.0,24914.860511285886
2010-08-12,23108.155470794423,18758.573884942594,46525.13683395499,23108.155470794423,23108.155470794423,9819.174560375428,9819.174560375428,9819.174560375428,12609.718154188815,12609.718154188815,12609.718154188815,-2790.543593813386,-2790.543593813386,-2790.543593813386,0.0,0.0,0.0,32927.330031169855
2010-08-13,23104.946025507747,9600.87548718022,36371.80938647492,23104.946025507747,23104.946025507747,-339.17775541537753,-339.17775541537753,-339.17775541537753,2363.2453064332076,2363.2453064332076,2363.2453064332076,-2702.4230618485853,-2702.4230618485853,-2702.4230618485853,0.0,0.0,0.0,22765.76827009237
2010-08-15,23098.5271349344,1027.2042259231566,28140.369631779413,23098.5271349344,23098.5271349344,-8198.490937826273,-8198.490937826273,-8198.490937826273,-5611.022087672867,-5611.022087672867,-5611.022087672867,-2587.4688501534065,-2587.4688501534065,-2587.4688501534065,0.0,0.0,0.0,14900.036197108127
2010-08-16,23095.317689647723,12542.814799398584,39199.005673504,23095.317689647723,23095.317689647723,2911.9542528216416,2911.9542528216416,2911.9542528216416,5481.851792081886,5481.851792081886,5481.851792081886,-2569.8975392602442,-2569.8975392602442,-2569.8975392602442,0.0,0.0,0.0,26007.271942469364
2010-08-17,23092.108244361047,15949.931162155952,43185.669683419685,23092.108244361047,23092.108244361047,5776.399962315091,5776.399962315091,5776.399962315091,8360.08843999896,8360.08843999896,8360.08843999896,-2583.688477683871,-2583.688477683871,-2583.688477683871,0.0,0.0,0.0,28868.50820667614
2010-08-18,23088.898799074374,11897.144175856653,39097.67646648229,23088.898799074374,23088.898799074374,2064.4072171303515,2064.4072171303515,2064.4072171303515,4695.451677094466,4695.451677094466,4695.451677094466,-2631.044459964114,-2631.044459964114,-2631.044459964114,0.0,0.0,0.0,25153.306016204726
2010-08-19,23085.6893537877,18345.161412603426,45178.383479546384,23085.6893537877,23085.6893537877,9896.844100485696,9896.844100485696,9896.844100485696,12609.718154181426,12609.718154181426,12609.718154181426,-2712.87405369573,-2712.87405369573,-2712.87405369573,0.0,0.0,0.0,32982.5334542734
2010-08-20,23082.479908501024,8259.659642955818,34944.37278608395,23082.479908501024,23082.479908501024,-465.421471672881,-465.421471672881,-465.421471672881,2363.24530639294,2363.24530639294,2363.24530639294,-2828.6667780658213,-2828.6667780658213,-2828.6667780658213,0.0,0.0,0.0,22617.05843682814
2010-08-22,23076.061017927677,-134.99645484457764,28074.715205585824,23076.061017927677,23076.061017927677,-8763.581184611377,-8763.581184611377,-8763.581184611377,-5611.022087654832,-5611.022087654832,-5611.022087654832,-3152.5590969565455,-3152.5590969565455,-3152.5590969565455,0.0,0.0,0.0,14312.4798333163
2010-08-23,23072.851572641004,10210.74833663456,38418.57284067335,23072.851572641004,23072.851572641004,2129.8117692768346,2129.8117692768346,2129.8117692768346,5481.851792072419,5481.851792072419,5481.851792072419,-3352.0400227955847,-3352.0400227955847,-3352.0400227955847,0.0,0.0,0.0,25202.66334191784
2010-08-24,23069.642127354327,15128.369351365774,40419.90502454422,23069.642127354327,23069.642127354327,4791.764478778231,4791.764478778231,4791.764478778231,8360.088439985411,8360.088439985411,8360.088439985411,-3568.323961207181,-3568.323961207181,-3568.323961207181,0.0,0.0,0.0,27861.406606132557
2010-08-25,23066.432682067654,10826.445766209732,38410.131328246156,23066.432682067654,23066.432682067654,901.9170019078224,901.9170019078224,901.9170019078224,4695.451677109602,4695.451677109602,4695.451677109602,-3793.53467520178,-3793.53467520178,-3793.53467520178,0.0,0.0,0.0,23968.349683975477
2010-08-26,23063.22323678098,17829.50183832003,45696.39614152006,23063.22323678098,23063.22323678098,8591.108491525505,8591.108491525505,8591.108491525505,12609.718154207201,12609.718154207201,12609.718154207201,-4018.609662681696,-4018.609662681696,-4018.609662681696,0.0,0.0,0.0,31654.331728306486
2010-08-27,23060.013791494304,8362.072228031879,34700.369338139615,23060.013791494304,23060.013791494304,-1870.2584178811394,-1870.2584178811394,-1870.2584178811394,2363.2453064603073,2363.2453064603073,2363.2453064603073,-4233.503724341446,-4233.503724341446,-4233.503724341446,0.0,0.0,0.0,21189.755373613167
2010-08-29,23053.594900920954,-681.952517091988,26507.24280339243,23053.594900920954,23053.594900920954,-10200.161391699072,-10200.161391699072,-10200.161391699072,-5611.0220876367985,-5611.0220876367985,-5611.0220876367985,-4589.139304062275,-4589.139304062275,-4589.139304062275,0.0,0.0,0.0,12853.433509221883
2010-08-31,23047.176010347604,13807.28031233375,41085.20876941873,23047.176010347604,23047.176010347604,3589.7196000195754,3589.7196000195754,3589.7196000195754,8360.088440002874,8360.088440002874,8360.088440002874,-4770.368839983299,-4770.368839983299,-4770.368839983299,0.0,0.0,0.0,26636.89561036718
2010-09-01,23044.059532845036,10125.08520893502,36101.898147545624,23044.059532845036,23044.059532845036,-72.36739195116401,-72.36739195116401,-72.36739195116401,4695.451677069523,4695.451677069523,4695.451677069523,-4767.8190690206875,-4767.8190690206875,-4767.8190690206875,0.0,0.0,0.0,22971.692140893872
2010-09-02,23040.943055342468,16698.522654595108,44247.97094332903,23040.943055342468,23040.943055342468,7920.164961676404,7920.164961676404,7920.164961676404,12609.718154199812,12609.718154199812,12609.718154199812,-4689.553192523408,-4689.553192523408,-4689.553192523408,0.0,0.0,0.0,30961.108017018872
2010-09-03,23037.8265778399,7019.812574685105,34529.6646708193,23037.8265778399,23037.8265778399,-2163.423280402394,-2163.423280402394,-2163.423280402394,2363.2453064200404,2363.2453064200404,2363.2453064200404,-4526.668586822435,-4526.668586822435,-4526.668586822435,0.0,0.0,0.0,20874.403297437508
2010-09-05,23031.593622834764,262.6287982810312,26685.67725188817,23031.593622834764,23031.593622834764,-9529.68768362754,-9529.68768362754,-9529.68768362754,-5611.022087618763,-5611.022087618763,-5611.022087618763,-3918.665596008776,-3918.665596008776,-3918.665596008776,0.0,0.0,0.0,13501.905939207223
2010-09-06,23028.477145332192,12094.955635518601,37953.230746392896,23028.477145332192,23028.477145332192,2018.1298220369017,2018.1298220369017,2018.1298220369017,5481.851792057457,5481.851792057457,5481.851792057457,-3463.7219700205555,-3463.7219700205555,-3463.7219700205555,0.0,0.0,0.0,25046.606967369094
2010-09-07,23025.360667829627,15367.950075676148,42167.900013826904,23025.360667829627,23025.360667829627,5455.174941514049,5455.174941514049,5455.174941514049,8360.088439976187,8360.088439976187,8360.088439976187,-2904.9134984621373,-2904.9134984621373,-2904.9134984621373,0.0,0.0,0.0,28480.53560934368
2010-09-08,23022.24419032706,10966.30568962895,37757.33676957143,23022.24419032706,23022.24419032706,2452.934118548927,2452.934118548927,2452.934118548927,4695.451677120929,4695.451677120929,4695.451677120929,-2242.517558572002,-2242.517558572002,-2242.517558572002,0.0,0.0,0.0,25475.178308875988
2010-09-09,23019.127712824487,20892.715365849876,47509.021856363426,23019.127712824487,23019.127712824487,11130.641653076918,11130.641653076918,11130.641653076918,12609.718154192424,12609.718154192424,12609.718154192424,-1479.0765011155033,-1479.0765011155033,-1479.0765011155033,0.0,0.0,0.0,34149.769365901404
2010-09-10,23016.01123532192,11521.448267676904,38110.46620045014,23016.01123532192,23016.01123532192,1743.8305445723543,1743.8305445723543,1743.8305445723543,2363.2453064053925,2363.2453064053925,2363.2453064053925,-619.4147618330384,-619.4147618330384,-619.4147618330384,0.0,0.0,0.0,24759.841779894272
2010-09-12,23009.778280316783,5514.690334211544,32243.060935973077,23009.778280316783,23009.778280316783,-4252.846212763679,-4252.846212763679,-4252.846212763679,-5611.022087648779,-5611.022087648779,-5611.022087648779,1358.1758748851007,1358.1758748851007,1358.1758748851007,0.0,0.0,0.0,18756.932067553105
2010-09-13,23006.661802814215,17703.674623707568,44455.150021572175,23006.661802814215,23006.661802814215,7937.572880790373,7937.572880790373,7937.572880790373,5481.8517920676,5481.8517920676,5481.8517920676,2455.721088722774,2455.721088722774,2455.721088722774,0.0,0.0,0.0,30944.234683604587
2010-09-14,23003.545325311647,21523.40084960295,47927.1829601512,23003.545325311647,23003.545325311647,11969.180238730825,11969.180238730825,11969.180238730825,8360.088440011517,8360.088440011517,8360.088440011517,3609.091798719305,3609.091798719305,3609.091798719305,0.0,0.0,0.0,34972.72556404247
2010-09-15,23000.428847809082,18133.95051803126,45985.48969995281,23000.428847809082,23000.428847809082,9499.288512896059,9499.288512896059,9499.288512896059,4695.451677099797,4695.451677099797,4695.451677099797,4803.836835796261,4803.836835796261,4803.836835796261,0.0,0.0,0.0,32499.71736070514
2010-09-16,22997.31237030651,28126.82443373451,55003.320163417266,22997.31237030651,22997.31237030651,18634.02399997761,18634.02399997761,18634.02399997761,12609.718154185033,12609.718154185033,12609.718154185033,6024.3058457925745,6024.3058457925745,6024.3058457925745,0.0,0.0,0.0,41631.336370284116
2010-09-17,22994.195892803942,18117.055677580545,45595.64036287836,22994.195892803942,22994.195892803942,9617.234181189058,9617.234181189058,9617.234181189058,2363.24530642152,2363.24530642152,2363.24530642152,7253.988874767538,7253.988874767538,7253.988874767538,0.0,0.0,0.0,32611.430073993
2010-09-19,22987.962937798802,13401.151548311238,41444.96746818048,22987.962937798802,22987.962937798802,4061.848657076798,4061.848657076798,4061.848657076798,-5611.022087635066,-5611.022087635066,-5611.022087635066,9672.870744711865,9672.870744711865,9672.870744711865,0.0,0.0,0.0,27049.811594875602
2010-09-20,22984.846460296238,25404.939257383274,52349.89779696586,22984.846460296238,22984.846460296238,16309.969398084853,16309.969398084853,16309.969398084853,5481.851792077739,5481.851792077739,5481.851792077739,10828.117606007116,10828.117606007116,10828.117606007116,0.0,0.0,0.0,39294.81585838109
2010-09-21,22981.72998279367,30948.029764227518,56742.4143102117,22981.72998279367,22981.72998279367,20285.537992538648,20285.537992538648,20285.537992538648,8360.08843996696,8360.08843996696,8360.08843996696,11925.449552571688,11925.449552571688,11925.449552571688,0.0,0.0,0.0,43267.26797533232
2010-09-22,22979.196520915288,27007.371158820606,53828.0574631967,22979.196520915288,22979.196520915288,17645.180861377725,17645.180861377725,17645.180861377725,4695.451677059717,4695.451677059717,4695.451677059717,12949.72918431801,12949.72918431801,12949.72918431801,0.0,0.0,0.0,40624.37738229301
2010-09-23,22976.663059036906,36247.26331407896,62163.93083515537,22976.663059036906,22976.663059036906,26496.921505654667,26496.921505654667,26496.921505654667,12609.718154210808,12609.718154210808,12609.718154210808,13887.203351443859,13887.203351443859,13887.203351443859,0.0,0.0,0.0,49473.58456469157
2010-09-24,22974.129597158528,27234.918018292166,54557.95141857749,22974.129597158528,22974.129597158528,17089.064068559004,17089.064068559004,17089.064068559004,2363.2453064888873,2363.2453064888873,2363.2453064888873,14725.818762070117,14725.818762070117,14725.818762070117,0.0,0.0,0.0,40063.19366571753
2010-09-26,22969.062673401764,20438.80271148414,46380.65433247949,22969.062673401764,22969.062673401764,10457.335285770256,10457.335285770256,10457.335285770256,-5611.022087612709,-5611.022087612709,-5611.022087612709,16068.357373382963,16068.357373382963,16068.357373382963,0.0,0.0,0.0,33426.39795917202
2010-09-27,22966.529211523382,32005.209812860187,57850.294341266504,22966.529211523382,22966.529211523382,22040.74643208328,22040.74643208328,22040.74643208328,5481.851792087879,5481.851792087879,5481.851792087879,16558.894639995404,16558.894639995404,16558.894639995404,0.0,0.0,0.0,45007.27564360666
2010-09-28,22963.995749645,35439.55059451129,62424.22019469944,22963.995749645,22963.995749645,25284.1739825361,25284.1739825361,25284.1739825361,8360.088440002291,8360.088440002291,8360.088440002291,16924.08554253381,16924.08554253381,16924.08554253381,0.0,0.0,0.0,48248.1697321811
2010-09-29,22961.46228776662,31904.28263554229,58004.96855712079,22961.46228776662,22961.46228776662,21858.89463552804,21858.89463552804,21858.89463552804,4695.451677074854,4695.451677074854,4695.451677074854,17163.44295845319,17163.44295845319,17163.44295845319,0.0,0.0,0.0,44820.35692329466
2010-09-30,22958.928825888237,39140.234083562376,65302.12218188737,22958.928825888237,22958.928825888237,29888.72171482605,29888.72171482605,29888.72171482605,12609.718154169073,12609.718154169073,12609.718154169073,17279.003560656973,17279.003560656973,17279.003560656973,0.0,0.0,0.0,52847.65054071428
2010-10-01,22956.39536400986,28622.62778619451,55945.97948136277,22956.39536400986,22956.39536400986,19638.49921875652,19638.49921875652,19638.49921875652,2363.245306474239,2363.245306474239,2363.245306474239,17275.253912282278,17275.253912282278,17275.253912282278,0.0,0.0,0.0,42594.89458276638
2010-10-03,22951.328440253095,21087.52178952792,48701.210273144374,22951.328440253095,22951.328440253095,11328.138821550747,11328.138821550747,11328.138821550747,-5611.022087642723,-5611.022087642723,-5611.022087642723,16939.16090919347,16939.16090919347,16939.16090919347,0.0,0.0,0.0,34279.467261803846
2010-10-04,22948.794978374714,31643.31712699471,58503.26680135779,22948.794978374714,22948.794978374714,22108.4135979576,22108.4135979576,22108.4135979576,5481.851792062781,5481.851792062781,5481.851792062781,16626.561805894817,16626.561805894817,16626.561805894817,0.0,0.0,0.0,45057.20857633231
2010-10-05,22946.26151649633,34114.964618937156,60568.64877520669,22946.26151649633,22946.26151649633,24593.705305572425,24593.705305572425,24593.705305572425,8360.088439988744,8360.088439988744,8360.088439988744,16233.616865583681,16233.616865583681,16233.616865583681,0.0,0.0,0.0,47539.96682206876
2010-10-06,22943.72805461795,30516.90352611255,56717.536652743045,22943.72805461795,22943.72805461795,20469.477980928707,20469.477980928707,20469.477980928707,4695.451677053718,4695.451677053718,4695.451677053718,15774.026303874987,15774.026303874987,15774.026303874987,0.0,0.0,0.0,43413.20603554665
2010-10-07,22941.194592739568,36530.2150550647,64513.22204314734,22941.194592739568,22941.194592739568,27872.144861829613,27872.144861829613,27872.144861829613,12609.71815419603,12609.71815419603,12609.71815419603,15262.426707633576,15262.426707633576,15262.426707633576,0.0,0.0,0.0,50813.339454569184
2010-10-08,22938.66113086119,26165.178887461443,53376.130628967774,22938.66113086119,22938.66113086119,17077.272782120504,17077.272782120504,17077.272782120504,2363.245306515987,2363.245306515987,2363.245306515987,14714.027475604515,14714.027475604515,14714.027475604515,0.0,0.0,0.0,40015.933912981694
2010-10-10,22933.594207104423,17963.616983836095,44344.67239710843,22933.594207104423,22933.594207104423,7957.287666362961,7957.287666362961,7957.287666362961,-5611.022087624689,-5611.022087624689,-5611.022087624689,13568.30975398765,13568.30975398765,13568.30975398765,0.0,0.0,0.0,30890.881873467384
2010-10-11,22931.060745226045,28355.94457853834,54095.56781464113,22931.060745226045,22931.060745226045,18482.81266605988,18482.81266605988,18482.81266605988,5481.851792076895,5481.851792076895,5481.851792076895,13000.960873982987,13000.960873982987,13000.960873982987,0.0,0.0,0.0,41413.873411285924
2010-10-12,22928.527283347663,30187.43624481839,57253.47580004592,22928.527283347663,22928.527283347663,20816.151572849885,20816.151572849885,20816.151572849885,8360.088439975194,8360.088439975194,8360.088439975194,12456.063132874691,12456.063132874691,12456.063132874691,0.0,0.0,0.0,43744.67885619755
2010-10-13,22926.59461685307,26655.373815762807,52580.16150808483,22926.59461685307,22926.59461685307,16641.781165863365,16641.781165863365,16641.781165863365,4695.451677105128,4695.451677105128,4695.451677105128,11946.329488758236,11946.329488758236,11946.329488758236,0.0,0.0,0.0,39568.37578271644
2010-10-14,22924.66195035848,34298.40714011971,60966.56785103326,22924.66195035848,22924.66195035848,24092.77034060827,24092.77034060827,24092.77034060827,12609.718154221806,12609.718154221806,12609.718154221806,11483.052186386467,11483.052186386467,11483.052186386467,0.0,0.0,0.0,47017.43229096675
2010-10-15,22922.72928386389,22944.960907610504,49680.95835849485,22922.72928386389,22922.72928386389,13439.12910524375,13439.12910524375,13439.12910524375,2363.24530647572,2363.24530647572,2363.24530647572,11075.883798768033,11075.883798768033,11075.883798768033,0.0,0.0,0.0,36361.85838910764
2010-10-17,22918.863950874707,13624.93575217922,42004.94101366499,22918.863950874707,22918.863950874707,4848.303857522693,4848.303857522693,4848.303857522693,-5611.02208760233,-5611.02208760233,-5611.02208760233,10459.325945125023,10459.325945125023,10459.325945125023,0.0,0.0,0.0,27767.1678083974
2010-10-18,22916.931284380116,25199.67617478297,51802.038843689574,22916.931284380116,22916.931284380116,15741.645156244867,15741.645156244867,15741.645156244867,5481.85179206743,5481.85179206743,5481.85179206743,10259.793364177438,10259.793364177438,10259.793364177438,0.0,0.0,0.0,38658.57644062498
2010-10-19,22914.998617885525,28001.374461762996,55578.25048139436,22914.998617885525,22914.998617885525,18496.108580279575,18496.108580279575,18496.108580279575,8360.088439979516,8360.088439979516,8360.088439979516,10136.020140300057,10136.020140300057,10136.020140300057,0.0,0.0,0.0,41411.107198165104
2010-10-20,22913.065951390934,24308.489643953384,50803.488139273555,22913.065951390934,22913.065951390934,14783.47127458792,14783.47127458792,14783.47127458792,4695.451677065048,4695.451677065048,4695.451677065048,10088.019597522873,10088.019597522873,10088.019597522873,0.0,0.0,0.0,37696.53722597886
2010-10-21,22911.133284896343,32097.44728890114,58418.42911168107,22911.133284896343,22911.133284896343,22723.689601273873,22723.689601273873,22723.689601273873,12609.718154214415,12609.718154214415,12609.718154214415,10113.971447059459,10113.971447059459,10113.971447059459,0.0,0.0,0.0,45634.822886170215
2010-10-22,22909.200618401755,22866.6071368281,49852.209946335926,22909.200618401755,22909.200618401755,12573.616998011232,12573.616998011232,12573.616998011232,2363.2453064610727,2363.2453064610727,2363.2453064610727,10210.37169155016,10210.37169155016,10210.37169155016,0.0,0.0,0.0,35482.81761641298
2010-10-24,22905.335285412573,15172.266617369705,41167.76099505234,22905.335285412573,22905.335285412573,4982.243965448315,4982.243965448315,4982.243965448315,-5611.022087588619,-5611.022087588619,-5611.022087588619,10593.266053036934,10593.266053036934,10593.266053036934,0.0,0.0,0.0,27887.579250860887
2010-10-25,22903.402618917982,24825.666356355734,51774.84172269981,22903.402618917982,22903.402618917982,16348.073561454315,16348.073561454315,16348.073561454315,5481.851792081542,5481.851792081542,5481.851792081542,10866.221769372774,10866.221769372774,10866.221769372774,0.0,0.0,0.0,39251.476180372294
2010-10-26,22901.46995242339,28901.468541602,56283.0293099449,22901.46995242339,22901.46995242339,19543.161378118235,19543.161378118235,19543.161378118235,8360.088439996978,8360.088439996978,8360.088439996978,11183.072938121257,11183.072938121257,11183.072938121257,0.0,0.0,0.0,42444.631330541626
2010-10-27,22899.5372859288,24820.840974614286,52526.12731120012,22899.5372859288,22899.5372859288,16230.790908569266,16230.790908569266,16230.790908569266,4695.451677080183,4695.451677080183,4695.451677080183,11535.339231489083,11535.339231489083,11535.339231489083,0.0,0.0,0.0,39130.32819449807
2010-10-28,22897.60461943421,35119.024969024766,60531.02417357619,22897.60461943421,22897.60461943421,24524.076887862422,24524.076887862422,24524.076887862422,12609.718154205844,12609.718154205844,12609.718154205844,11914.358733656576,11914.358733656576,11914.358733656576,0.0,0.0,0.0,47421.68150729663
2010-10-29,22895.671952939618,24382.445519641726,50927.05837756836,22895.671952939618,22895.671952939618,14674.804917622783,14674.804917622783,14674.804917622783,2363.2453064208053,2363.2453064208053,2363.2453064208053,12311.55961120198,12311.55961120198,12311.55961120198,0.0,0.0,0.0,37570.4768705624
2010-10-31,22891.806619950436,16461.41452711982,44116.30430763396,22891.806619950436,22891.806619950436,7517.147246048545,7517.147246048545,7517.147246048545,-5611.022087618633,-5611.022087618633,-5611.022087618633,13128.169333667178,13128.169333667178,13128.169333667178,0.0,0.0,0.0,30408.95386599898
2010-11-01,22889.873953455844,28828.010764655504,55408.82953140842,22889.873953455844,22889.873953455844,19014.892710530716,19014.892710530716,19014.892710530716,5481.851792072074,5481.851792072074,5481.851792072074,13533.04091845864,13533.04091845864,13533.04091845864,0.0,0.0,0.0,41904.766663986564
2010-11-02,22887.941286961253,32371.521631129537,58696.44100145357,22887.941286961253,22887.941286961253,22287.463824664675,22287.463824664675,22287.463824664675,8360.088439983429,8360.088439983429,8360.088439983429,13927.375384681243,13927.375384681243,13927.375384681243,0.0,0.0,0.0,45175.40511162593
2010-11-03,22886.008620466662,28585.417463501082,54603.98954378487,22886.008620466662,22886.008620466662,19001.716774819684,19001.716774819684,19001.716774819684,4695.451677095321,4695.451677095321,4695.451677095321,14306.265097724361,14306.265097724361,14306.265097724361,0.0,0.0,0.0,41887.72539528635
2010-11-04,22884.43550506026,37926.44119920575,62167.39542620712,22884.43550506026,22884.43550506026,27275.637903965926,27275.637903965926,27275.637903965926,12609.718154162923,12609.718154162923,12609.718154162923,14665.919749803003,14665.919749803003,14665.919749803003,0.0,0.0,0.0,50160.07340902618
2010-11-05,22882.86238965386,27299.50320253439,53303.02883304028,22882.86238965386,22882.86238965386,17366.935855712156,17366.935855712156,17366.935855712156,2363.245306488173,2363.245306488173,2363.245306488173,15003.690549223984,15003.690549223984,15003.690549223984,0.0,0.0,0.0,40249.798245366015
2010-11-07,22879.716158841053,19160.68038759529,45887.90163307955,22879.716158841053,22879.716158841053,9997.489578654815,9997.489578654815,9997.489578654815,-5611.022087657294,-5611.022087657294,-5611.022087657294,15608.511666312108,15608.511666312108,15608.511666312108,0.0,0.0,0.0,32877.20573749587
2010-11-08,22878.143043434648,30932.863148462373,57506.24094696222,22878.143043434648,22878.143043434648,21357.396692392955,21357.396692392955,21357.396692392955,5481.851792062607,5481.851792062607,5481.851792062607,15875.544900330346,15875.544900330346,15875.544900330346,0.0,0.0,0.0,44235.5397358276
2010-11-09,22876.56992802825,34197.42092636596,60270.14867507125,22876.56992802825,22876.56992802825,24480.491236911592,24480.491236911592,24480.491236911592,8360.088440000889,8360.088440000889,8360.088440000889,16120.402796910705,16120.402796910705,16120.402796910705,0.0,0.0,0.0,47357.06116493984
2010-11-10,22874.996812621845,31434.811343489564,58015.59028582978,22874.996812621845,22874.996812621845,21040.407244638933,21040.407244638933,21040.407244638933,4695.451677091512,4695.451677091512,4695.451677091512,16344.955567547422,16344.955567547422,16344.955567547422,0.0,0.0,0.0,43915.40405726078
2010-11-11,22873.42369721544,39005.17826834828,65688.58032541139,22873.42369721544,22873.42369721544,29161.20262768305,29161.20262768305,29161.20262768305,12609.718154189883,12609.718154189883,12609.718154189883,16551.484473493172,16551.484473493172,16551.484473493172,0.0,0.0,0.0,52034.62632489849
2010-11-12,22871.850581809038,29003.988496431248,55702.26432038677,22871.850581809038,22871.850581809038,19105.706683851906,19105.706683851906,19105.706683851906,2363.2453064479055,2363.2453064479055,2363.2453064479055,16742.461377403997,16742.461377403997,16742.461377403997,0.0,0.0,0.0,41977.557265660944
2010-11-14,22868.704350996235,20769.338476092304,48085.865255166376,22868.704350996235,22868.704350996235,11476.204427635226,11476.204427635226,11476.204427635226,-5611.022087634937,-5611.022087634937,-5611.022087634937,17087.226515270162,17087.226515270162,17087.226515270162,0.0,0.0,0.0,34344.90877863146
2010-11-15,22867.13123558983,31785.442667059287,59277.65270767287,22867.13123558983,22867.13123558983,22726.713342537954,22726.713342537954,22726.713342537954,5481.851792076725,5481.851792076725,5481.851792076725,17244.861550461228,17244.861550461228,17244.861550461228,0.0,0.0,0.0,45593.844578127784
2010-11-16,22865.55812018343,35943.27123019107,62356.594075521505,22865.55812018343,22865.55812018343,25754.305095577027,25754.305095577027,25754.305095577027,8360.0884399742,8360.0884399742,8360.0884399742,17394.216655602824,17394.216655602824,17394.216655602824,0.0,0.0,0.0,48619.86321576046
2010-11-17,22863.985004777023,31244.62620942664,58573.10239680562,22863.985004777023,22863.985004777023,22230.87042552934,22230.87042552934,22230.87042552934,4695.4516770703785,4695.4516770703785,4695.4516770703785,17535.41874845896,17535.41874845896,17535.41874845896,0.0,0.0,0.0,45094.855430306365
2010-11-18,22862.41188937062,39959.630127209595,67547.20438792574,22862.41188937062,22862.41188937062,30277.30464761032,30277.30464761032,30277.30464761032,12609.718154182494,12609.718154182494,12609.718154182494,17667.58649342783,17667.58649342783,17667.58649342783,0.0,0.0,0.0,53139.71653698094
2010-11-19,22860.83877396422,29137.566716390193,56117.641491028,22860.83877396422,22860.83877396422,20151.971237326095,20151.971237326095,20151.971237326095,2363.245306407638,2363.245306407638,2363.245306407638,17788.72593091846,17788.72593091846,17788.72593091846,0.0,0.0,0.0,43012.81001129032
2010-11-21,22857.692543151414,21811.711382817306,48305.60685182864,22857.692543151414,22857.692543151414,12373.044722927078,12373.044722927078,12373.044722927078,-5611.022087669273,-5611.022087669273,-5611.022087669273,17984.066810596352,17984.066810596352,17984.066810596352,0.0,0.0,0.0,35230.73726607849
2010-11-22,22856.11942774501,32875.22038619844,60214.990393854714,22856.11942774501,22856.11942774501,23530.266619996175,23530.266619996175,23530.266619996175,5481.8517920672575,5481.8517920672575,5481.8517920672575,18048.414827928915,18048.414827928915,18048.414827928915,0.0,0.0,0.0,46386.38604774118
2010-11-23,22854.546312338607,35489.72559909235,62386.38565342978,22854.546312338607,22854.546312338607,26442.240232570348,26442.240232570348,26442.240232570348,8360.088439991661,8360.088439991661,8360.088439991661,18082.151792578687,18082.151792578687,18082.151792578687,0.0,0.0,0.0,49296.78654490896
2010-11-24,22852.973196932206,32234.035726998565,59424.30499369719,22852.973196932206,22852.973196932206,22773.241340748016,22773.241340748016,22773.241340748016,4695.451677102839,4695.451677102839,4695.451677102839,18077.789663645177,18077.789663645177,18077.789663645177,0.0,0.0,0.0,45626.21453768022
2010-11-25,22852.49681991204,39969.96842817197,66966.87827579601,22852.49681991204,22852.49681991204,30636.81466683747,30636.81466683747,30636.81466683747,12609.718154209451,12609.718154209451,12609.718154209451,18027.096512628013,18027.096512628013,18027.096512628013,0.0,0.0,0.0,53489.31148674951
2010-11-26,22852.02044289188,30123.21911607813,57582.81048078612,22852.02044289188,22852.02044289188,20284.56486905227,20284.56486905227,20284.56486905227,2363.245306475006,2363.245306475006,2363.245306475006,17921.31956257726,17921.31956257726,17921.31956257726,0.0,0.0,0.0,43136.585311944145
2010-11-28,22851.06768885156,21061.685296568685,48641.734039480514,22851.06768885156,22851.06768885156,11897.455157077155,11897.455157077155,11897.455157077155,-5611.0220876512385,-5611.0220876512385,-5611.0220876512385,17508.47724472839,17508.47724472839,17508.47724472839,0.0,0.0,0.0,34748.52284592872
2010-11-29,22850.5913118314,32227.333272608696,58845.87036722039,22850.5913118314,22850.5913118314,22665.611142003214,22665.611142003214,22665.611142003214,5481.851792077398,5481.851792077398,5481.851792077398,17183.75934992582,17183.75934992582,17183.75934992582,0.0,0.0,0.0,45516.202453834616
2010-11-30,22850.114934811238,34802.93471191718,60517.05865897254,22850.114934811238,22850.114934811238,25129.36361585969,25129.36361585969,25129.36361585969,8360.088440009124,8360.088440009124,8360.088440009124,16769.275175850566,16769.275175850566,16769.275175850566,0.0,0.0,0.0,47979.47855067093
2010-12-01,22849.638557791077,30436.28949893784,57170.69540092403,22849.638557791077,22849.638557791077,20953.425288945433,20953.425288945433,20953.425288945433,4695.451677062759,4695.451677062759,4695.451677062759,16257.973611882671,16257.973611882671,16257.973611882671,0.0,0.0,0.0,43803.063846736506
2010-12-02,22849.162180770916,36831.610046429814,64473.47723499338,22849.162180770916,22849.162180770916,28253.79281267168,28253.79281267168,28253.79281267168,12609.718154200878,12609.718154200878,12609.718154200878,15644.074658470803,15644.074658470803,15644.074658470803,0.0,0.0,0.0,51102.954993442596
2010-12-03,22848.685803750755,26400.65503978788,52857.7229306254,22848.685803750755,22848.685803750755,17286.602589064547,17286.602589064547,17286.602589064547,2363.245306434736,2363.245306434736,2363.245306434736,14923.35728262981,14923.35728262981,14923.35728262981,0.0,0.0,0.0,40135.2883928153
2010-12-05,22847.73304971043,16021.945886062953,43721.08629157626,22847.73304971043,22847.73304971043,7542.867779326215,7542.867779326215,7542.867779326215,-5611.022087633203,-5611.022087633203,-5611.022087633203,13153.889866959418,13153.889866959418,13153.889866959418,0.0,0.0,0.0,30390.600829036644
2010-12-06,22847.25667269027,27853.251148375886,53988.24685557152,22847.25667269027,22847.25667269027,17588.46894200081,17588.46894200081,17588.46894200081,5481.85179206793,5481.85179206793,5481.85179206793,12106.617149932881,12106.617149932881,12106.617149932881,0.0,0.0,0.0,40435.72561469108
2010-12-07,22846.78029567011,29194.182872597794,55607.66161952163,22846.78029567011,22846.78029567011,19315.861241129307,19315.861241129307,19315.861241129307,8360.088439982435,8360.088439982435,8360.088439982435,10955.772801146872,10955.772801146872,10955.772801146872,0.0,0.0,0.0,42162.64153679942
2010-12-08,22846.303918649948,23844.681649491864,51010.17097655999,22846.303918649948,22846.303918649948,14403.370626513848,14403.370626513848,14403.370626513848,4695.451677114167,4695.451677114167,4695.451677114167,9707.91894939968,9707.91894939968,9707.91894939968,0.0,0.0,0.0,37249.6745451638
2010-12-09,22845.827541629787,29984.50604471535,56839.66615200261,22845.827541629787,22845.827541629787,20981.721061172335,20981.721061172335,20981.721061172335,12609.718154193492,12609.718154193492,12609.718154193492,8372.002906978845,8372.002906978845,8372.002906978845,0.0,0.0,0.0,43827.548602802126
2010-12-10,22845.351164609627,18966.539256620883,45363.472139248144,22845.351164609627,22845.351164609627,9322.532931754367,9322.532931754367,9322.532931754367,2363.24530642009,2363.24530642009,2363.24530642009,6959.287625334277,6959.287625334277,6959.287625334277,0.0,0.0,0.0,32167.884096363996
2010-12-12,22844.398410569305,7108.271756153316,33849.96297067541,22844.398410569305,22844.398410569305,-1651.811032127196,-1651.811032127196,-1651.811032127196,-5611.022087663219,-5611.022087663219,-5611.022087663219,3959.211055536023,3959.211055536023,3959.211055536023,0.0,0.0,0.0,21192.58737844211
2010-12-13,22843.922033549145,17642.995596878205,43579.776799242565,22843.922033549145,22843.922033549145,7886.265819722471,7886.265819722471,7886.265819722471,5481.851792062439,5481.851792062439,5481.851792062439,2404.4140276600333,2404.4140276600333,2404.4140276600333,0.0,0.0,0.0,30730.187853271615
2010-12-14,22843.445656528984,18722.63449616988,45347.486315167815,22843.445656528984,22843.445656528984,9197.456479195675,9197.456479195675,9197.456479195675,8360.088439999898,8360.088439999898,8360.088439999898,837.3680391957759,837.3680391957759,837.3680391957759,0.0,0.0,0.0,32040.90213572466
2010-12-15,22842.96927950882,14546.84756714913,40665.21439794308,22842.96927950882,22842.96927950882,3973.103665394234,3973.103665394234,3973.103665394234,4695.451677093032,4695.451677093032,4695.451677093032,-722.3480116987982,-722.3480116987982,-722.3480116987982,0.0,0.0,0.0,26816.072944903055
2010-12-16,22844.02431660354,20180.25211758656,46744.69293165156,22844.02431660354,22844.02431660354,10355.192809121518,10355.192809121518,10355.192809121518,12609.718154186101,12609.718154186101,12609.718154186101,-2254.5253450645846,-2254.5253450645846,-2254.5253450645846,0.0,0.0,0.0,33199.21712572506
2010-12-17,22845.07935369826,8467.642116524275,34752.52757682452,22845.07935369826,22845.07935369826,-1375.516252173917,-1375.516252173917,-1375.516252173917,2363.2453063798225,2363.2453063798225,2363.2453063798225,-3738.76155855374,-3738.76155855374,-3738.76155855374,0.0,0.0,0.0,21469.56310152434
2010-12-19,22847.189427887704,-2072.773484748307,24559.98221683244,22847.189427887704,22847.189427887704,-12094.596141610275,-12094.596141610275,-12094.596141610275,-5611.022087649506,-5611.022087649506,-5611.022087649506,-6483.574053960769,-6483.574053960769,-6483.574053960769,0.0,0.0,0.0,10752.59328627743
2010-12-20,22848.24446498242,6800.867550353582,34251.84154299569,22848.24446498242,22848.24446498242,-2224.6517422797688,-2224.6517422797688,-2224.6517422797688,5481.85179207258,5481.85179207258,5481.85179207258,-7706.503534352349,-7706.503534352349,-7706.503534352349,0.0,0.0,0.0,20623.59272270265
2010-12-21,22849.29950207714,9523.469394258555,35746.22632875367,22849.29950207714,22849.29950207714,-447.0101327948342,-447.0101327948342,-447.0101327948342,8360.088439973211,8360.088439973211,8360.088439973211,-8807.098572768044,-8807.098572768044,-8807.098572768044,0.0,0.0,0.0,22402.289369282305
2010-12-22,22850.354539171865,4099.2791945152185,31553.521849539222,22850.354539171865,22850.354539171865,-5075.339555654851,-5075.339555654851,-5075.339555654851,4695.451677108171,4695.451677108171,4695.451677108171,-9770.791232763022,-9770.791232763022,-9770.791232763022,0.0,0.0,0.0,17775.014983517016
2010-12-23,22851.409576266586,11556.593249561229,37450.54603481838,22851.409576266586,22851.409576266586,2024.294187807987,2024.294187807987,2024.294187807987,12609.718154211874,12609.718154211874,12609.718154211874,-10585.423966403889,-10585.423966403889,-10585.423966403889,0.0,0.0,0.0,24875.703764074573
2011-01-04,22864.07002140323,10532.770917039043,36166.591739647396,22864.07002140323,22864.07002140323,-91.54887336252486,-91.54887336252486,-91.54887336252486,8360.088439994994,8360.088439994994,8360.088439994994,-8451.637313357518,-8451.637313357518,-8451.637313357518,0.0,0.0,0.0,22772.521148040705
2011-01-05,22865.12505849795,6791.273893331264,32052.178430088796,22865.12505849795,22865.12505849795,-2902.3179330925545,-2902.3179330925545,-2902.3179330925545,4695.451677046957,4695.451677046957,4695.451677046957,-7597.769610139511,-7597.769610139511,-7597.769610139511,0.0,0.0,0.0,19962.807125405394
2011-01-06,22866.180095592674,15344.030039059733,42087.463678501466,22866.180095592674,22866.180095592674,5881.297941404722,5881.297941404722,5881.297941404722,12609.718154197097,12609.718154197097,12609.718154197097,-6728.420212792375,-6728.420212792375,-6728.420212792375,0.0,0.0,0.0,28747.478036997396
2011-01-07,22867.23513268739,7112.994675637089,33799.74476539401,22867.23513268739,22867.23513268739,-3503.123014774445,-3503.123014774445,-3503.123014774445,2363.2453064742904,2363.2453064742904,2363.2453064742904,-5866.368321248735,-5866.368321248735,-5866.368321248735,0.0,0.0,0.0,19364.112117912944
2011-01-09,22869.345206876835,-722.0059960689454,26340.55540296057,22869.345206876835,22869.345206876835,-9862.852304097016,-9862.852304097016,-9862.852304097016,-5611.022087639131,-5611.022087639131,-5611.022087639131,-4251.830216457883,-4251.830216457883,-4251.830216457883,0.0,0.0,0.0,13006.492902779819
2011-01-10,22870.400243971555,12165.759103752684,37688.56899860402,22870.400243971555,22870.400243971555,1941.9235045380942,1941.9235045380942,1941.9235045380942,5481.851792087367,5481.851792087367,5481.851792087367,-3539.9282875492736,-3539.9282875492736,-3539.9282875492736,0.0,0.0,0.0,24812.32374850965
2011-01-11,22871.45528106627,15761.930532020076,42765.91022794746,22871.45528106627,22871.45528106627,5444.5398154820905,5444.5398154820905,5444.5398154820905,8360.088439981444,8360.088439981444,8360.088439981444,-2915.548624499354,-2915.548624499354,-2915.548624499354,0.0,0.0,0.0,28315.995096548362
2011-01-12,22872.510318160996,10897.960891008173,38140.04587842263,22872.510318160996,22872.510318160996,2301.762385514601,2301.762385514601,2301.762385514601,4695.451677098362,4695.451677098362,4695.451677098362,-2393.6892915837607,-2393.6892915837607,-2393.6892915837607,0.0,0.0,0.0,25174.272703675597
2011-01-13,22873.565355255716,19472.862660978775,46893.99516205212,22873.565355255716,22873.565355255716,10623.155916145031,10623.155916145031,10623.155916145031,12609.71815418971,12609.71815418971,12609.71815418971,-1986.562238044677,-1986.562238044677,-1986.562238044677,0.0,0.0,0.0,33496.72127140075
2011-01-14,22874.620392350436,10613.768112290216,36332.431776219775,22874.620392350436,22874.620392350436,659.919212705717,659.919212705717,659.919212705717,2363.2453064904175,2363.2453064904175,2363.2453064904175,-1703.3260937847006,-1703.3260937847006,-1703.3260937847006,0.0,0.0,0.0,23534.539605056154
2011-01-16,22876.730466539877,2239.0935930559963,29036.18812689124,22876.730466539877,22876.730466539877,-7139.86190386878,-7139.86190386878,-7139.86190386878,-5611.022087616772,-5611.022087616772,-5611.022087616772,-1528.8398162520077,-1528.8398162520077,-1528.8398162520077,0.0,0.0,0.0,15736.868562671098
2011-01-17,22877.785503634597,12944.627030491572,39786.258341911685,22877.785503634597,22877.785503634597,3842.502110380729,3842.502110380729,3842.502110380729,5481.851792077902,5481.851792077902,5481.851792077902,-1639.3496816971742,-1639.3496816971742,-1639.3496816971742,0.0,0.0,0.0,26720.287614015328
2011-01-18,22879.304921426527,15743.27313967382,43192.64025887551,22879.304921426527,22879.304921426527,6482.776458171075,6482.776458171075,6482.776458171075,8360.088439967894,8360.088439967894,8360.088439967894,-1877.3119817968204,-1877.3119817968204,-1877.3119817968204,0.0,0.0,0.0,29362.081379597603
2011-01-19,22880.824339218452,11767.346285698888,38698.481513103354,22880.824339218452,22880.824339218452,2460.000609873638,2460.000609873638,2460.000609873638,4695.451677058285,4695.451677058285,4695.451677058285,-2235.4510671846474,-2235.4510671846474,-2235.4510671846474,0.0,0.0,0.0,25340.82494909209
2011-01-20,22882.343757010378,18911.283436432932,46246.99579286803,22882.343757010378,22882.343757010378,9906.161969037028,9906.161969037028,9906.161969037028,12609.718154215483,12609.718154215483,12609.718154215483,-2703.556185178454,-2703.556185178454,-2703.556185178454,0.0,0.0,0.0,32788.505726047406
2011-01-21,22883.863174802307,7958.371315146858,34170.446290358486,22883.863174802307,22883.863174802307,-905.5354939864708,-905.5354939864708,-905.5354939864708,2363.245306475768,2363.245306475768,2363.245306475768,-3268.780800462239,-3268.780800462239,-3268.780800462239,0.0,0.0,0.0,21978.327680815837
2011-01-23,22886.90201038616,-623.8025959493457,27129.93803673954,22886.90201038616,22886.90201038616,-10239.285250056051,-10239.285250056051,-10239.285250056051,-5611.022087603059,-5611.022087603059,-5611.022087603059,-4628.263162452993,-4628.263162452993,-4628.263162452993,0.0,0.0,0.0,12647.616760330107
2011-01-24,22888.421428178088,9488.704897162634,37130.21213088148,22888.421428178088,22888.421428178088,94.66263739080867,94.66263739080867,94.66263739080867,5481.851792076383,5481.851792076383,5481.851792076383,-5387.189154685574,-5387.189154685574,-5387.189154685574,0.0,0.0,0.0,22983.084065568895
2011-01-25,22889.940845970013,10452.049477977349,38481.451701053375,22889.940845970013,22889.940845970013,2186.561301084818,2186.561301084818,2186.561301084818,8360.088440003225,8360.088440003225,8360.088440003225,-6173.527138918406,-6173.527138918406,-6173.527138918406,0.0,0.0,0.0,25076.50214705483
2011-01-26,22891.46026376194,7294.353870324475,33716.41376658116,22891.46026376194,22891.46026376194,-2272.1824243710853,-2272.1824243710853,-2272.1824243710853,4695.451677073421,4695.451677073421,4695.451677073421,-6967.634101444506,-6967.634101444506,-6967.634101444506,0.0,0.0,0.0,20619.277839390852
2011-01-27,22892.97968155387,14079.800158260132,40240.90024900609,22892.97968155387,22892.97968155387,4859.721408940497,4859.721408940497,4859.721408940497,12609.71815424244,12609.71815424244,12609.71815424244,-7749.9967453019435,-7749.9967453019435,-7749.9967453019435,0.0,0.0,0.0,27752.701090494367
2011-01-28,22894.499099345794,3031.430642451758,29618.603043053972,22894.499099345794,22894.499099345794,-6138.491566107991,-6138.491566107991,-6138.491566107991,2363.245306435502,2363.245306435502,2363.245306435502,-8501.736872543492,-8501.736872543492,-8501.736872543492,0.0,0.0,0.0,16756.007533237804
2011-01-30,22897.53793492965,-6888.97827727635,21121.852223532173,22897.53793492965,22897.53793492965,-15454.891558102487,-15454.891558102487,-15454.891558102487,-5611.022087633076,-5611.022087633076,-5611.022087633076,-9843.869470469412,-9843.869470469412,-9843.869470469412,0.0,0.0,0.0,7442.646376827162
2011-01-31,22899.057352721575,4862.57193095204,31734.911242274346,22899.057352721575,22899.057352721575,-4921.977673591012,-4921.977673591012,-4921.977673591012,5481.851792066916,5481.851792066916,5481.851792066916,-10403.829465657927,-10403.829465657927,-10403.829465657927,0.0,0.0,0.0,17977.079679130562
2011-02-01,22900.5767705135,7618.998533869197,33798.55641548305,22900.5767705135,22900.5767705135,-2512.9530719813383,-2512.9530719813383,-2512.9530719813383,8360.088439989675,8360.088439989675,8360.088439989675,-10873.041511971014,-10873.041511971014,-10873.041511971014,0.0,0.0,0.0,20387.623698532163
2011-02-02,22902.09618830543,3320.055311996404,30244.769321864384,22902.09618830543,22902.09618830543,-6546.699272542838,-6546.699272542838,-6546.699272542838,4695.451677088558,4695.451677088558,4695.451677088558,-11242.150949631396,-11242.150949631396,-11242.150949631396,0.0,0.0,0.0,16355.39691576259
2011-02-03,22903.615606097355,10795.90047323572,37260.62749066285,22903.615606097355,22903.615606097355,1105.1366229869982,1105.1366229869982,1105.1366229869982,12609.718154165175,12609.718154165175,12609.718154165175,-11504.581531178177,-11504.581531178177,-11504.581531178177,0.0,0.0,0.0,24008.752229084355
2011-02-04,22905.13502388928,-216.178576857835,26382.758624554903,22905.13502388928,22905.13502388928,-9293.413160473552,-9293.413160473552,-9293.413160473552,2363.245306502869,2363.245306502869,2363.245306502869,-11656.65846697642,-11656.65846697642,-11656.65846697642,0.0,0.0,0.0,13611.721863415729
2011-02-06,22908.173859473136,-8328.682929744775,19843.434077348717,22908.173859473136,22908.173859473136,-17240.756033675912,-17240.756033675912,-17240.756033675912,-5611.02208761504,-5611.02208761504,-5611.02208761504,-11629.733946060873,-11629.733946060873,-11629.733946060873,0.0,0.0,0.0,5667.4178257972235
2011-02-07,22909.69327726507,4238.356127404864,30231.278974572535,22909.69327726507,22909.69327726507,-5976.01918938353,-5976.01918938353,-5976.01918938353,5481.851792077056,5481.851792077056,5481.851792077056,-11457.870981460586,-11457.870981460586,-11457.870981460586,0.0,0.0,0.0,16933.67408788154
2011-02-08,22911.5360467893,7759.09329239757,32804.28778992073,22911.5360467893,22911.5360467893,-2829.5339687885094,-2829.5339687885094,-2829.5339687885094,8360.088440007139,8360.088440007139,8360.088440007139,-11189.622408795649,-11189.622408795649,-11189.622408795649,0.0,0.0,0.0,20082.00207800079
2011-02-09,22913.378816313532,3395.1076059720467,30190.83203233448,22913.378816313532,22913.378816313532,-6139.4332723182815,-6139.4332723182815,-6139.4332723182815,4695.451677103695,4695.451677103695,4695.451677103695,-10834.884949421976,-10834.884949421976,-10834.884949421976,0.0,0.0,0.0,16773.94554399525
2011-02-10,22915.221585837768,12475.51524609474,38386.18227479164,22915.221585837768,22915.221585837768,2204.147405427671,2204.147405427671,2204.147405427671,12609.718154156604,12609.718154156604,12609.718154156604,-10405.570748728933,-10405.570748728933,-10405.570748728933,0.0,0.0,0.0,25119.368991265437
2011-02-11,22917.064355362,2186.6355063960386,27784.6927119784,22917.064355362,22917.064355362,-7551.990206738692,-7551.990206738692,-7551.990206738692,2363.2453064626034,2363.2453064626034,2363.2453064626034,-9915.235513201294,-9915.235513201294,-9915.235513201294,0.0,0.0,0.0,15365.074148623307
2011-02-13,22920.749894410463,-5497.459406517782,21812.13660978795,22920.749894410463,22920.749894410463,-14422.46601840043,-14422.46601840043,-14422.46601840043,-5611.022087597005,-5611.022087597005,-5611.022087597005,-8811.443930803422,-8811.443930803422,-8811.443930803422,0.0,0.0,0.0,8498.283876010033
2011-02-14,22922.592663934694,7003.53843544002,33270.287929771715,22922.592663934694,22922.592663934694,-2747.6320382810213,-2747.6320382810213,-2747.6320382810213,5481.851792087199,5481.851792087199,5481.851792087199,-8229.48383036822,-8229.48383036822,-8229.48383036822,0.0,0.0,0.0,20174.96062565367
2011-02-15,22924.43543345893,11151.002458134943,36495.848541900516,22924.43543345893,22924.43543345893,711.5053277527695,711.5053277527695,711.5053277527695,8360.088439980447,8360.088439980447,8360.088439980447,-7648.583112227679,-7648.583112227679,-7648.583112227679,0.0,0.0,0.0,23635.9407612117
2011-02-16,22926.27820298316,8818.762772991468,34088.07417023469,22926.27820298316,22926.27820298316,-2388.520375723148,-2388.520375723148,-2388.520375723148,4695.451677063615,4695.451677063615,4695.451677063615,-7083.972052786763,-7083.972052786763,-7083.972052786763,0.0,0.0,0.0,20537.757827260015
2011-02-17,22928.120972507397,15475.905228297044,41663.251910070365,22928.120972507397,22928.120972507397,6059.826773325201,6059.826773325201,6059.826773325201,12609.71815418356,12609.71815418356,12609.71815418356,-6549.891380858358,-6549.891380858358,-6549.891380858358,0.0,0.0,0.0,28987.9477458326
2011-02-18,22929.96374203163,6042.658704179754,32925.19855643187,22929.96374203163,22929.96374203163,-3695.9588804993905,-3695.9588804993905,-3695.9588804993905,2363.2453064479546,2363.2453064479546,2363.2453064479546,-6059.204186947346,-6059.204186947346,-6059.204186947346,0.0,0.0,0.0,19234.004861532238
2011-02-20,22933.649281080092,-1504.5308428920077,26714.782825282407,22933.649281080092,22933.649281080092,-10861.597189501656,-10861.597189501656,-10861.597189501656,-5611.022087683714,-5611.022087683714,-5611.022087683714,-5250.575101817943,-5250.575101817943,-5250.575101817943,0.0,0.0,0.0,12072.052091578436
2011-02-21,22935.492050604324,10262.503049512772,36839.45749778418,22935.492050604324,22935.492050604324,533.179492169861,533.179492169861,533.179492169861,5481.851792081705,5481.851792081705,5481.851792081705,-4948.672299911844,-4948.672299911844,-4948.672299911844,0.0,0.0,0.0,23468.671542774184
2011-02-22,22937.33482012856,14018.156745682172,39876.1399139281,22937.33482012856,22937.33482012856,3638.2285227063066,3638.2285227063066,3638.2285227063066,8360.08843999791,8360.08843999791,8360.08843999791,-4721.859917291604,-4721.859917291604,-4721.859917291604,0.0,0.0,0.0,26575.563342834866
2011-02-23,22939.17758965279,9232.457567101006,36247.8363126782,22939.17758965279,22939.17758965279,123.27192503547855,123.27192503547855,123.27192503547855,4695.451677078752,4695.451677078752,4695.451677078752,-4572.179752043274,-4572.179752043274,-4572.179752043274,0.0,0.0,0.0,23062.44951468827
2011-02-24,22941.020359177022,18048.287479629053,44486.85292256526,22941.020359177022,22941.020359177022,8110.528103680293,8110.528103680293,8110.528103680293,12609.718154210517,12609.718154210517,12609.718154210517,-4499.190050530225,-4499.190050530225,-4499.190050530225,0.0,0.0,0.0,31051.548462857314
2011-02-25,22942.863128701258,7965.237646002641,35838.076310139375,22942.863128701258,22942.863128701258,-2136.782895108101,-2136.782895108101,-2136.782895108101,2363.245306433308,2363.245306433308,2363.245306433308,-4500.0282015414095,-4500.0282015414095,-4500.0282015414095,0.0,0.0,0.0,20806.08023359316
2011-02-27,22946.548667749725,-1717.1703986521509,26477.77613214614,22946.548667749725,22946.548667749725,-10311.521576146031,-10311.521576146031,-10311.521576146031,-5611.0220876656795,-5611.0220876656795,-5611.0220876656795,-4700.499488480354,-4700.499488480354,-4700.499488480354,0.0,0.0,0.0,12635.027091603693
2011-02-28,22948.391437273956,10405.477425121602,36724.072638228514,22948.391437273956,22948.391437273956,598.0248191419226,598.0248191419226,598.0248191419226,5481.851792072237,5481.851792072237,5481.851792072237,-4883.826972930314,-4883.826972930314,-4883.826972930314,0.0,0.0,0.0,23546.41625641588
2011-03-01,22950.31170339372,12054.221774939251,38803.3788903618,22950.31170339372,22950.31170339372,3251.148235848369,3251.148235848369,3251.148235848369,8360.08843998436,8360.08843998436,8360.08843998436,-5108.940204135991,-5108.940204135991,-5108.940204135991,0.0,0.0,0.0,26201.45993924209
2011-03-02,22952.231969513483,8513.33541560688,35899.12918710693,22952.231969513483,22952.231969513483,-668.6342695929669,-668.6342695929669,-668.6342695929669,4695.451677057617,4695.451677057617,4695.451677057617,-5364.085946650584,-5364.085946650584,-5364.085946650584,0.0,0.0,0.0,22283.597699920516
2011-03-03,22954.15223563325,17101.22799514711,44297.592526958884,22954.15223563325,22954.15223563325,6972.991068899141,6972.991068899141,6972.991068899141,12609.718154201946,12609.718154201946,12609.718154201946,-5636.727085302806,-5636.727085302806,-5636.727085302806,0.0,0.0,0.0,29927.14330453239
2011-03-04,22956.072501753013,6854.133880645725,32502.41765519364,22956.072501753013,22956.072501753013,-3550.6997517228283,-3550.6997517228283,-3550.6997517228283,2363.245306475055,2363.245306475055,2363.245306475055,-5913.945058197884,-5913.945058197884,-5913.945058197884,0.0,0.0,0.0,19405.372750030183
2011-03-06,22959.913033992547,-3120.9257246833017,24192.715366096003,22959.913033992547,22959.913033992547,-12042.006003984774,-12042.006003984774,-12042.006003984774,-5611.022087647644,-5611.022087647644,-5611.022087647644,-6430.983916337131,-6430.983916337131,-6430.983916337131,0.0,0.0,0.0,10917.907030007773
2011-03-07,22961.83330011231,7702.974926485574,35351.42622549814,22961.83330011231,22961.83330011231,-1164.8605826521807,-1164.8605826521807,-1164.8605826521807,5481.85179206277,5481.85179206277,5481.85179206277,-6646.712374714951,-6646.712374714951,-6646.712374714951,0.0,0.0,0.0,21796.97271746013
2011-03-08,22963.753566232073,10900.661963680968,37596.97690846917,22963.753566232073,22963.753566232073,1540.5075557111288,1540.5075557111288,1540.5075557111288,8360.088439970814,8360.088439970814,8360.088439970814,-6819.580884259686,-6819.580884259686,-6819.580884259686,0.0,0.0,0.0,24504.261121943204
2011-03-09,22965.673832351844,6671.112475968532,34188.3967600457,22965.673832351844,22965.673832351844,-2245.186211888973,-2245.186211888973,-2245.186211888973,4695.451677107404,4695.451677107404,4695.451677107404,-6940.637888996378,-6940.637888996378,-6940.637888996378,0.0,0.0,0.0,20720.48762046287
2011-03-10,22967.594098471607,15824.994761301314,41496.626435999606,22967.594098471607,22967.594098471607,5607.010537999948,5607.010537999948,5607.010537999948,12609.718154194557,12609.718154194557,12609.718154194557,-7002.707616194609,-7002.707616194609,-7002.707616194609,0.0,0.0,0.0,28574.604636471555
2011-03-11,22969.51436459137,5335.370615355806,31885.445877104117,22969.51436459137,22969.51436459137,-4637.362121165852,-4637.362121165852,-4637.362121165852,2363.2453064347874,2363.2453064347874,2363.2453064347874,-7000.60742760064,-7000.60742760064,-7000.60742760064,0.0,0.0,0.0,18332.152243425517
2011-03-13,22973.3548968309,-2168.250572182469,23584.141543124802,22973.3548968309,22973.3548968309,-12405.020298406997,-12405.020298406997,-12405.020298406997,-5611.022087625288,-5611.022087625288,-5611.022087625288,-6793.9982107817095,-6793.9982107817095,-6793.9982107817095,0.0,0.0,0.0,10568.334598423904
2011-03-14,22975.275162950667,8417.952879606702,35130.53790906777,22975.275162950667,22975.275162950667,-1108.3021075990819,-1108.3021075990819,-1108.3021075990819,5481.851792057278,5481.851792057278,5481.851792057278,-6590.1538996563595,-6590.1538996563595,-6590.1538996563595,0.0,0.0,0.0,21866.973055351584
2011-03-15,22977.195429070434,10873.489982344561,39046.043182773115,22977.195429070434,22977.195429070434,2036.6473723134143,2036.6473723134143,2036.6473723134143,8360.088439975138,8360.088439975138,8360.088439975138,-6323.4410676617235,-6323.4410676617235,-6323.4410676617235,0.0,0.0,0.0,25013.84280138385
2011-03-16,22979.115695190198,7803.711736040818,34382.57094907227,22979.115695190198,22979.115695190198,-1304.172733107549,-1304.172733107549,-1304.172733107549,4695.45167708627,4695.45167708627,4695.45167708627,-5999.624410193818,-5999.624410193818,-5999.624410193818,0.0,0.0,0.0,21674.94296208265
2011-03-17,22981.03596130996,17437.408818118085,42747.36929000893,22981.03596130996,22981.03596130996,6983.334743910644,6983.334743910644,6983.334743910644,12609.718154187167,12609.718154187167,12609.718154187167,-5626.383410276524,-5626.383410276524,-5626.383410276524,0.0,0.0,0.0,29964.370705220605
2011-03-18,22982.956227429728,6003.54313593119,33206.317443768276,22982.956227429728,22982.956227429728,-2849.8300885720364,-2849.8300885720364,-2849.8300885720364,2363.24530639452,2363.24530639452,2363.24530639452,-5213.075394966556,-5213.075394966556,-5213.075394966556,0.0,0.0,0.0,20133.12613885769
2011-03-20,22986.796759669258,-671.3895115822627,26824.096143580908,22986.796759669258,22986.796759669258,-9921.33170688971,-9921.33170688971,-9921.33170688971,-5611.022087663947,-5611.022087663947,-5611.022087663947,-4310.309619225762,-4310.309619225762,-4310.309619225762,0.0,0.0,0.0,13065.465052779547
2011-03-21,22988.71702578902,12259.77836216232,37294.37445495961,22988.71702578902,22988.71702578902,1636.6835871095868,1636.6835871095868,1636.6835871095868,5481.8517920674185,5481.8517920674185,5481.8517920674185,-3845.168204957832,-3845.168204957832,-3845.168204957832,0.0,0.0,0.0,24625.400612898608
2011-03-22,22990.637291908788,14070.80539459856,41927.984327389335,22990.637291908788,22990.637291908788,4972.239915064016,4972.239915064016,4972.239915064016,8360.0884399926,8360.0884399926,8360.0884399926,-3387.848524928584,-3387.848524928584,-3387.848524928584,0.0,0.0,0.0,27962.877206972804
2011-03-23,22992.594209473977,11735.473836774205,38909.220764453705,22992.594209473977,22992.594209473977,1744.3516440505941,1744.3516440505941,1744.3516440505941,4695.451677101408,4695.451677101408,4695.451677101408,-2951.100033050813,-2951.100033050813,-2951.100033050813,0.0,0.0,0.0,24736.945853524572
2011-03-24,22994.55112703917,19572.04127110005,46120.48562651274,22994.55112703917,22994.55112703917,10062.51156071858,10062.51156071858,10062.51156071858,12609.718154214126,12609.718154214126,12609.718154214126,-2547.2065934955453,-2547.2065934955453,-2547.2065934955453,0.0,0.0,0.0,33057.062687757745
2011-03-25,22996.508044604358,9444.58755223061,36940.30603043853,22996.508044604358,22996.508044604358,175.63551412679055,175.63551412679055,175.63551412679055,2363.2453064362653,2363.2453064362653,2363.2453064362653,-2187.609792309475,-2187.609792309475,-2187.609792309475,0.0,0.0,0.0,23172.14355873115
2011-03-27,23000.421879734735,2207.010492643454,29288.80055923594,23000.421879734735,23000.421879734735,-7251.806495673974,-7251.806495673974,-7251.806495673974,-5611.022087641591,-5611.022087641591,-5611.022087641591,-1640.7844080323835,-1640.7844080323835,-1640.7844080323835,0.0,0.0,0.0,15748.615384060762
2011-03-28,23002.378797299927,13446.415240368613,40297.18327921767,23002.378797299927,23002.378797299927,4012.6068630254085,4012.6068630254085,4012.6068630254085,5481.851792077559,5481.851792077559,5481.851792077559,-1469.2449290521515,-1469.2449290521515,-1469.2449290521515,0.0,0.0,0.0,27014.985660325336
2011-03-29,23004.335714865116,17152.169377934857,42942.192644920484,23004.335714865116,23004.335714865116,6987.200364252613,6987.200364252613,6987.200364252613,8360.08844001006,8360.08844001006,8360.08844001006,-1372.888075757446,-1372.888075757446,-1372.888075757446,0.0,0.0,0.0,29991.53607911773
2011-03-30,23006.292632430308,14208.690405168296,40447.25842778462,23006.292632430308,23006.292632430308,3340.952492225296,3340.952492225296,3340.952492225296,4695.451677061327,4695.451677061327,4695.451677061327,-1354.4991848360312,-1354.4991848360312,-1354.4991848360312,0.0,0.0,0.0,26347.245124655605
2011-03-31,23008.249549995493,21210.48534016043,47557.88038607734,23008.249549995493,23008.249549995493,11195.115992104715,11195.115992104715,11195.115992104715,12609.718154171207,12609.718154171207,12609.718154171207,-1414.6021620664912,-1414.6021620664912,-1414.6021620664912,0.0,0.0,0.0,34203.365542100204
2011-04-01,23010.206467560685,10228.36328007376,36710.217564902334,23010.206467560685,23010.206467560685,811.8165337357176,811.8165337357176,811.8165337357176,2363.24530642162,2363.24530642162,2363.24530642162,-1551.4287726859027,-1551.4287726859027,-1551.4287726859027,0.0,0.0,0.0,23822.023001296402
2011-04-03,23014.120302691066,1068.7735674225978,28784.48008652516,23014.120302691066,23014.120302691066,-7648.0278570718265,-7648.0278570718265,-7648.0278570718265,-5611.022087623554,-5611.022087623554,-5611.022087623554,-2037.0057694482723,-2037.0057694482723,-2037.0057694482723,0.0,0.0,0.0,15366.09244561924
2011-04-04,23016.07722025625,12522.089752925573,40493.61238436161,23016.07722025625,23016.07722025625,3110.433925322748,3110.433925322748,3110.433925322748,5481.85179206809,5481.85179206809,5481.85179206809,-2371.417866745342,-2371.417866745342,-2371.417866745342,0.0,0.0,0.0,26126.511145579
2011-04-05,23018.034137821443,16025.814127539463,41901.56184388451,23018.034137821443,23018.034137821443,5605.820344526067,5605.820344526067,5605.820344526067,8360.088440001242,8360.088440001242,8360.088440001242,-2754.268095475175,-2754.268095475175,-2754.268095475175,0.0,0.0,0.0,28623.85448234751
2011-04-06,23019.991055386632,11220.429816309757,38667.30578579214,23019.991055386632,23019.991055386632,1521.3034821834028,1521.3034821834028,1521.3034821834028,4695.451677076463,4695.451677076463,4695.451677076463,-3174.1481948930605,-3174.1481948930605,-3174.1481948930605,0.0,0.0,0.0,24541.294537570036
2011-04-07,23021.94797295182,18375.462127202092,46066.05494836803,23021.94797295182,23021.94797295182,8991.232556236799,8991.232556236799,8991.232556236799,12609.718154198164,12609.718154198164,12609.718154198164,-3618.4855979613653,-3618.4855979613653,-3618.4855979613653,0.0,0.0,0.0,32013.18052918862
2011-04-08,23023.904890517013,7672.682026324707,35092.75750618286,23023.904890517013,23023.904890517013,-1710.6530095066819,-1710.6530095066819,-1710.6530095066819,2363.2453064069714,2363.2453064069714,2363.2453064069714,-4073.8983159136537,-4073.8983159136537,-4073.8983159136537,0.0,0.0,0.0,21313.251881010332
2011-04-10,23027.818725647394,-1182.41802282307,26950.521588074047,23027.818725647394,23027.818725647394,-10573.684058368906,-10573.684058368906,-10573.684058368906,-5611.0220876535695,-5611.0220876535695,-5611.0220876535695,-4962.661970715337,-4962.661970715337,-4962.661970715337,0.0,0.0,0.0,12454.134667278488
2011-04-11,23029.77564321258,9726.662901616974,36424.767623075444,23029.77564321258,23029.77564321258,113.18432723721503,113.18432723721503,113.18432723721503,5481.851792082208,5481.851792082208,5481.851792082208,-5368.667464844993,-5368.667464844993,-5368.667464844993,0.0,0.0,0.0,23142.959970449792
2011-04-12,23031.73256077777,11464.23472669279,39598.23874052976,23031.73256077777,23031.73256077777,2628.2527662401535,2628.2527662401535,2628.2527662401535,8360.08843995668,8360.08843995668,8360.08843995668,-5731.835673716528,-5731.835673716528,-5731.835673716528,0.0,0.0,0.0,25659.985327017923
2011-04-13,23033.689518035604,8069.246417711042,34212.73533622026,23033.689518035604,23033.689518035604,-1345.0638267547254,-1345.0638267547254,-1345.0638267547254,4695.4516770916,4695.4516770916,4695.4516770916,-6040.515503846325,-6040.515503846325,-6040.515503846325,0.0,0.0,0.0,21688.62569128088
2011-04-14,23035.646475293437,16572.781253099816,41714.01263744848,23035.646475293437,23035.646475293437,6325.226186548256,6325.226186548256,6325.226186548256,12609.718154190776,12609.718154190776,12609.718154190776,-6284.491967642519,-6284.491967642519,-6284.491967642519,0.0,0.0,0.0,29360.87266184169
2011-04-15,23037.60343255127,6217.124699891897,32651.447293872687,23037.60343255127,23037.60343255127,-4092.032553482374,-4092.032553482374,-4092.032553482374,2363.2453063667044,2363.2453063667044,2363.2453063667044,-6455.277859849079,-6455.277859849079,-6455.277859849079,0.0,0.0,0.0,18945.570879068895
2011-04-17,23041.51734706694,-2289.260312388132,23556.977691163596,23041.51734706694,23041.51734706694,-12164.389599371503,-12164.389599371503,-12164.389599371503,-5611.022087635536,-5611.022087635536,-5611.022087635536,-6553.367511735966,-6553.367511735966,-6553.367511735966,0.0,0.0,0.0,10877.127747695436
2011-04-18,23043.474304324773,9807.460011697995,35550.1583709076,23043.474304324773,23043.474304324773,-992.3819257756829,-992.3819257756829,-992.3819257756829,5481.851792072741,5481.851792072741,5481.851792072741,-6474.233717848424,-6474.233717848424,-6474.233717848424,0.0,0.0,0.0,22051.09237854909
2011-04-19,23045.43126158261,11813.529192188964,38830.50305668747,23045.43126158261,23045.43126158261,2050.868371133195,2050.868371133195,2050.868371133195,8360.088439974146,8360.088439974146,8360.088439974146,-6309.220068840949,-6309.220068840949,-6309.220068840949,0.0,0.0,0.0,25096.299632715803
2011-04-20,23047.388218840442,8010.811772812129,35480.41652824159,23047.388218840442,23047.388218840442,-1365.476906427749,-1365.476906427749,-1365.476906427749,4695.451677106737,4695.451677106737,4695.451677106737,-6060.928583534486,-6060.928583534486,-6060.928583534486,0.0,0.0,0.0,21681.911312412692
2011-04-21,23049.34517609828,16304.303590924614,43809.58167000722,23049.34517609828,23049.34517609828,6875.491898160475,6875.491898160475,6875.491898160475,12609.71815421655,12609.71815421655,12609.71815421655,-5734.226256056075,-5734.226256056075,-5734.226256056075,0.0,0.0,0.0,29924.837074258754
2011-04-26,23059.129962387447,14178.335158675409,42190.41553614417,23059.129962387447,23059.129962387447,5128.556660417289,5128.556660417289,5128.556660417289,8360.088440009475,8360.088440009475,8360.088440009475,-3231.5317795921865,-3231.5317795921865,-3231.5317795921865,0.0,0.0,0.0,28187.686622804737
2011-04-27,23061.08691964528,12240.349280331588,36944.9565467823,23061.08691964528,23061.08691964528,2056.1508633816775,2056.1508633816775,2056.1508633816775,4695.451677066658,4695.451677066658,4695.451677066658,-2639.3008136849808,-2639.3008136849808,-2639.3008136849808,0.0,0.0,0.0,25117.237783026958
2011-04-28,23063.043876903117,21170.895516222503,46940.360693793256,23063.043876903117,23063.043876903117,10561.66693272321,10561.66693272321,10561.66693272321,12609.71815420916,12609.71815420916,12609.71815420916,-2048.051221485951,-2048.051221485951,-2048.051221485951,0.0,0.0,0.0,33624.710809626325
2011-05-01,23068.91474867662,1992.7454370771209,31406.99406008643,23068.91474867662,23068.91474867662,-6028.272099456315,-6028.272099456315,-6028.272099456315,-5611.0220875994655,-5611.0220875994655,-5611.0220875994655,-417.25001185684897,-417.25001185684897,-417.25001185684897,0.0,0.0,0.0,17040.642649220303
2011-05-03,23072.82866319229,16836.049062002792,45435.17265560533,23072.82866319229,23072.82866319229,8788.223637443269,8788.223637443269,8788.223637443269,8360.088439995927,8360.088439995927,8360.088439995927,428.13519744734197,428.13519744734197,428.13519744734197,0.0,0.0,0.0,31861.052300635558
2011-05-04,23074.785620450122,14819.421075312432,41859.29981939781,23074.785620450122,23074.785620450122,5443.997011677637,5443.997011677637,5443.997011677637,4695.451677118064,4695.451677118064,4695.451677118064,748.5453345595713,748.5453345595713,748.5453345595713,0.0,0.0,0.0,28518.78263212776
2011-05-05,23076.74257770796,23135.912790424452,49674.60764307807,23076.74257770796,23076.74257770796,13601.415084482167,13601.415084482167,13601.415084482167,12609.718154201772,12609.718154201772,12609.718154201772,991.6969302803965,991.6969302803965,991.6969302803965,0.0,0.0,0.0,36678.157662190126
2011-05-06,23078.699534965792,13202.559074775629,40399.086460220264,23078.699534965792,23078.699534965792,3516.6404966005434,3516.6404966005434,3516.6404966005434,2363.2453064611714,2363.2453064611714,2363.2453064611714,1153.3951901393723,1153.3951901393723,1153.3951901393723,0.0,0.0,0.0,26595.340031566335
2011-05-08,23082.613449481458,3969.591299877365,31504.304540011643,23082.613449481458,23082.613449481458,-4384.272432673302,-4384.272432673302,-4384.272432673302,-5611.022087629479,-5611.022087629479,-5611.022087629479,1226.749654956177,1226.749654956177,1226.749654956177,0.0,0.0,0.0,18698.341016808154
2011-05-09,23084.57040673929,16965.147659693845,42241.41422723972,23084.57040673929,23084.57040673929,6622.99739372672,6622.99739372672,6622.99739372672,5481.851792071895,5481.851792071895,5481.851792071895,1141.1456016548245,1141.1456016548245,1141.1456016548245,0.0,0.0,0.0,29707.56780046601
2011-05-10,23086.52743337409,18923.018769949336,45408.31794540912,23086.52743337409,23086.52743337409,9339.52982789932,9339.52982789932,9339.52982789932,8360.088440013387,8360.088440013387,8360.088440013387,979.4413878859318,979.4413878859318,979.4413878859318,0.0,0.0,0.0,32426.05726127341
2011-05-11,23088.484460008887,14455.583312625406,41202.369680921656,23088.484460008887,23088.484460008887,5443.648767685554,5443.648767685554,5443.648767685554,4695.45167709693,4695.45167709693,4695.45167709693,748.1970905886228,748.1970905886228,748.1970905886228,0.0,0.0,0.0,28532.13322769444
2011-05-12,23090.441486643685,23580.91510217628,50027.19831777174,23090.441486643685,23090.441486643685,13065.447322197733,13065.447322197733,13065.447322197733,12609.718154194383,12609.718154194383,12609.718154194383,455.7291680033511,455.7291680033511,455.7291680033511,0.0,0.0,0.0,36155.88880884142
2011-05-13,23092.398513278487,12181.39993871564,39407.275270381506,23092.398513278487,23092.398513278487,2475.0990480910627,2475.0990480910627,2475.0990480910627,2363.2453064772985,2363.2453064772985,2363.2453064772985,111.85374161376387,111.85374161376387,111.85374161376387,0.0,0.0,0.0,25567.49756136955
2011-05-15,23096.312566548084,3423.044393427067,29753.599906102685,23096.312566548084,23096.312566548084,-6296.19385421089,-6296.19385421089,-6296.19385421089,-5611.022087615769,-5611.022087615769,-5611.022087615769,-685.1717665951214,-685.1717665951214,-685.1717665951214,0.0,0.0,0.0,16800.118712337193
2011-05-16,23098.269593182882,14038.410484554113,41258.834048160104,23098.269593182882,23098.269593182882,4367.837041781086,4367.837041781086,4367.837041781086,5481.851792082036,5481.851792082036,5481.851792082036,-1114.0147503009503,-1114.0147503009503,-1114.0147503009503,0.0,0.0,0.0,27466.106634963966
2011-05-17,23100.22661981768,17609.393259699817,43934.7227452029,23100.22661981768,23100.22661981768,6813.724166983074,6813.724166983074,6813.724166983074,8360.088439968826,8360.088439968826,8360.088439968826,-1546.3642729857538,-1546.3642729857538,-1546.3642729857538,0.0,0.0,0.0,29913.950786800753
2011-05-18,23102.183646452475,13015.912516872944,39695.58932595426,23102.183646452475,23102.183646452475,2725.603462160724,2725.603462160724,2725.603462160724,4695.451677056852,4695.451677056852,4695.451677056852,-1969.848214896128,-1969.848214896128,-1969.848214896128,0.0,0.0,0.0,25827.7871086132
2011-05-19,23104.140673087273,19814.626866077102,47194.40972032862,23104.140673087273,23104.140673087273,10237.06640509865,10237.06640509865,10237.06640509865,12609.718154184628,12609.718154184628,12609.718154184628,-2372.651749085978,-2372.651749085978,-2372.651749085978,0.0,0.0,0.0,33341.20707818592
2011-05-20,23106.09769972207,9772.37860300406,36409.93987009355,23106.09769972207,23106.09769972207,-380.60656232750586,-380.60656232750586,-380.60656232750586,2363.245306462652,2363.245306462652,2363.245306462652,-2743.851868790158,-2743.851868790158,-2743.851868790158,0.0,0.0,0.0,22725.491137394565
2011-05-22,23110.011752991668,253.4539159991932,27154.86959013468,23110.011752991668,23110.011752991668,-8965.025782051973,-8965.025782051973,-8965.025782051973,-5611.02208759341,-5611.02208759341,-5611.02208759341,-3354.0036944585636,-3354.0036944585636,-3354.0036944585636,0.0,0.0,0.0,14144.985970939695
2011-05-23,23111.968779626466,11673.09493158882,39080.874653274346,23111.968779626466,23111.968779626466,1903.7306712186648,1903.7306712186648,1903.7306712186648,5481.851792076545,5481.851792076545,5481.851792076545,-3578.12112085788,-3578.12112085788,-3578.12112085788,0.0,0.0,0.0,25015.69945084513
2011-05-24,23113.925806261264,13646.076083652719,40580.668514764024,23113.925806261264,23113.925806261264,4618.7281272678865,4618.7281272678865,4618.7281272678865,8360.08844000416,8360.08844000416,8360.08844000416,-3741.360312736273,-3741.360312736273,-3741.360312736273,0.0,0.0,0.0,27732.653933529153
2011-05-25,23115.882832896063,11277.220499405039,37801.56766325488,23115.882832896063,23115.882832896063,854.4710983810097,854.4710983810097,854.4710983810097,4695.451677071989,4695.451677071989,4695.451677071989,-3840.9805786909797,-3840.9805786909797,-3840.9805786909797,0.0,0.0,0.0,23970.353931277074
2011-05-26,23117.839859530864,19030.796660331176,46448.13725015896,23117.839859530864,23117.839859530864,8733.446141772485,8733.446141772485,8733.446141772485,12609.718154177237,12609.718154177237,12609.718154177237,-3876.272012404751,-3876.272012404751,-3876.272012404751,0.0,0.0,0.0,31851.28600130335
2011-05-27,23119.796886165663,8111.143239077808,35247.0450741794,23119.796886165663,23119.796886165663,-1485.3070304944267,-1485.3070304944267,-1485.3070304944267,2363.2453064480037,2363.2453064480037,2363.2453064480037,-3848.55233694243,-3848.55233694243,-3848.55233694243,0.0,0.0,0.0,21634.489855671236
2011-05-29,23123.71093943526,749.1487494128535,27675.61095849581,23123.71093943526,23123.71093943526,-9230.079312232334,-9230.079312232334,-9230.079312232334,-5611.022087623427,-5611.022087623427,-5611.022087623427,-3619.057224608906,-3619.057224608906,-3619.057224608906,0.0,0.0,0.0,13893.631627202925
2011-05-31,23127.624992704856,15596.18749286761,40879.175086271905,23127.624992704856,23127.624992704856,5160.261147771133,5160.261147771133,5160.261147771133,8360.088439990612,8360.088439990612,8360.088439990612,-3199.8272922194783,-3199.8272922194783,-3199.8272922194783,0.0,0.0,0.0,28287.88614047599
2011-06-01,23129.582019339654,10825.990191664177,38007.45752224062,23129.582019339654,23129.582019339654,1755.101943731874,1755.101943731874,1755.101943731874,4695.451677050854,4695.451677050854,4695.451677050854,-2940.3497333189803,-2940.3497333189803,-2940.3497333189803,0.0,0.0,0.0,24884.68396307153
2011-06-02,23131.539053364042,20641.098903854156,45652.21505508347,23131.539053364042,23131.539053364042,9948.588809293937,9948.588809293937,9948.588809293937,12609.718154204196,12609.718154204196,12609.718154204196,-2661.129344910259,-2661.129344910259,-2661.129344910259,0.0,0.0,0.0,33080.12786265798
2011-06-03,23133.49608738843,10519.273465535758,36790.49386545869,23133.49608738843,23133.49608738843,-9.853021625002489,-9.853021625002489,-9.853021625002489,2363.2453064897522,2363.2453064897522,2363.2453064897522,-2373.0983281147546,-2373.0983281147546,-2373.0983281147546,0.0,0.0,0.0,23123.643065763426
2011-06-05,23137.41015543721,1903.0501809073212,30416.189551208474,23137.41015543721,23137.41015543721,-7426.277799551322,-7426.277799551322,-7426.277799551322,-5611.022087662083,-5611.022087662083,-5611.022087662083,-1815.2557118892366,-1815.2557118892366,-1815.2557118892366,0.0,0.0,0.0,15711.13235588589
2011-06-06,23139.367189461598,12846.095575269333,39342.838737520906,23139.367189461598,23139.367189461598,3914.6230109543376,3914.6230109543376,3914.6230109543376,5481.851792077218,5481.851792077218,5481.851792077218,-1567.2287811228796,-1567.2287811228796,-1567.2287811228796,0.0,0.0,0.0,27053.990200415938
2011-06-07,23141.324223485986,16643.897697221153,43167.00984640248,23141.324223485986,23141.324223485986,7006.773882940801,7006.773882940801,7006.773882940801,8360.08843997706,8360.08843997706,8360.08843997706,-1353.3145570362608,-1353.3145570362608,-1353.3145570362608,0.0,0.0,0.0,30148.098106426787
2011-06-08,23143.281257510374,12999.951352430066,40265.643521178805,23143.281257510374,23143.281257510374,3513.0054212106156,3513.0054212106156,3513.0054212106156,4695.451677102264,4695.451677102264,4695.451677102264,-1182.446255891648,-1182.446255891648,-1182.446255891648,0.0,0.0,0.0,26656.28667872099
2011-06-09,23145.238291534766,21710.942557384737,48276.06451569014,23145.238291534766,23145.238291534766,11547.441571000028,11547.441571000028,11547.441571000028,12609.718154161277,12609.718154161277,12609.718154161277,-1062.2765831612494,-1062.2765831612494,-1062.2765831612494,0.0,0.0,0.0,34692.679862534795
2011-06-10,23147.195325559154,11989.710009973654,38537.055733377754,23147.195325559154,23147.195325559154,1364.2867570747621,1364.2867570747621,1364.2867570747621,2363.2453064494835,2363.2453064494835,2363.2453064494835,-998.9585493747214,-998.9585493747214,-998.9585493747214,0.0,0.0,0.0,24511.482082633916
2011-06-12,23151.10939360793,2471.325929974873,30203.784588357583,23151.10939360793,23151.10939360793,-6670.023342425462,-6670.023342425462,-6670.023342425462,-5611.022087639729,-5611.022087639729,-5611.022087639729,-1059.0012547857334,-1059.0012547857334,-1059.0012547857334,0.0,0.0,0.0,16481.08605118247
2011-06-13,23153.06642763232,15081.64242146426,41306.19447737777,23153.06642763232,23153.06642763232,4295.9869942462565,4295.9869942462565,4295.9869942462565,5481.85179206775,5481.85179206775,5481.85179206775,-1185.8647978214929,-1185.8647978214929,-1185.8647978214929,0.0,0.0,0.0,27449.053421878576
2011-06-14,23155.023461656707,16131.426456708688,43302.917199235366,23155.023461656707,23155.023461656707,6983.586243449959,6983.586243449959,6983.586243449959,8360.088439981384,8360.088439981384,8360.088439981384,-1376.5021965314254,-1376.5021965314254,-1376.5021965314254,0.0,0.0,0.0,30138.609705106664
2011-06-15,23156.980495681095,12885.907540297443,40059.511753235056,23156.980495681095,23156.980495681095,3067.437201383919,3067.437201383919,3067.437201383919,4695.451677079508,4695.451677079508,4695.451677079508,-1628.014475695589,-1628.014475695589,-1628.014475695589,0.0,0.0,0.0,26224.417697065015
2011-06-16,23158.937529705483,19153.653397479564,46783.07692707697,23158.937529705483,23158.937529705483,10673.959759271038,10673.959759271038,10673.959759271038,12609.718154188235,12609.718154188235,12609.718154188235,-1935.758394917196,-1935.758394917196,-1935.758394917196,0.0,0.0,0.0,33832.89728897652
2011-06-17,23160.89456372987,9524.503294164424,36382.86388789222,23160.89456372987,23160.89456372987,69.75471214744853,69.75471214744853,69.75471214744853,2363.245306434838,2363.245306434838,2363.245306434838,-2293.4905942873893,-2293.4905942873893,-2293.4905942873893,0.0,0.0,0.0,23230.64927587732
2011-06-19,23164.80863177865,1406.0724473972293,27155.81384951473,23164.80863177865,23164.80863177865,-8738.143249930768,-8738.143249930768,-8738.143249930768,-5611.022087678387,-5611.022087678387,-5611.022087678387,-3127.1211622523815,-3127.1211622523815,-3127.1211622523815,0.0,0.0,0.0,14426.665381847883
2011-06-20,23166.76566580304,11503.059518723405,38653.794331955294,23166.76566580304,23166.76566580304,1897.426576011991,1897.426576011991,1897.426576011991,5481.851792081866,5481.851792081866,5481.851792081866,-3584.425216069875,-3584.425216069875,-3584.425216069875,0.0,0.0,0.0,25064.19224181503
2011-06-21,23168.722699827427,13652.280767764936,40857.8946714581,23168.722699827427,23168.722699827427,4305.0144077064715,4305.0144077064715,4305.0144077064715,8360.08843999885,8360.08843999885,8360.08843999885,-4055.0740322923775,-4055.0740322923775,-4055.0740322923775,0.0,0.0,0.0,27473.7371075339
2011-06-22,23170.679733851815,10611.36859240894,37607.79088587857,23170.679733851815,23170.679733851815,167.11638007376476,167.11638007376476,167.11638007376476,4695.451677094643,4695.451677094643,4695.451677094643,-4528.335297020878,-4528.335297020878,-4528.335297020878,0.0,0.0,0.0,23337.79611392558
2011-06-23,23172.636771909314,17161.161368096316,44271.65073467377,23172.636771909314,23172.636771909314,7616.272507527718,7616.272507527718,7616.272507527718,12609.718154215192,12609.718154215192,12609.718154215192,-4993.445646687474,-4993.445646687474,-4993.445646687474,0.0,0.0,0.0,30788.90927943703
2011-06-24,23174.593809966813,6460.6431714010005,33554.459279583316,23174.593809966813,23174.593809966813,-3076.6687066219483,-3076.6687066219483,-3076.6687066219483,2363.2453063945686,2363.2453063945686,2363.2453063945686,-5439.914013016518,-5439.914013016518,-5439.914013016518,0.0,0.0,0.0,20097.925103344864
2011-06-26,23178.507886081807,-2426.757285037078,24589.150714493586,23178.507886081807,23178.507886081807,-11849.073225178683,-11849.073225178683,-11849.073225178683,-5611.02208765603,-5611.02208765603,-5611.02208765603,-6238.051137522653,-6238.051137522653,-6238.051137522653,0.0,0.0,0.0,11329.434660903124
2011-06-27,23180.464924139305,9289.77806396697,35540.714559534325,23180.464924139305,23180.464924139305,-1090.7623891788544,-1090.7623891788544,-1090.7623891788544,5481.851792072398,5481.851792072398,5481.851792072398,-6572.614181251252,-6572.614181251252,-6572.614181251252,0.0,0.0,0.0,22089.702534960452
2011-06-28,23182.421962196804,10875.397675690025,37939.960213517465,23182.421962196804,23182.421962196804,1505.3131366963457,1505.3131366963457,1505.3131366963457,8360.088439985298,8360.088439985298,8360.088439985298,-6854.775303288954,-6854.775303288954,-6854.775303288954,0.0,0.0,0.0,24687.73509889315
2011-06-29,23184.3790002543,8543.901736363652,33145.47004926749,23184.3790002543,23184.3790002543,-2383.8100328252876,-2383.8100328252876,-2383.8100328252876,4695.451677073509,4695.451677073509,4695.451677073509,-7079.261709898797,-7079.261709898797,-7079.261709898797,0.0,0.0,0.0,20800.56896742901
2011-06-30,23186.336038311798,15848.271776310487,41509.188013793195,23186.336038311798,23186.336038311798,5367.340894385348,5367.340894385348,5367.340894385348,12609.718154172275,12609.718154172275,12609.718154172275,-7242.377259786926,-7242.377259786926,-7242.377259786926,0.0,0.0,0.0,28553.676932697148
2011-07-01,23188.293076369293,4901.9905796089,31948.928920836013,23188.293076369293,23188.293076369293,-4978.831388998368,-4978.831388998368,-4978.831388998368,2363.245306461938,2363.245306461938,2363.245306461938,-7342.076695460306,-7342.076695460306,-7342.076695460306,0.0,0.0,0.0,18209.461687370924
2011-07-03,23192.20715248429,-3349.8230335509866,24221.80024652677,23192.20715248429,23192.20715248429,-12962.419834811733,-12962.419834811733,-12962.419834811733,-5611.022087637995,-5611.022087637995,-5611.022087637995,-7351.397747173737,-7351.397747173737,-7351.397747173737,0.0,0.0,0.0,10229.787317672557
2011-07-04,23194.16419054179,7372.914474210146,34571.75082598191,23194.16419054179,23194.16419054179,-1783.3044571169646,-1783.3044571169646,-1783.3044571169646,5481.851792062931,5481.851792062931,5481.851792062931,-7265.156249179896,-7265.156249179896,-7265.156249179896,0.0,0.0,0.0,21410.859733424826
2011-07-05,23196.121228599284,12343.367081063961,38036.18002253355,23196.121228599284,23196.121228599284,1236.508527558685,1236.508527558685,1236.508527558685,8360.088440002763,8360.088440002763,8360.088440002763,-7123.579912444076,-7123.579912444076,-7123.579912444076,0.0,0.0,0.0,24432.62975615797
2011-07-06,23198.078266656783,7377.224456248372,34313.736358750335,23198.078266656783,23198.078266656783,-2236.8289446807826,-2236.8289446807826,-2236.8289446807826,4695.451677069701,4695.451677069701,4695.451677069701,-6932.280621750483,-6932.280621750483,-6932.280621750483,0.0,0.0,0.0,20961.249321976
2011-07-07,23200.03530471428,15429.099283597072,41509.973844160086,23200.03530471428,23200.03530471428,5911.745821551947,5911.745821551947,5911.745821551947,12609.718154199232,12609.718154199232,12609.718154199232,-6697.972332647285,-6697.972332647285,-6697.972332647285,0.0,0.0,0.0,29111.78112626623
2011-07-08,23201.99234277178,5287.702215875641,32432.57443697473,23201.99234277178,23201.99234277178,-4065.001197049248,-4065.001197049248,-4065.001197049248,2363.2453064216693,2363.2453064216693,2363.2453064216693,-6428.246503470918,-6428.246503470918,-6428.246503470918,0.0,0.0,0.0,19136.99114572253
2011-07-10,23205.90641888677,-1416.1116575878186,24092.53769399559,23205.90641888677,23205.90641888677,-11426.82635363802,-11426.82635363802,-11426.82635363802,-5611.022087615639,-5611.022087615639,-5611.022087615639,-5815.804266022379,-5815.804266022379,-5815.804266022379,0.0,0.0,0.0,11779.08006524875
2011-07-11,23207.86345694427,9563.976788546956,36942.2025666075,23207.86345694427,23207.86345694427,-8.529633589044124,-8.529633589044124,-8.529633589044124,5481.851792077047,5481.851792077047,5481.851792077047,-5490.381425666092,-5490.381425666092,-5490.381425666092,0.0,0.0,0.0,23199.333823355224
2011-07-12,23209.820495001768,13321.630352872975,39810.975610829715,23209.820495001768,23209.820495001768,3196.4884569106684,3196.4884569106684,3196.4884569106684,8360.08843997607,8360.08843997607,8360.08843997607,-5163.599983065403,-5163.599983065403,-5163.599983065403,0.0,0.0,0.0,26406.308951912437
2011-07-13,23211.777533059267,10809.462551288512,37757.0714074741,23211.777533059267,23211.777533059267,-148.14226967161002,-148.14226967161002,-148.14226967161002,4695.451677084838,4695.451677084838,4695.451677084838,-4843.593946756448,-4843.593946756448,-4843.593946756448,0.0,0.0,0.0,23063.635263387656
2011-07-14,23213.73457111676,17843.37875478174,45677.8340142353,23213.73457111676,23213.73457111676,8071.8624599926125,8071.8624599926125,8071.8624599926125,12609.718154191843,12609.718154191843,12609.718154191843,-4537.855694199231,-4537.855694199231,-4537.855694199231,0.0,0.0,0.0,31285.597031109373
2011-07-15,23215.69160917426,8339.667531506155,34399.1478685972,23215.69160917426,23215.69160917426,-1889.7834506253796,-1889.7834506253796,-1889.7834506253796,2363.2453063814023,2363.2453063814023,2363.2453063814023,-4253.028757006782,-4253.028757006782,-4253.028757006782,0.0,0.0,0.0,21325.908158548882
2011-07-17,23219.605685289254,1850.8518669982845,27897.950800152885,23219.605685289254,23219.605685289254,-9378.446023087587,-9378.446023087587,-9378.446023087587,-5611.022087649975,-5611.022087649975,-5611.022087649975,-3767.4239354376105,-3767.4239354376105,-3767.4239354376105,0.0,0.0,0.0,13841.159662201668
2011-07-18,23221.56272334675,12698.36086986626,38682.74046072844,23221.56272334675,23221.56272334675,1907.5517377476194,1907.5517377476194,1907.5517377476194,5481.851792067578,5481.851792067578,5481.851792067578,-3574.3000543199587,-3574.3000543199587,-3574.3000543199587,0.0,0.0,0.0,25129.11446109437
2011-07-19,23223.519761404248,14521.020235678452,42468.18912178217,23223.519761404248,23223.519761404248,4942.844458298501,4942.844458298501,4942.844458298501,8360.088439980393,8360.088439980393,8360.088439980393,-3417.243981681892,-3417.243981681892,-3417.243981681892,0.0,0.0,0.0,28166.36421970275
2011-07-20,23225.476799461747,11983.01103736214,39289.206998642854,23225.476799461747,23225.476799461747,1398.6364068509429,1398.6364068509429,1398.6364068509429,4695.451677099974,4695.451677099974,4695.451677099974,-3296.815270249032,-3296.815270249032,-3296.815270249032,0.0,0.0,0.0,24624.11320631269
2011-07-21,23227.433837519246,19706.764868377522,45522.178702974335,23227.433837519246,23227.433837519246,9397.433680137186,9397.433680137186,9397.433680137186,12609.7181542188,12609.7181542188,12609.7181542188,-3212.2844740816113,-3212.2844740816113,-3212.2844740816113,0.0,0.0,0.0,32624.867517656432
2011-07-22,23229.390875576744,9559.223433057203,35959.89404808955,23229.390875576744,23229.390875576744,-798.4647852847817,-798.4647852847817,-798.4647852847817,2363.245306448769,2363.245306448769,2363.245306448769,-3161.710091733551,-3161.710091733551,-3161.710091733551,0.0,0.0,0.0,22430.926090291963
2011-07-24,23233.304951691738,581.7728728183718,27495.445478018228,23233.304951691738,23233.304951691738,-8760.358651141045,-8760.358651141045,-8760.358651141045,-5611.022087631942,-5611.022087631942,-5611.022087631942,-3149.3365635091036,-3149.3365635091036,-3149.3365635091036,0.0,0.0,0.0,14472.946300550693
2011-07-25,23235.261989749237,12710.530654901597,39433.60658533666,23235.261989749237,23235.261989749237,2303.0424799987745,2303.0424799987745,2303.0424799987745,5481.85179207772,5481.85179207772,5481.85179207772,-3178.8093120789463,-3178.8093120789463,-3178.8093120789463,0.0,0.0,0.0,25538.30446974801
2011-07-26,23237.219027806736,15067.318065521371,41512.97652968686,23237.219027806736,23237.219027806736,5134.921920954346,5134.921920954346,5134.921920954346,8360.088439966845,8360.088439966845,8360.088439966845,-3225.1665190124977,-3225.1665190124977,-3225.1665190124977,0.0,0.0,0.0,28372.14094876108
2011-07-27,23239.176065864227,11000.346374349676,37267.38611917953,23239.176065864227,23239.176065864227,1412.6908493565559,1412.6908493565559,1412.6908493565559,4695.451677059893,4695.451677059893,4695.451677059893,-3282.7608277033373,-3282.7608277033373,-3282.7608277033373,0.0,0.0,0.0,24651.866915220784
2011-07-28,23241.133103921726,19009.693047483488,45477.724383881075,23241.133103921726,23241.133103921726,9263.88620209959,9263.88620209959,9263.88620209959,12609.718154210228,12609.718154210228,12609.718154210228,-3345.83195211064,-3345.83195211064,-3345.83195211064,0.0,0.0,0.0,32505.019306021313
2011-07-29,23243.090141979224,9853.6095295618,35656.2645873084,23243.090141979224,23243.090141979224,-1045.4897370610258,-1045.4897370610258,-1045.4897370610258,2363.245306464896,2363.245306464896,2363.245306464896,-3408.7350435259223,-3408.7350435259223,-3408.7350435259223,0.0,0.0,0.0,22197.600404918197
2011-07-31,23247.004218094222,595.6487015776872,28009.6206680168,23247.004218094222,23247.004218094222,-9124.367823836687,-9124.367823836687,-9124.367823836687,-5611.0220876139065,-5611.0220876139065,-5611.0220876139065,-3513.34573622278,-3513.34573622278,-3513.34573622278,0.0,0.0,0.0,14122.636394257535
2011-08-01,23248.961256151717,11226.929574368714,38307.5290331824,23248.961256151717,23248.961256151717,1935.6043268438882,1935.6043268438882,1935.6043268438882,5481.851792068252,5481.851792068252,5481.851792068252,-3546.247465224363,-3546.247465224363,-3546.247465224363,0.0,0.0,0.0,25184.565582995605
2011-08-02,23250.918294209216,15335.37751962302,41007.454344280195,23250.918294209216,23250.918294209216,4798.379730823391,4798.379730823391,4798.379730823391,8360.088440002177,8360.088440002177,8360.088440002177,-3561.708709178786,-3561.708709178786,-3561.708709178786,0.0,0.0,0.0,28049.298025032607
2011-08-03,23252.875332266714,9735.58629098982,38259.82742176264,23252.875332266714,23252.875332266714,1137.8771541062986,1137.8771541062986,1137.8771541062986,4695.451677111302,4695.451677111302,4695.451677111302,-3557.5745230050034,-3557.5745230050034,-3557.5745230050034,0.0,0.0,0.0,24390.752486373014
2011-08-04,23254.832370324213,19175.56484415222,45889.80024775465,23254.832370324213,23254.832370324213,9076.941691223743,9076.941691223743,9076.941691223743,12609.71815420284,12609.71815420284,12609.71815420284,-3532.7764629790972,-3532.7764629790972,-3532.7764629790972,0.0,0.0,0.0,32331.774061547956
2011-08-05,23256.789408381705,9268.31091494702,36539.19190026161,23256.789408381705,23256.789408381705,-1124.1293130865047,-1124.1293130865047,-1124.1293130865047,2363.2453064758693,2363.2453064758693,2363.2453064758693,-3487.374619562374,-3487.374619562374,-3487.374619562374,0.0,0.0,0.0,22132.6600952952
2011-08-07,23260.703484496702,479.8423683289906,27974.66892002931,23260.703484496702,23260.703484496702,-8951.615735556168,-8951.615735556168,-8951.615735556168,-5611.022087643921,-5611.022087643921,-5611.022087643921,-3340.593647912248,-3340.593647912248,-3340.593647912248,0.0,0.0,0.0,14309.087748940534
2011-08-08,23262.6605225542,11908.825515768014,39679.77852676299,23262.6605225542,23262.6605225542,2237.0981718224093,2237.0981718224093,2237.0981718224093,5481.85179206276,5481.85179206276,5481.85179206276,-3244.7536202403508,-3244.7536202403508,-3244.7536202403508,0.0,0.0,0.0,25499.75869437661
2011-08-09,23264.6175606117,15440.642398145923,42300.68389571437,23264.6175606117,23264.6175606117,5220.912691038313,5220.912691038313,5220.912691038313,8360.088440019637,8360.088440019637,8360.088440019637,-3139.175748981324,-3139.175748981324,-3139.175748981324,0.0,0.0,0.0,28485.530251650012
2011-08-10,23266.574598669195,11889.658737679138,39470.21846246663,23266.574598669195,23266.574598669195,1666.742982653913,1666.742982653913,1666.742982653913,4695.451677090167,4695.451677090167,4695.451677090167,-3028.7086944362545,-3028.7086944362545,-3028.7086944362545,0.0,0.0,0.0,24933.317581323106
2011-08-11,23268.531636726693,19435.182153728743,46331.43419298058,23268.531636726693,23268.531636726693,9690.999739100322,9690.999739100322,9690.999739100322,12609.71815419545,12609.71815419545,12609.71815419545,-2918.7184150951293,-2918.7184150951293,-2918.7184150951293,0.0,0.0,0.0,32959.53137582701
2011-08-12,23270.488674784192,8659.011137206984,35472.62442156859,23270.488674784192,23270.488674784192,-451.62623398503337,-451.62623398503337,-451.62623398503337,2363.245306491996,2363.245306491996,2363.245306491996,-2814.87154047703,-2814.87154047703,-2814.87154047703,0.0,0.0,0.0,22818.86244079916
2011-08-14,23274.402750899182,1319.8297335465152,27074.65699691398,23274.402750899182,23274.402750899182,-8259.386142086452,-8259.386142086452,-8259.386142086452,-5611.022087630209,-5611.022087630209,-5611.022087630209,-2648.364054456244,-2648.364054456244,-2648.364054456244,0.0,0.0,0.0,15015.01660881273
2011-08-15,23276.35978895668,12111.05045050318,39062.20290873964,23276.35978895668,23276.35978895668,2885.4583105676797,2885.4583105676797,2885.4583105676797,5481.851792076877,5481.851792076877,5481.851792076877,-2596.393481509197,-2596.393481509197,-2596.393481509197,0.0,0.0,0.0,26161.81809952436
2011-08-16,23278.31682701418,15846.458960832411,42381.18491675657,23278.31682701418,23278.31682701418,5788.625979111884,5788.625979111884,5788.625979111884,8360.088439975076,8360.088439975076,8360.088439975076,-2571.462460863193,-2571.462460863193,-2571.462460863193,0.0,0.0,0.0,29066.942806126062
2011-08-17,23280.27386507168,11976.973595482597,39252.10284871764,23280.27386507168,23280.27386507168,2118.292601810002,2118.292601810002,2118.292601810002,4695.451677105303,4695.451677105303,4695.451677105303,-2577.1590752953016,-2577.1590752953016,-2577.1590752953016,0.0,0.0,0.0,25398.56646688168
2011-08-18,23282.230903129173,19723.55012685587,47420.94703190887,23282.230903129173,23282.230903129173,9993.73253495,9993.73253495,9993.73253495,12609.718154221224,12609.718154221224,12609.718154221224,-2615.9856192712236,-2615.9856192712236,-2615.9856192712236,0.0,0.0,0.0,33275.963438079176
2011-08-19,23284.187941186672,9846.244094520109,36255.28787253739,23284.187941186672,23284.187941186672,-325.9421834561852,-325.9421834561852,-325.9421834561852,2363.245306477349,2363.245306477349,2363.245306477349,-2689.187489933535,-2689.187489933535,-2689.187489933535,0.0,0.0,0.0,22958.24575773049
2011-08-21,23288.10201730167,1556.793970119105,28589.5563774794,23288.10201730167,23288.10201730167,-8547.669373611536,-8547.669373611536,-8547.669373611536,-5611.022087607852,-5611.022087607852,-5611.022087607852,-2936.647286003683,-2936.647286003683,-2936.647286003683,0.0,0.0,0.0,14740.432643690134
2011-08-22,23290.05905535917,11982.5984588505,39255.00506427717,23290.05905535917,23290.05905535917,2375.7408328133934,2375.7408328133934,2375.7408328133934,5481.851792087016,5481.851792087016,5481.851792087016,-3106.1109592736225,-3106.1109592736225,-3106.1109592736225,0.0,0.0,0.0,25665.79988817256
2011-08-23,23292.01609341666,14128.203903589834,41093.32693806801,23292.01609341666,23292.01609341666,5059.773053615339,5059.773053615339,5059.773053615339,8360.088440010408,8360.088440010408,8360.088440010408,-3300.315386395067,-3300.315386395067,-3300.315386395067,0.0,0.0,0.0,28351.789147032
2011-08-24,23293.97313147416,11346.788451738954,38833.00279976902,23293.97313147416,23293.97313147416,1182.3649155670278,1182.3649155670278,1182.3649155670278,4695.451677065225,4695.451677065225,4695.451677065225,-3513.086761498197,-3513.086761498197,-3513.086761498197,0.0,0.0,0.0,24476.338047041187
2011-08-25,23295.930169531657,18252.045959900966,46372.24794972207,23295.930169531657,23295.930169531657,8872.84594168541,8872.84594168541,8872.84594168541,12609.718154179489,12609.718154179489,12609.718154179489,-3736.8722124940778,-3736.8722124940778,-3736.8722124940778,0.0,0.0,0.0,32168.776111217067
2011-08-26,23297.887207589156,8419.857015411331,35759.91845117299,23297.887207589156,23297.887207589156,-1599.6430368979077,-1599.6430368979077,-1599.6430368979077,2363.245306462702,2363.245306462702,2363.245306462702,-3962.8883433606093,-3962.8883433606093,-3962.8883433606093,0.0,0.0,0.0,21698.244170691247
2011-08-28,23301.80128370415,693.2799705547313,27497.538452965662,23301.80128370415,23301.80128370415,-9992.547041212536,-9992.547041212536,-9992.547041212536,-5611.022087589818,-5611.022087589818,-5611.022087589818,-4381.524953622719,-4381.524953622719,-4381.524953622719,0.0,0.0,0.0,13309.254242491614
2011-08-30,23305.715359819147,13547.30887599572,39861.10039283307,23305.715359819147,23305.715359819147,3677.683778529308,3677.683778529308,3677.683778529308,8360.088439996862,8360.088439996862,8360.088439996862,-4682.4046614675535,-4682.4046614675535,-4682.4046614675535,0.0,0.0,0.0,26983.399138348454
2011-08-31,23307.672397876646,9066.258336090343,36829.58945244447,23307.672397876646,23307.672397876646,-64.87672176498413,-64.87672176498413,-64.87672176498413,4695.451677044091,4695.451677044091,4695.451677044091,-4760.328398809075,-4760.328398809075,-4760.328398809075,0.0,0.0,0.0,23242.795676111662
2011-09-01,23309.629435934137,17062.926878117974,43733.12277761962,23309.629435934137,23309.629435934137,7834.537604059095,7834.537604059095,7834.537604059095,12609.718154205264,12609.718154205264,12609.718154205264,-4775.180550146169,-4775.180550146169,-4775.180550146169,0.0,0.0,0.0,31144.167039993234
2011-09-02,23311.586473991636,6498.51064049625,33568.40310953315,23311.586473991636,23311.586473991636,-2353.481285595864,-2353.481285595864,-2353.481285595864,2363.2453064480555,2363.2453064480555,2363.2453064480555,-4716.7265920439195,-4716.7265920439195,-4716.7265920439195,0.0,0.0,0.0,20958.105188395773
2011-09-04,23315.500550106633,-10.705030265238305,27088.249413915433,23315.500550106633,23315.500550106633,-9955.419456170552,-9955.419456170552,-9955.419456170552,-5611.022087619831,-5611.022087619831,-5611.022087619831,-4344.397368550719,-4344.397368550719,-4344.397368550719,0.0,0.0,0.0,13360.081093936082
2011-09-05,23317.45758816413,11912.56508533229,38327.93818673444,23317.45758816413,23317.45758816413,1465.5015262522602,1465.5015262522602,1465.5015262522602,5481.851792072057,5481.851792072057,5481.851792072057,-4016.3502658197967,-4016.3502658197967,-4016.3502658197967,0.0,0.0,0.0,24782.95911441639
2011-09-06,23319.414626221627,15387.917120533086,41322.61046404642,23319.414626221627,23319.414626221627,4772.93132963064,4772.93132963064,4772.93132963064,8360.08843998331,8360.08843998331,8360.08843998331,-3587.157110352671,-3587.157110352671,-3587.157110352671,0.0,0.0,0.0,28092.345955852266
2011-09-07,23321.371664279126,11316.217517796382,38104.85525231654,23321.371664279126,23321.371664279126,1641.075569314522,1641.075569314522,1641.075569314522,4695.451677095499,4695.451677095499,4695.451677095499,-3054.3761077809763,-3054.3761077809763,-3054.3761077809763,0.0,0.0,0.0,24962.447233593648
2011-09-08,23323.328702336625,19567.76367598222,46070.20107454754,23323.328702336625,23323.328702336625,10191.99024307326,10191.99024307326,10191.99024307326,12609.718154162343,12609.718154162343,12609.718154162343,-2417.7279110890836,-2417.7279110890836,-2417.7279110890836,0.0,0.0,0.0,33515.31894540988
2011-09-09,23325.28574039412,11741.642050898978,36732.43399001302,23325.28574039412,23325.28574039412,684.0605844357016,684.0605844357016,684.0605844357016,2363.2453064641813,2363.2453064641813,2363.2453064641813,-1679.18472202848,-1679.18472202848,-1679.18472202848,0.0,0.0,0.0,24009.34632482982
2011-09-11,23329.199816509114,4325.08505702892,30689.057319536907,23329.199816509114,23329.199816509114,-5526.713587019611,-5526.713587019611,-5526.713587019611,-5611.022087658493,-5611.022087658493,-5611.022087658493,84.30850063888215,84.30850063888215,84.30850063888215,0.0,0.0,0.0,17802.486229489503
2011-09-12,23331.156854566612,16971.649788853563,44181.504680220605,23331.156854566612,23331.156854566612,6575.918342276845,6575.918342276845,6575.918342276845,5481.851792062588,5481.851792062588,5481.851792062588,1094.0665502142558,1094.0665502142558,1094.0665502142558,0.0,0.0,0.0,29907.075196843456
2011-09-13,23333.11389262411,20333.440461831924,46622.80206320768,23333.11389262411,23333.11389262411,10535.655952668056,10535.655952668056,10535.655952668056,8360.088439969762,8360.088439969762,8360.088439969762,2175.567512698293,2175.567512698293,2175.567512698293,0.0,0.0,0.0,33868.76984529217
2011-09-14,23335.070930681606,17709.71574592277,44307.54132905173,23335.070930681606,23335.070930681606,8011.734482904861,8011.734482904861,8011.734482904861,4695.451677055418,4695.451677055418,4695.451677055418,3316.282805849443,3316.282805849443,3316.282805849443,0.0,0.0,0.0,31346.805413586466
2011-09-15,23337.027968739105,26203.96069467942,52509.27655272654,23337.027968739105,23337.027968739105,17111.828356964674,17111.828356964674,17111.828356964674,12609.718154189302,12609.718154189302,12609.718154189302,4502.110202775374,4502.110202775374,4502.110202775374,0.0,0.0,0.0,40448.856325703775
2011-09-16,23338.985006796604,17533.24621614263,45335.7524701139,23338.985006796604,23338.985006796604,8080.913838304274,8080.913838304274,8080.913838304274,2363.245306449534,2363.245306449534,2363.245306449534,5717.668531854739,5717.668531854739,5717.668531854739,0.0,0.0,0.0,31419.898845100877
2011-09-18,23342.899082911597,12529.134598164455,39538.57824705896,23342.899082911597,23342.899082911597,2561.0547787975406,2561.0547787975406,2561.0547787975406,-5611.022087640457,-5611.022087640457,-5611.022087640457,8172.076866437998,8172.076866437998,8172.076866437998,0.0,0.0,0.0,25903.95386170914
2011-09-19,23344.856120969092,24847.856835668685,52140.989633003526,23344.856120969092,23344.856120969092,14858.739393930724,14858.739393930724,14858.739393930724,5481.851792076706,5481.851792076706,5481.851792076706,9376.887601854018,9376.887601854018,9376.887601854018,0.0,0.0,0.0,38203.59551489982
2011-09-20,23346.81315902659,28680.878213764157,55268.56029993953,23346.81315902659,23346.81315902659,18904.206996132987,18904.206996132987,18904.206996132987,8360.088440005096,8360.088440005096,8360.088440005096,10544.11855612789,10544.11855612789,10544.11855612789,0.0,0.0,0.0,42251.02015515958
2011-09-21,23348.77019708409,26156.416627698167,53093.968683688065,23348.77019708409,23348.77019708409,16352.846670947994,16352.846670947994,16352.846670947994,4695.451677070557,4695.451677070557,4695.451677070557,11657.394993877439,11657.394993877439,11657.394993877439,0.0,0.0,0.0,39701.616868032084
2011-09-22,23350.72723514159,33854.537098908906,62538.465676202635,23350.72723514159,23350.72723514159,25311.004965931043,25311.004965931043,25311.004965931043,12609.718154181912,12609.718154181912,12609.718154181912,12701.286811749129,12701.286811749129,12701.286811749129,0.0,0.0,0.0,48661.732201072635
2011-09-23,23352.684273199084,25294.82498595168,52329.21652000381,23352.684273199084,23352.684273199084,16024.909082174705,16024.909082174705,16024.909082174705,2363.2453064092665,2363.2453064092665,2363.2453064092665,13661.663775765437,13661.663775765437,13661.663775765437,0.0,0.0,0.0,39377.593355373785
2011-09-25,23356.59834931408,20496.689961207,45795.65821146267,23356.59834931408,23356.59834931408,9672.738095975008,9672.738095975008,9672.738095975008,-5611.0220876747935,-5611.0220876747935,-5611.0220876747935,15283.760183649803,15283.760183649803,15283.760183649803,0.0,0.0,0.0,33029.33644528909
2011-09-26,23358.55538737158,31126.810202732733,57910.282724140656,23358.55538737158,23358.55538737158,21408.288452007706,21408.288452007706,21408.288452007706,5481.8517920672375,5481.8517920672375,5481.8517920672375,15926.43665994047,15926.43665994047,15926.43665994047,0.0,0.0,0.0,44766.84383937929
2011-09-27,23360.512425429075,34798.39663731992,62570.31500099695,23360.512425429075,23360.512425429075,24808.025072793975,24808.025072793975,24808.025072793975,8360.088439991549,8360.088439991549,8360.088439991549,16447.936632802426,16447.936632802426,16447.936632802426,0.0,0.0,0.0,48168.53749822305
2011-09-28,23362.46946348657,31458.498318767735,57910.21501014706,23362.46946348657,23362.46946348657,21540.060798009992,21540.060798009992,21540.060798009992,4695.451677066745,4695.451677066745,4695.451677066745,16844.609120943245,16844.609120943245,16844.609120943245,0.0,0.0,0.0,44902.53026149656
2011-09-29,23364.42650154407,39773.987596400104,65737.05759313947,23364.42650154407,23364.42650154407,29725.04992019682,29725.04992019682,29725.04992019682,12609.718154174525,12609.718154174525,12609.718154174525,17115.331766022293,17115.331766022293,17115.331766022293,0.0,0.0,0.0,53089.47642174089
2011-09-30,23366.383539601567,29453.835536082268,57134.941043994695,23366.383539601567,23366.383539601567,19624.760124521785,19624.760124521785,19624.760124521785,2363.2453064766337,2363.2453064766337,2363.2453064766337,17261.51481804515,17261.51481804515,17261.51481804515,0.0,0.0,0.0,42991.14366412335
2011-10-02,23370.29761571656,21445.980568560793,47980.30946584027,23370.29761571656,23370.29761571656,11587.132427393795,11587.132427393795,11587.132427393795,-5611.022087652436,-5611.022087652436,-5611.022087652436,17198.154515046233,17198.154515046233,17198.154515046233,0.0,0.0,0.0,34957.430043110355
2011-10-03,23372.25465377406,33251.75345222621,60552.516617134774,23372.25465377406,23372.25465377406,22485.120381178756,22485.120381178756,22485.120381178756,5481.851792077379,5481.851792077379,5481.851792077379,17003.268589101375,17003.268589101375,17003.268589101375,0.0,0.0,0.0,45857.37503495281
2011-10-04,23374.21169183156,35221.14001825024,62353.24165167961,23374.21169183156,23374.21169183156,25072.84199102816,25072.84199102816,25072.84199102816,8360.088440009009,8360.088440009009,8360.088440009009,16712.75355101915,16712.75355101915,16712.75355101915,0.0,0.0,0.0,48447.05368285972
2011-10-05,23376.168729889057,31020.554035297497,58401.10468833849,23376.168729889057,23376.168729889057,21034.10671214973,21034.10671214973,21034.10671214973,4695.451677062938,4695.451677062938,4695.451677062938,16338.655035086793,16338.655035086793,16338.655035086793,0.0,0.0,0.0,44410.27544203879
2011-10-06,23378.125767946553,38161.45095499349,64974.74095270373,23378.125767946553,23378.125767946553,28504.102314352425,28504.102314352425,28504.102314352425,12609.718154165952,12609.718154165952,12609.718154165952,15894.384160186477,15894.384160186477,15894.384160186477,0.0,0.0,0.0,51882.22808229898
2011-10-07,23380.082806004048,27820.70751466291,53750.54774108938,23380.082806004048,23380.082806004048,17757.6223065325,17757.6223065325,17757.6223065325,2363.2453064363663,2363.2453064363663,2363.2453064363663,15394.377000096136,15394.377000096136,15394.377000096136,0.0,0.0,0.0,41137.70511253655
2011-10-09,23383.996882119045,19005.23742396949,45557.727689385945,23383.996882119045,23383.996882119045,8676.829964777033,8676.829964777033,8676.829964777033,-5611.022087630079,-5611.022087630079,-5611.022087630079,14287.852052407112,14287.852052407112,14287.852052407112,0.0,0.0,0.0,32060.826846896078
2011-10-10,23385.953920176544,29314.392512113485,56017.43129679251,23385.953920176544,23385.953920176544,19193.902635202718,19193.902635202718,19193.902635202718,5481.851792087518,5481.851792087518,5481.851792087518,13712.0508431152,13712.0508431152,13712.0508431152,0.0,0.0,0.0,42579.85655537926
2011-10-11,23387.91095823404,31825.387582045892,57371.33281544062,23387.91095823404,23387.91095823404,21501.305959186648,21501.305959186648,21501.305959186648,8360.088439982319,8360.088439982319,8360.088439982319,13141.217519204329,13141.217519204329,13141.217519204329,0.0,0.0,0.0,44889.21691742069
2011-10-12,23389.867996291538,27920.7511087592,53352.191309958056,23389.867996291538,23389.867996291538,17284.916812051197,17284.916812051197,17284.916812051197,4695.451677078074,4695.451677078074,4695.451677078074,12589.465134973125,12589.465134973125,12589.465134973125,0.0,0.0,0.0,40674.78480834274
2011-10-13,23391.825034349036,34156.00041364762,60838.811385617584,23391.825034349036,23391.825034349036,24679.540368187943,24679.540368187943,24679.540368187943,12609.71815419291,12609.71815419291,12609.71815419291,12069.822213995034,12069.822213995034,12069.822213995034,0.0,0.0,0.0,48071.365402536976
2011-10-14,23393.782072406535,23698.340663775896,50326.13550897457,23393.782072406535,23393.782072406535,13957.203867553699,13957.203867553699,13957.203867553699,2363.2453064217198,2363.2453064217198,2363.2453064217198,11593.95856113198,11593.95856113198,11593.95856113198,0.0,0.0,0.0,37350.985939960236
2011-10-16,23397.696148521525,15113.244928156659,42268.17479318217,23397.696148521525,23397.696148521525,5201.097125589698,5201.097125589698,5201.097125589698,-5611.022087664418,-5611.022087664418,-5611.022087664418,10812.119213254116,10812.119213254116,10812.119213254116,0.0,0.0,0.0,28598.793274111224
2011-10-17,23399.653186579024,26669.302675902625,52597.760124769455,23399.653186579024,23399.653186579024,16002.713313932947,16002.713313932947,16002.713313932947,5481.851792082027,5481.851792082027,5481.851792082027,10520.861521850919,10520.861521850919,10520.861521850919,0.0,0.0,0.0,39402.36650051197
2011-10-18,23401.610224636523,28446.288205980603,56234.31171359842,23401.610224636523,23401.610224636523,18662.70499451393,18662.70499451393,18662.70499451393,8360.088439999781,8360.088439999781,8360.088439999781,10302.616554514147,10302.616554514147,10302.616554514147,0.0,0.0,0.0,42064.31521915045
2011-10-19,23403.56726269402,26276.23728814,51147.73201319643,23403.56726269402,23403.56726269402,14855.279654656995,14855.279654656995,14855.279654656995,4695.451677093213,4695.451677093213,4695.451677093213,10159.827977563782,10159.827977563782,10159.827977563782,0.0,0.0,0.0,38258.84691735102
2011-10-20,23405.524300751516,32610.27985418812,59066.62364140064,23405.524300751516,23405.524300751516,22702.70366171906,22702.70366171906,22702.70366171906,12609.718154219869,12609.718154219869,12609.718154219869,10092.985507499194,10092.985507499194,10092.985507499194,0.0,0.0,0.0,46108.22796247058
2011-10-21,23407.481338809015,22216.063561963674,49638.55299561293,23407.481338809015,23407.481338809015,12463.960270076324,12463.960270076324,12463.960270076324,2363.245306407073,2363.245306407073,2363.245306407073,10100.714963669252,10100.714963669252,10100.714963669252,0.0,0.0,0.0,35871.44160888534
2011-10-23,23411.395414924013,15305.608914698765,41767.17755181921,23411.395414924013,23411.395414924013,4714.925881328022,4714.925881328022,4714.925881328022,-5611.022087646381,-5611.022087646381,-5611.022087646381,10325.947968974402,10325.947968974402,10325.947968974402,0.0,0.0,0.0,28126.321296252034
2011-10-24,23413.352452981508,26127.436320726032,52873.41328196494,23413.352452981508,23413.352452981508,16014.691401240689,16014.691401240689,16014.691401240689,5481.851792072562,5481.851792072562,5481.851792072562,10532.839609168128,10532.839609168128,10532.839609168128,0.0,0.0,0.0,39428.0438542222
2011-10-25,23415.309491039006,29447.745481732985,56662.62682186288,23415.309491039006,23415.309491039006,19153.632800284886,19153.632800284886,19153.632800284886,8360.088439973093,8360.088439973093,8360.088439973093,10793.544360311793,10793.544360311793,10793.544360311793,0.0,0.0,0.0,42568.942291323896
2011-10-26,23417.2665290965,24899.446258979486,51443.54641643958,23417.2665290965,23417.2665290965,15795.655148595246,15795.655148595246,15795.655148595246,4695.4516770720775,4695.4516770720775,4695.4516770720775,11100.203471523171,11100.203471523171,11100.203471523171,0.0,0.0,0.0,39212.921677691746
2011-10-27,23419.223567154,34133.00738356964,60783.58719697381,23419.223567154,23419.223567154,24054.14384075715,24054.14384075715,24054.14384075715,12609.718154211296,12609.718154211296,12609.718154211296,11444.425686545852,11444.425686545852,11444.425686545852,0.0,0.0,0.0,47473.36740791115
2011-10-28,23421.1806052115,23809.183424946157,50390.9074604963,23421.1806052115,23421.1806052115,14180.813830003786,14180.813830003786,14180.813830003786,2363.2453064488195,2363.2453064488195,2363.2453064488195,11817.568523554968,11817.568523554968,11817.568523554968,0.0,0.0,0.0,37601.99443521528
2011-10-30,23425.094681326493,17489.42236462001,44302.80824569728,23425.094681326493,23425.094681326493,7005.400813196114,7005.400813196114,7005.400813196114,-5611.022087628348,-5611.022087628348,-5611.022087628348,12616.422900824462,12616.422900824462,12616.422900824462,0.0,0.0,0.0,30430.495494522605
2011-10-31,23427.05171938399,28562.095562546983,56169.32524586958,23427.05171938399,23427.05171938399,18507.83301218269,18507.83301218269,18507.83301218269,5481.851792063092,5481.851792063092,5481.851792063092,13025.981220119602,13025.981220119602,13025.981220119602,0.0,0.0,0.0,41934.88473156668
2011-11-01,23429.00875744149,31697.906814314312,59310.688843229225,23429.00875744149,23429.00875744149,21792.683885009497,21792.683885009497,21792.683885009497,8360.088440008423,8360.088440008423,8360.088440008423,13432.595445001072,13432.595445001072,13432.595445001072,0.0,0.0,0.0,45221.69264245099
2011-11-02,23430.965795498985,27748.430029297044,55144.95260970537,23430.965795498985,23430.965795498985,18525.51839840925,18525.51839840925,18525.51839840925,4695.451677104538,4695.451677104538,4695.451677104538,13830.066721304713,13830.066721304713,13830.066721304713,0.0,0.0,0.0,41956.48419390824
2011-11-03,23432.92283355648,36973.23278525421,64354.41599776279,23432.92283355648,23432.92283355648,26822.935540628936,26822.935540628936,26822.935540628936,12609.718154203905,12609.718154203905,12609.718154203905,14213.217386425033,14213.217386425033,14213.217386425033,0.0,0.0,0.0,50255.858374185416
2011-11-04,23434.87987161398,27412.253532469123,54235.52792432502,23434.87987161398,23434.87987161398,16941.218994328487,16941.218994328487,16941.218994328487,2363.2453064085526,2363.2453064085526,2363.2453064085526,14577.973687919932,14577.973687919932,14577.973687919932,0.0,0.0,0.0,40376.09886594246
2011-11-05,23436.836909671478,-3354.7920972967095,23741.581312736864,23436.836909671478,23436.836909671478,-12977.931514902142,-12977.931514902142,-12977.931514902142,-27899.33328215945,-27899.33328215945,-27899.33328215945,14921.401767257306,14921.401767257306,14921.401767257306,0.0,0.0,0.0,10458.905394769336
2011-11-06,23438.793947728976,19575.404628467164,46397.04819661067,23438.793947728976,23438.793947728976,9630.674509545828,9630.674509545828,9630.674509545828,-5611.022087605991,-5611.022087605991,-5611.022087605991,15241.69659715182,15241.69659715182,15241.69659715182,0.0,0.0,0.0,33069.46845727481
2011-11-07,23440.75098578647,30301.942804542,58009.92770484157,23440.75098578647,23440.75098578647,21019.976934797694,21019.976934797694,21019.976934797694,5481.8517920576,5481.8517920576,5481.8517920576,15538.125142740095,15538.125142740095,15538.125142740095,0.0,0.0,0.0,44460.72792058416
2011-11-08,23442.70802384397,35373.294444808125,61012.32644690119,23442.70802384397,23442.70802384397,24171.01499457168,24171.01499457168,24171.01499457168,8360.088439994875,8360.088439994875,8360.088439994875,15810.926554576803,15810.926554576803,15810.926554576803,0.0,0.0,0.0,47613.72301841565
2011-11-09,23444.66506190147,31659.75765368109,58247.750310907904,23444.66506190147,23444.66506190147,20756.625323789,20756.625323789,20756.625323789,4695.451677083404,4695.451677083404,4695.451677083404,16061.1736467056,16061.1736467056,16061.1736467056,0.0,0.0,0.0,44201.290385690474
2011-11-10,23446.622099958968,38583.21740977875,64608.838453101605,23446.622099958968,23446.622099958968,28900.319374745362,28900.319374745362,28900.319374745362,12609.718154196516,12609.718154196516,12609.718154196516,16290.601220548846,16290.601220548846,16290.601220548846,0.0,0.0,0.0,52346.941474704334
2011-11-11,23448.579138016463,29252.546950796183,55803.625888246585,23448.579138016463,23448.63077664371,18864.65323008191,18864.65323008191,18864.65323008191,2363.245306475919,2363.245306475919,2363.245306475919,16501.40792360599,16501.40792360599,16501.40792360599,0.0,0.0,0.0,42313.23236809837
2011-11-12,23450.53617607396,-451.42631457533514,26305.176283718745,23450.536049968487,23450.651800762167,-11203.294037129775,-11203.294037129775,-11203.294037129775,-27899.33328214149,-27899.33328214149,-27899.33328214149,16696.039245011718,16696.039245011718,16696.039245011718,0.0,0.0,0.0,12247.242138944186
2011-11-13,23452.493214131457,20759.08599647149,48010.36082425593,23452.43001067816,23452.731231942646,11265.937830765855,11265.937830765855,11265.937830765855,-5611.02208764465,-5611.02208764465,-5611.02208764465,16876.959918410503,16876.959918410503,16876.959918410503,0.0,0.0,0.0,34718.43104489731
2011-11-14,23454.450252188955,32076.311862940307,59383.3957038162,23454.2758916234,23454.822126965308,22528.276196454834,22528.276196454834,22528.276196454834,5481.85179206774,5481.85179206774,5481.85179206774,17046.424404387097,17046.424404387097,17046.424404387097,0.0,0.0,0.0,45982.72644864379
2011-11-15,23456.407290246454,36508.15322349531,62199.61840875718,23456.142448688894,23456.928315947276,25566.342685916345,25566.342685916345,25566.342685916345,8360.088439981328,8360.088439981328,8360.088439981328,17206.254245935015,17206.254245935015,17206.254245935015,0.0,0.0,0.0,49022.7499761628
2011-11-16,23458.36432830395,32683.895798382135,59053.676202376766,23457.987039001924,23459.038084255317,22053.082602959606,22053.082602959606,22053.082602959606,4695.451677098543,4695.451677098543,4695.451677098543,17357.630925861064,17357.630925861064,17357.630925861064,0.0,0.0,0.0,45511.446931263556
2011-11-17,23460.321366361448,39454.53157809612,65876.48676230674,23459.75363917187,23461.18910893125,30110.63056226143,30110.63056226143,30110.63056226143,12609.718154223476,12609.718154223476,12609.718154223476,17500.91240803796,17500.91240803796,17500.91240803796,0.0,0.0,0.0,53570.951928622875
2011-11-18,23462.278404418947,29694.589298099254,57439.13471492658,23461.535701721332,23463.31711613001,19998.726133915083,19998.726133915083,19998.726133915083,2363.245306492046,2363.245306492046,2363.245306492046,17635.480827423034,17635.480827423034,17635.480827423034,0.0,0.0,0.0,43461.00453833403
2011-11-19,23464.235442476445,-180.25915648471835,26372.23095269174,23463.34033848714,23465.471675377936,-10139.705455029403,-10139.705455029403,-10139.705455029403,-27899.333282149215,-27899.333282149215,-27899.333282149215,17759.627827119813,17759.627827119813,17759.627827119813,0.0,0.0,0.0,13324.529987447042
2011-11-20,23466.19248053394,22932.210658217038,48607.97129260526,23465.178079570294,23467.55441582219,12259.460765462249,12259.460765462249,12259.460765462249,-5611.022087622293,-5611.022087622293,-5611.022087622293,17870.48285308454,17870.48285308454,17870.48285308454,0.0,0.0,0.0,35725.65324599619
2011-11-21,23468.149518591435,33931.68829901215,60267.82800870444,23466.998557009018,23469.747320807557,23445.840135756447,23445.840135756447,23445.840135756447,5481.851792077882,5481.851792077882,5481.851792077882,17963.988343678564,17963.988343678564,17963.988343678564,0.0,0.0,0.0,46913.98965434788
2011-11-22,23470.106556648934,36717.557443978876,63455.46763874168,23468.701036978306,23471.93347403796,26395.012673504116,26395.012673504116,26395.012673504116,8360.088439967778,8360.088439967778,8360.088439967778,18034.924233536338,18034.924233536338,18034.924233536338,0.0,0.0,0.0,49865.119230153054
2011-11-23,23472.063594706433,33340.4139227183,59522.46264082699,23470.493502304307,23474.095097671638,22772.434252299878,22772.434252299878,22772.434252299878,4695.451677058461,4695.451677058461,4695.451677058461,18076.982575241418,18076.982575241418,18076.982575241418,0.0,0.0,0.0,46244.49784700631
2011-11-24,23474.02063276393,40330.49587720915,67641.61463583611,23472.210086092706,23476.31326700777,30692.609571749443,30692.609571749443,30692.609571749443,12609.718154180555,12609.718154180555,12609.718154180555,18082.891417568888,18082.891417568888,18082.891417568888,0.0,0.0,0.0,54166.63020451338
2011-11-25,23475.977670821427,30381.614906792052,57448.24369625634,23473.86270645465,23478.51476790741,20407.830723377127,20407.830723377127,20407.830723377127,2363.245306503019,2363.245306503019,2363.245306503019,18044.585416874106,18044.585416874106,18044.585416874106,0.0,0.0,0.0,43883.80839419855
2011-11-26,23477.934708878925,169.01621603036406,26628.62110400319,23475.571730927048,23480.75071045794,-9945.914231739216,-9945.914231739216,-9945.914231739216,-27899.333282156946,-27899.333282156946,-27899.333282156946,17953.419050417728,17953.419050417728,17953.419050417728,0.0,0.0,0.0,13532.02047713971
2011-11-27,23479.891746936424,22610.775063727073,49692.8144353153,23477.280092961155,23482.970385145545,12189.394709716173,12189.394709716173,12189.394709716173,-5611.022087604259,-5611.022087604259,-5611.022087604259,17800.41679732043,17800.41679732043,17800.41679732043,0.0,0.0,0.0,35669.2864566526
2011-11-28,23481.848784993923,33412.40503011093,59186.29966157707,23478.977867443125,23485.243822569748,23058.405094501337,23058.405094501337,23058.405094501337,5481.851792056756,5481.851792056756,5481.851792056756,17576.55330244458,17576.55330244458,17576.55330244458,0.0,0.0,0.0,46540.253879495256
2011-11-29,23483.805823051418,36582.68033075728,62193.029378082065,23480.71531649643,23487.391689085995,25633.1438241434,25633.1438241434,25633.1438241434,8360.088440003108,8360.088440003108,8360.088440003108,17273.05538414029,17273.05538414029,17273.05538414029,0.0,0.0,0.0,49116.94964719482
2011-11-30,23485.762861108917,31469.16857697833,58468.45482145482,23482.40356676941,23489.656891523267,21577.168503801808,21577.168503801808,21577.168503801808,4695.4516770736,4695.4516770736,4695.4516770736,16881.71682672821,16881.71682672821,16881.71682672821,0.0,0.0,0.0,45062.93136491072
2011-12-01,23487.71989916641,39748.578271771825,66208.1190341945,23484.095113785592,23491.859324066874,29004.934398008707,29004.934398008707,29004.934398008707,12609.718154207512,12609.718154207512,12609.718154207512,16395.216243801195,16395.216243801195,16395.216243801195,0.0,0.0,0.0,52492.65429717512
2011-12-02,23489.67693722391,28108.692488670855,54374.65103186146,23485.685351067834,23494.0555645034,18170.673239392116,18170.673239392116,18170.673239392116,2363.245306462751,2363.245306462751,2363.245306462751,15807.427932929364,15807.427932929364,15807.427932929364,0.0,0.0,0.0,41660.350176616026
2011-12-03,23491.63397528141,-2834.3730232823027,23389.844766565326,23487.33718467568,23496.305638762387,-12785.61770143105,-12785.61770143105,-12785.61770143105,-27899.333282164673,-27899.333282164673,-27899.333282164673,15113.71558073362,15113.71558073362,15113.71558073362,0.0,0.0,0.0,10706.016273850359
2011-12-04,23493.591013338904,19157.5770604671,45573.874158310355,23489.094889821914,23498.503705447045,8700.176838434656,8700.176838434656,8700.176838434656,-5611.022087634274,-5611.022087634274,-5611.022087634274,14311.198926068928,14311.198926068928,14311.198926068928,0.0,0.0,0.0,32193.767851773562
