StockCode,Description,UnitsSold,Revenue,Orders,DailyDemand,CurrentStock,SafetyStock,ReorderPoint,StockoutRisk,OverstockRisk,Recommendation
10002,INFLATABLE POLITICAL GLOBE ,8479,6638.2699999999995,297,11.489159891598916,122,80.42411924119241,160.84823848238483,High,Low,Reorder
10080,GROOVY CACTUS INFLATABLE,303,124.60999999999999,26,0.4105691056910569,290,2.8739837398373984,5.747967479674797,Low,High,Markdown
10109,BENDY COLOUR PENCILS,4,1.68,1,0.005420054200542005,126,0.037940379403794036,0.07588075880758807,Low,High,Markdown
10120,DOGGY RUBBER,648,136.07999999999998,62,0.8780487804878049,91,6.146341463414634,12.292682926829269,Low,High,Markdown
10123C,HEARTS WRAPPING TAPE ,628,226.76000000000002,46,0.8509485094850948,208,5.956639566395664,11.913279132791327,Low,High,Markdown
10123G,ARMY CAMO WRAPPING TAPE,2246,157.18,12,3.043360433604336,40,21.303523035230352,42.607046070460704,High,Low,Reorder
10124A,SPOTS ON RED BOOKCOVER TAPE,58,24.36,18,0.07859078590785908,122,0.5501355013550135,1.100271002710027,Low,High,Markdown
10124G,ARMY CAMO BOOKCOVER TAPE,32,13.44,9,0.04336043360433604,141,0.3035230352303523,0.6070460704607046,Low,High,Markdown
10125,MINI FUNKY DESIGN TAPES,1970,1562.7,120,2.669376693766938,234,18.685636856368564,37.37127371273713,Low,High,Markdown
10133,COLOURING PENCILS BROWN TUBE,3307,1910.79,203,4.481029810298103,107,31.36720867208672,62.73441734417344,Low,Low,Healthy
10134,COLOURING PENCILS BROWN TUBE,612,702.3,48,0.8292682926829268,119,5.804878048780488,11.609756097560975,Low,High,Markdown
10135,COLOURING PENCILS BROWN TUBE,3887,4048.14,249,5.266937669376694,171,36.86856368563686,73.73712737127371,Low,Low,Healthy
10138,ASSORTED COLOUR JUMBO PEN,247,103.74,16,0.3346883468834688,150,2.3428184281842817,4.685636856368563,Low,High,Markdown
11001,ASSTD DESIGN RACING CAR PEN,4273,6608.8099999999995,178,5.789972899728998,169,40.52981029810299,81.05962059620597,Low,Low,Healthy
15030,FAN BLACK FRAME ,254,73.66,26,0.34417344173441733,277,2.409214092140921,4.818428184281842,Low,High,Markdown
15034,PAPER POCKET TRAVELING FAN ,9818,1156.1200000000001,172,13.303523035230352,211,93.12466124661246,186.24932249322492,Low,Low,Healthy
15036,ASSORTED COLOURS SILK FAN,40994,28766.32,634,55.547425474254744,296,388.8319783197832,777.6639566395664,High,Low,Reorder
15039,SANDALWOOD FAN,4146,2848.9,180,5.617886178861789,180,39.32520325203252,78.65040650406505,Low,Low,Healthy
15044A,PINK PAPER PARASOL ,4894,12803.78,194,6.631436314363143,41,46.420054200542005,92.84010840108401,High,Low,Reorder
15044B,BLUE PAPER PARASOL ,1624,4376.400000000001,148,2.200542005420054,272,15.40379403794038,30.80758807588076,Low,High,Markdown
15044C,PURPLE PAPER PARASOL,862,2428.5,160,1.1680216802168022,255,8.176151761517616,16.352303523035232,Low,High,Markdown
15044D,RED PAPER PARASOL,1544,4252.84,188,2.092140921409214,68,14.644986449864497,29.289972899728994,Low,Low,Healthy
15056BL,EDWARDIAN PARASOL BLACK,9351,45885.07,788,12.670731707317072,78,88.6951219512195,177.390243902439,High,Low,Reorder
15056N,EDWARDIAN PARASOL NATURAL,10948,54332.61,863,14.83468834688347,189,103.84281842818429,207.68563685636857,High,Low,Reorder
15056P,EDWARDIAN PARASOL PINK,2436,11872.810000000001,321,3.3008130081300813,207,23.10569105691057,46.21138211382114,Low,High,Markdown
15058A,BLUE WHITE SPOTS GARDEN PARASOL,419,2499.05,106,0.5677506775067751,290,3.9742547425474255,7.948509485094851,Low,High,Markdown
15058B,PINK WHITE SPOTS GARDEN PARASOL,301,1920.95,91,0.4078590785907859,209,2.855013550135501,5.710027100271002,Low,High,Markdown
15058C,ICE CREAM DESIGN GARDEN PARASOL,413,1963.35,71,0.559620596205962,194,3.9173441734417342,7.8346883468834685,Low,High,Markdown
15059A,ENGLISH ROSE EDWARDIAN PARASOL,505,1515.0,1,0.6842818428184282,70,4.789972899728998,9.579945799457995,Low,High,Markdown
15060B,FAIRY CAKE DESIGN UMBRELLA,1137,4138.17,274,1.5406504065040652,74,10.784552845528456,21.56910569105691,Low,Low,Healthy
16008,SMALL FOLDING SCISSOR(POINTED EDGE),3141,422.96,85,4.2560975609756095,263,29.792682926829265,59.58536585365853,Low,High,Markdown
16010,FOLDING CAMPING SCISSOR W/KNIF & S,32,3.84,4,0.04336043360433604,150,0.3035230352303523,0.6070460704607046,Low,High,Markdown
16011, ANIMAL STICKERS,3812,799.3199999999999,112,5.1653116531165315,154,36.15718157181572,72.31436314363144,Low,Low,Healthy
16012,FOOD/DRINK SPUNGE STICKERS,2877,602.97,82,3.8983739837398375,40,27.288617886178862,54.577235772357724,High,Low,Reorder
16014,SMALL CHINESE STYLE SCISSOR,29354,9512.68,92,39.77506775067751,186,278.42547425474254,556.8509485094851,High,Low,Reorder
16015,MEDIUM CHINESE STYLE SCISSOR,1572,711.38,65,2.130081300813008,293,14.910569105691057,29.821138211382113,Low,High,Markdown
16016,LARGE CHINESE STYLE SCISSOR,2307,1864.75,105,3.1260162601626016,108,21.882113821138212,43.764227642276424,Low,Low,Healthy
16020C,CLEAR STATIONERY BOX SET ,82,69.69999999999999,24,0.1111111111111111,33,0.7777777777777777,1.5555555555555554,Low,High,Markdown
16033,MINI HIGHLIGHTER PENS,15001,1530.12,49,20.326558265582655,261,142.28590785907858,284.57181571815715,High,Low,Reorder
16043,POP ART PUSH DOWN RUBBER ,2142,179.04000000000002,12,2.902439024390244,284,20.317073170731707,40.63414634146341,Low,High,Markdown
16044,POP-ART FLUORESCENT PENS,6192,388.8,2,8.390243902439025,72,58.73170731707317,117.46341463414635,High,Low,Reorder
16045,POPART WOODEN PENCILS ASST,9300,428.0,72,12.601626016260163,111,88.21138211382114,176.4227642276423,High,Low,Reorder
16046,TEATIME PEN CASE & PENS,9949,1043.53,45,13.481029810298104,283,94.36720867208672,188.73441734417344,Low,Low,Healthy
16047,POP ART PEN CASE & PENS,10587,1015.59,23,14.345528455284553,54,100.41869918699187,200.83739837398375,High,Low,Reorder
16048,TEATIME ROUND PENCIL SHARPENER ,3413,498.66,69,4.624661246612466,225,32.37262872628726,64.74525745257452,Low,Low,Healthy
16049,TEATIME GEL PENS ASST,3144,542.88,25,4.260162601626016,100,29.821138211382113,59.642276422764226,Low,Low,Healthy
16050,TEATIME PENCIL WITH RUBBER,122,30.5,4,0.16531165311653118,69,1.1571815718157183,2.3143631436314367,Low,High,Markdown
16051,TEATIME PENCIL W STAMP ASST,938,82.2,3,1.2710027100271002,21,8.897018970189702,17.794037940379404,Low,Low,Healthy
16052,TEATIME PUSH DOWN RUBBER,810,249.35,21,1.0975609756097562,73,7.682926829268293,15.365853658536587,Low,High,Markdown
16053,POPART COL BALLPOINT PEN ASST,4298,182.58,8,5.823848238482385,125,40.766937669376695,81.53387533875339,Low,Low,Healthy
16054,POPART RECT PENCIL SHARPENER ASST,1205,156.9,37,1.632791327913279,279,11.429539295392953,22.859078590785906,Low,High,Markdown
16119,FUNKY GIRL ADDRESS BOOK,271,128.21,7,0.36720867208672087,210,2.5704607046070462,5.1409214092140925,Low,High,Markdown
16151A,FLOWER DES BLUE HANDBAG/ORANG HANDL,52,72.5,5,0.07046070460704607,237,0.49322493224932246,0.9864498644986449,Low,High,Markdown
16156L,"WRAP, CAROUSEL",950,399.0,36,1.2872628726287263,63,9.010840108401084,18.021680216802167,Low,Low,Healthy
16156N,"WRAP, FRIENDSHIP ON GREEN",1450,609.0,55,1.9647696476964769,181,13.753387533875339,27.506775067750677,Low,High,Markdown
16156S,WRAP PINK FAIRY CAKES ,16586,6527.12,417,22.474254742547426,221,157.31978319783198,314.63956639566396,High,Low,Reorder
16161C,WRAP SPEED DEMONS ,450,45.0,2,0.6097560975609756,289,4.2682926829268295,8.536585365853659,Low,High,Markdown
16161E,WRAP BOUDOIR ,750,75.0,9,1.016260162601626,290,7.1138211382113825,14.227642276422765,Low,High,Markdown
16161G,WRAP BAD HAIR DAY,975,97.5,33,1.3211382113821137,234,9.247967479674797,18.495934959349594,Low,High,Markdown
16161M,WRAP  PINK FLOCK,1050,439.0,39,1.4227642276422765,271,9.959349593495936,19.918699186991873,Low,High,Markdown
16161P,WRAP ENGLISH ROSE ,13198,5435.4,440,17.883468834688347,209,125.18428184281844,250.36856368563687,High,Low,Reorder
16161U,"WRAP,SUKI AND FRIENDS",10001,4074.42,317,13.551490514905149,232,94.86043360433604,189.72086720867208,Low,Low,Healthy
16162L,THE KING GIFT BAG,8083,553.79,17,10.952574525745257,227,76.6680216802168,153.3360433604336,Low,Low,Healthy
16162M,THE KING GIFT BAG 25x24x12cm,86,36.12,12,0.11653116531165311,256,0.8157181571815718,1.6314363143631436,Low,High,Markdown
16168M,FUNKY MONKEY GIFT BAG MEDIUM,1578,425.16,53,2.138211382113821,72,14.967479674796747,29.934959349593495,Low,Low,Healthy
16168S,FUNKY MONKEY GIFT BAG SMALL,1274,121.86,7,1.7262872628726287,299,12.084010840108402,24.168021680216803,Low,High,Markdown
16169A,WRAP CHRISTMAS DECOUPAGE,25,10.5,1,0.03387533875338753,236,0.23712737127371272,0.47425474254742545,Low,High,Markdown
16169C,WRAP BLUE REINDEER,1350,567.0,43,1.829268292682927,271,12.804878048780488,25.609756097560975,Low,High,Markdown
16169D,WRAP WINTER FOREST,250,105.0,9,0.33875338753387535,207,2.3712737127371275,4.742547425474255,Low,High,Markdown
16169E,WRAP 50'S  CHRISTMAS,4563,1892.46,149,6.182926829268292,60,43.28048780487805,86.5609756097561,High,Low,Reorder
16169F,WRAP BLIZZARD,975,409.5,34,1.3211382113821137,176,9.247967479674797,18.495934959349594,Low,High,Markdown
16169G,WRAP ROMANTIC DECOUPAGE,25,10.5,1,0.03387533875338753,34,0.23712737127371272,0.47425474254742545,Low,High,Markdown
16169K,WRAP FOLK ART,2050,648.25,59,2.7777777777777777,84,19.444444444444443,38.888888888888886,Low,Low,Healthy
16169M,WRAP DAISY CARPET ,2060,640.95,59,2.7913279132791327,28,19.539295392953928,39.078590785907856,High,Low,Reorder
16169N,WRAP BLUE RUSSIAN FOLKART,2025,626.25,56,2.7439024390243905,148,19.207317073170735,38.41463414634147,Low,Low,Healthy
16169P,WRAP GREEN RUSSIAN FOLKART ,1750,533.75,48,2.3712737127371275,155,16.59891598915989,33.19783197831978,Low,High,Markdown
16201A,PASTEL PINK PHOTO ALBUM,100,199.8,8,0.13550135501355012,82,0.9485094850948509,1.8970189701897018,Low,High,Markdown
16201B,PASTEL BLUE PHOTO ALBUM,24,46.8,2,0.032520325203252036,158,0.22764227642276424,0.4552845528455285,Low,High,Markdown
16202A,PASTEL PINK PHOTO ALBUM ,660,266.45,19,0.8943089430894309,100,6.260162601626016,12.520325203252032,Low,High,Markdown
16202B,PASTEL BLUE PHOTO ALBUM ,1034,469.21,18,1.4010840108401084,182,9.807588075880759,19.615176151761517,Low,High,Markdown
16202C,BEIGE PHOTO ALBUM,94,201.29999999999998,10,0.12737127371273713,280,0.8915989159891599,1.7831978319783197,Low,High,Markdown
16202E,BLACK PHOTO ALBUM ,81,150.6,13,0.10975609756097561,250,0.7682926829268293,1.5365853658536586,Low,High,Markdown
16206B,RED PURSE WITH PINK HEART,96,116.4,16,0.13008130081300814,60,0.910569105691057,1.821138211382114,Low,High,Markdown
16207A,PINK STRAWBERRY HANDBAG ,55,162.25000000000003,19,0.07452574525745258,47,0.521680216802168,1.043360433604336,Low,High,Markdown
16207B,PINK HEART RED HANDBAG,211,315.96000000000004,13,0.2859078590785908,154,2.0013550135501355,4.002710027100271,Low,High,Markdown
16212,FUNKY GIRLZ ASST MAGNETIC MEMO PAD,357,232.04999999999998,30,0.483739837398374,220,3.386178861788618,6.772357723577236,Low,High,Markdown
16215,FUNKY GIRLZ MAGNETIC TO DO LIST ,8,5.2,3,0.01084010840108401,287,0.07588075880758807,0.15176151761517614,Low,High,Markdown
16216,LETTER SHAPE PENCIL SHARPENER,4135,358.18,78,5.602981029810298,52,39.22086720867209,78.44173441734418,High,Low,Reorder
16218,CARTOON  PENCIL SHARPENERS,4525,375.6,70,6.131436314363143,67,42.920054200542005,85.84010840108401,High,Low,Reorder
16219,HOUSE SHAPE PENCIL SHARPENER,3206,371.01,66,4.3441734417344176,81,30.40921409214092,60.81842818428184,Low,Low,Healthy
16225,RATTLE SNAKE EGGS,1420,1078.64,112,1.924119241192412,235,13.468834688346885,26.93766937669377,Low,High,Markdown
16235,RECYCLED PENCIL WITH RABBIT ERASER,5088,1031.58,160,6.894308943089431,118,48.26016260162602,96.52032520325204,Low,Low,Healthy
16236,KITTY PENCIL ERASERS,2425,503.65,143,3.285907859078591,191,23.001355013550135,46.00271002710027,Low,Low,Healthy
16237,SLEEPING CAT ERASERS,9730,1959.3,340,13.184281842818429,233,92.28997289972901,184.57994579945802,Low,Low,Healthy
16238,PARTY TIME PENCIL ERASERS,2232,469.42,135,3.024390243902439,54,21.170731707317074,42.34146341463415,Low,Low,Healthy
16239,BALLERINA HEART DECORATION.,338,468.4,13,0.45799457994579945,246,3.205962059620596,6.411924119241192,Low,High,Markdown
16243B,BROWN COZY SQUARE PHOTO ALBUM,205,399.75,1,0.2777777777777778,120,1.9444444444444446,3.8888888888888893,Low,High,Markdown
16244A,MAXWELL 2 TONE PINK 60 PAGE PHOTO A,142,293.0,6,0.19241192411924118,150,1.3468834688346882,2.6937669376693765,Low,High,Markdown
16244B,MAXWELL 2 TONE BLUE 60 PAGE PHOTO A,309,612.85,8,0.4186991869918699,276,2.930894308943089,5.861788617886178,Low,High,Markdown
16245A,PINK MINI STATIONERY SET W CASE,11,13.75,7,0.014905149051490514,24,0.1043360433604336,0.2086720867208672,Low,High,Markdown
16248B,BLUE HOLE PUNCH,81,101.25,12,0.10975609756097561,237,0.7682926829268293,1.5365853658536586,Low,High,Markdown
16254,TRANSPARENT ACRYLIC TAPE DISPENSER,912,258.36,19,1.2357723577235773,274,8.65040650406504,17.30081300813008,Low,High,Markdown
16256B,FLOWER PENCIL/RUBBER+5 MINI PENCILS,493,207.06,20,0.6680216802168022,226,4.676151761517615,9.35230352303523,Low,High,Markdown
16256C,HEARTS PENCIL/RUBBER+5 MINI PENCILS,169,70.98,10,0.22899728997289973,34,1.602981029810298,3.205962059620596,Low,High,Markdown
16258A,SWIRLY CIRCULAR RUBBERS IN BAG,1026,347.19,74,1.3902439024390243,61,9.73170731707317,19.46341463414634,Low,Low,Healthy
16258B,DAISY ERASERS IN BAG,1014,219.34,13,1.3739837398373984,198,9.617886178861788,19.235772357723576,Low,High,Markdown
16259,PIECE OF CAMO STATIONERY SET,5473,766.09,55,7.415989159891599,82,51.91192411924119,103.82384823848238,High,Low,Reorder
17001,HEAVENS SCENT FRAGRANCE OILS ASSTD,1211,299.34999999999997,23,1.6409214092140922,250,11.486449864498645,22.97289972899729,Low,High,Markdown
17003,BROCADE RING PURSE ,70082,14640.96,387,94.96205962059621,260,664.7344173441735,1329.468834688347,High,Low,Reorder
17007B,S/3 POT POURI CUSHIONS BLUE COLOURS,34,71.4,6,0.04607046070460705,71,0.3224932249322493,0.6449864498644986,Low,High,Markdown
17011A,ORIGAMI VANILLA INCENSE+FLOWER ,254,150.0,6,0.34417344173441733,115,2.409214092140921,4.818428184281842,Low,High,Markdown
17011B,ORIGAMI JASMINE INCENSE+FLOWER ,19,11.100000000000001,2,0.025745257452574527,241,0.1802168021680217,0.3604336043360434,Low,High,Markdown
17011C,ORIGAMI LAVENDER INCENSE+FLOWER,334,217.1,1,0.45257452574525747,250,3.1680216802168024,6.336043360433605,Low,High,Markdown
17011D,ORIGAMI ROSE INCENSE+FLOWER,207,129.3,2,0.2804878048780488,256,1.9634146341463417,3.9268292682926833,Low,High,Markdown
17011E,ORIGAMI OPIUM SCENT INCENSE+FLOWER,124,80.60000000000001,1,0.16802168021680217,162,1.1761517615176151,2.3523035230352303,Low,High,Markdown
17011F,ORIGAMI SANDLEWOOD INCENSE+FLOWER,380,315.15,15,0.5149051490514905,190,3.604336043360434,7.208672086720868,Low,High,Markdown
17012A,ORIGAMI VANILLA INCENSE/CANDLE SET ,644,586.6,34,0.8726287262872628,48,6.10840108401084,12.21680216802168,Low,Low,Healthy
17012B,ORIGAMI JASMINE INCENSE/CANDLE SET,617,590.8499999999999,48,0.8360433604336044,55,5.85230352303523,11.70460704607046,Low,High,Markdown
17012C,ORIGAMI LAVENDER INCENSE/CANDL SET ,777,747.25,56,1.0528455284552845,32,7.369918699186991,14.739837398373982,Low,Low,Healthy
17012D,ORIGAMI ROSE INCENSE/CANDLE SET ,426,426.7,51,0.5772357723577236,179,4.040650406504065,8.08130081300813,Low,High,Markdown
17012E,ORIGAMI OPIUM INCENSE/CANDLE SET ,240,236.39999999999998,12,0.3252032520325203,206,2.2764227642276422,4.5528455284552845,Low,High,Markdown
17012F,ORIGAMI SANDLEWOOD INCENSE/CAND SET,493,451.45,47,0.6680216802168022,262,4.676151761517615,9.35230352303523,Low,High,Markdown
17013B,ORIGAMI JASMINE INCENSE IN TUBE,255,217.6,2,0.34552845528455284,105,2.4186991869918697,4.837398373983739,Low,High,Markdown
17013C,ORIGAMI LAVENDER INCENSE IN TUBE,213,89.46000000000001,2,0.2886178861788618,85,2.0203252032520327,4.040650406504065,Low,High,Markdown
17013D,ORIGAMI ROSE INCENSE IN TUBE,1048,515.46,21,1.4200542005420054,189,9.940379403794038,19.880758807588077,Low,High,Markdown
17013F,ORIGAMI SANDLEWOOD INCENSE IN TUBE,61,25.05,4,0.08265582655826559,64,0.5785907859078592,1.1571815718157183,Low,High,Markdown
17014A,ORIGAMI VANILLA INCENSE CONES,247,111.81,9,0.3346883468834688,81,2.3428184281842817,4.685636856368563,Low,High,Markdown
17014C,ORIGAMI LAVENDER INCENSE CONES,96,40.32,1,0.13008130081300814,153,0.910569105691057,1.821138211382114,Low,High,Markdown
17014D,ORIGAMI ROSE INCENSE CONES,476,194.28,5,0.6449864498644986,47,4.51490514905149,9.02981029810298,Low,High,Markdown
17014E,ORIGAMI OPIUM INCENSE CONES,93,33.3,4,0.12601626016260162,127,0.8821138211382114,1.7642276422764227,Low,High,Markdown
17014F,ORIGAMI SANDLEWOOD INCENSE CONES,61,23.699999999999996,4,0.08265582655826559,63,0.5785907859078592,1.1571815718157183,Low,High,Markdown
17021,NAMASTE SWAGAT INCENSE,3714,982.44,75,5.032520325203252,147,35.22764227642276,70.45528455284553,Low,Low,Healthy
17027A,INCENSE BAZAAR CANNABIS,228,84.84,2,0.3089430894308943,250,2.16260162601626,4.32520325203252,Low,High,Markdown
17028J,INCENSE BAZAAR PEACH,6,2.52,1,0.008130081300813009,209,0.05691056910569106,0.11382113821138212,Low,High,Markdown
17033,"BROCADE PURSE,SMALL ARCH BUTTON",3279,867.55,68,4.443089430894309,244,31.101626016260163,62.203252032520325,Low,Low,Healthy
17038,PORCELAIN BUDAH INCENSE HOLDER,2524,225.4,30,3.4200542005420056,140,23.94037940379404,47.88075880758808,Low,Low,Healthy
17039,INLAID WOOD INCENSE HOLDER,3641,813.0899999999999,30,4.93360433604336,135,34.53523035230352,69.07046070460704,Low,Low,Healthy
17061,ASSORTED SHAPED STENCIL FOR HENNA,52,2.08,1,0.07046070460704607,252,0.49322493224932246,0.9864498644986449,Low,High,Markdown
17084A,TRANQUILITY MASALA INCENSE,442,92.82,18,0.5989159891598916,278,4.1924119241192415,8.384823848238483,Low,High,Markdown
17084G,MOON INCENSE,50,10.5,2,0.06775067750677506,217,0.47425474254742545,0.9485094850948509,Low,High,Markdown
17084J,LOVE POTION MASALA INCENSE,454,95.34,19,0.6151761517615176,156,4.306233062330623,8.612466124661246,Low,High,Markdown
17084N,FAIRY DREAMS INCENSE ,2391,485.86,67,3.2398373983739837,184,22.678861788617887,45.357723577235774,Low,Low,Healthy
17084P,DRAGONS BLOOD INCENSE,874,173.54,26,1.184281842818428,244,8.289972899728996,16.57994579945799,Low,High,Markdown
17084R,ASSORTED INCENSE PACK,10625,1968.45,66,14.397018970189702,253,100.77913279132791,201.55826558265582,Low,Low,Healthy
17090A,LAVENDER INCENSE 40 CONES IN TIN,173,182.65,26,0.23441734417344173,191,1.640921409214092,3.281842818428184,Low,High,Markdown
17090D,VANILLA INCENSE 40 CONES IN TIN,88,105.2,28,0.11924119241192412,171,0.8346883468834688,1.6693766937669376,Low,High,Markdown
17091A,LAVENDER INCENSE IN TIN,2073,1255.65,110,2.8089430894308944,179,19.66260162601626,39.32520325203252,Low,High,Markdown
17091B,JASMINE TEA INCENSE IN TIN,264,286.8,43,0.35772357723577236,115,2.5040650406504064,5.008130081300813,Low,High,Markdown
17091F,SANDALWOOD INCENSE IN TIN,16,20.0,6,0.02168021680216802,252,0.15176151761517614,0.3035230352303523,Low,High,Markdown
17091J,VANILLA INCENSE IN TIN,3931,2122.19,161,5.326558265582656,199,37.28590785907859,74.57181571815718,Low,Low,Healthy
17096,ASSORTED LAQUERED INCENSE HOLDERS,6157,1081.65,35,8.342818428184282,132,58.39972899728998,116.79945799457995,Low,Low,Healthy
17107D,"FLOWER FAIRY,5 SUMMER B'DRAW LINERS",306,780.3,82,0.4146341463414634,71,2.902439024390244,5.804878048780488,Low,High,Markdown
17108D,FLOWER FAIRY SUMMER BOUQUET SACHET,355,149.1,23,0.481029810298103,287,3.367208672086721,6.734417344173442,Low,High,Markdown
17109A,FLOWER FAIRY INCENSE LILY,709,333.61,13,0.9607046070460704,132,6.724932249322493,13.449864498644986,Low,High,Markdown
17109B,FLOWER FAIRY INCENSE LAVENDER,4541,892.91,16,6.1531165311653115,120,43.07181571815718,86.14363143631437,Low,Low,Healthy
17109C,FLOWER FAIRY INCENSE ROSE,3124,661.23,15,4.233062330623306,132,29.631436314363143,59.262872628726285,Low,Low,Healthy
17109D,FLOWER FAIRY INCENSE BOUQUET,1253,584.87,36,1.6978319783197833,100,11.884823848238483,23.769647696476966,Low,Low,Healthy
17129C,SKY BLUE COLOUR GLASS GEMS IN BAG,84,56.28,10,0.11382113821138211,206,0.7967479674796748,1.5934959349593496,Low,High,Markdown
17129D,CLEAR COLOUR GLASS GEMS IN BAG,518,344.53999999999996,19,0.7018970189701897,132,4.913279132791328,9.826558265582657,Low,High,Markdown
17129F,DEEP BLUE GLASS GEMS IN BAG,940,626.5,41,1.2737127371273713,21,8.915989159891598,17.831978319783197,Low,Low,Healthy
17136A,BLUE STONES ON WIRE FOR CANDLE,743,61.78,34,1.0067750677506775,149,7.047425474254743,14.094850948509485,Low,High,Markdown
17164B,ASS COL SMALL SAND GECKO P'WEIGHT,1584,633.24,80,2.1463414634146343,239,15.02439024390244,30.04878048780488,Low,High,Markdown
17164D,ASS COL SMALL SAND FROG P'WEIGHT,1144,444.48,27,1.5501355013550135,73,10.850948509485095,21.70189701897019,Low,Low,Healthy
17165B,ASS COL LARGE SAND GECKO P'WEIGHT,809,750.63,56,1.0962059620596205,243,7.673441734417343,15.346883468834687,Low,High,Markdown
17165D,ASS COL LARGE SAND FROG P'WEIGHT,716,682.32,89,0.9701897018970189,244,6.791327913279132,13.582655826558264,Low,High,Markdown
17174,ASSTD RASTA KEY-CHAINS,36,15.120000000000001,7,0.04878048780487805,145,0.34146341463414637,0.6829268292682927,Low,High,Markdown
17178,FLAT PALM T-LIGHT HOLDER,133,156.65,24,0.1802168021680217,149,1.2615176151761518,2.5230352303523036,Low,High,Markdown
17181,CIRCLE OF FRIENDS CANDLE HOLDER,294,341.7,28,0.3983739837398374,72,2.7886178861788617,5.5772357723577235,Low,High,Markdown
17191A,ROSE FLOWER CANDLE+INCENSE 16X16CM,33,123.75,12,0.044715447154471545,191,0.3130081300813008,0.6260162601626016,Low,High,Markdown
18007,ESSENTIAL BALM 3.5g TIN IN ENVELOPE,11335,1017.18,51,15.359078590785908,237,107.51355013550135,215.0271002710027,Low,Low,Healthy
18010,ASSORTED FRAGRANCE BATH CONFETTI,56,23.52,6,0.07588075880758807,179,0.5311653116531165,1.062330623306233,Low,High,Markdown
18094C,WHITE/BLUE RECT CERAMIC OIL BURNER,332,376.6,43,0.44986449864498645,217,3.149051490514905,6.29810298102981,Low,High,Markdown
18096C,WHITE ROUND PORCELAIN TLIGHT HOLDER,106,241.5,13,0.14363143631436315,266,1.005420054200542,2.010840108401084,Low,High,Markdown
18097A,PINK TALL PORCELAIN T-LIGHT HOLDER ,17,43.349999999999994,12,0.023035230352303523,222,0.16124661246612465,0.3224932249322493,Low,High,Markdown
18097B,BLUE TALL PORCELAIN T-LIGHT HOLDER,7,17.849999999999998,3,0.009485094850948509,203,0.06639566395663957,0.13279132791327913,Low,High,Markdown
18097C,WHITE TALL PORCELAIN T-LIGHT HOLDER,1534,3293.7,159,2.078590785907859,142,14.550135501355012,29.100271002710024,Low,High,Markdown
18098A,PINK PORCELAIN B'FLY OIL BURNER,2,5.9,2,0.0027100271002710027,274,0.018970189701897018,0.037940379403794036,Low,High,Markdown
18098B,BLUE PORCELAIN B'FLY OIL BURNER,3,8.850000000000001,3,0.0040650406504065045,299,0.02845528455284553,0.05691056910569106,Low,High,Markdown
18098C,PORCELAIN BUTTERFLY OIL BURNER,1123,2832.8500000000004,177,1.521680216802168,117,10.651761517615176,21.303523035230352,Low,High,Markdown
20615,BLUE SPOTTY PASSPORT COVER,458,585.04,78,0.6205962059620597,217,4.3441734417344176,8.688346883468835,Low,High,Markdown
20616,CHERRY BLOSSOM PASSPORT COVER,188,236.18,44,0.25474254742547425,259,1.7831978319783197,3.5663956639566394,Low,High,Markdown
20617,FIRST CLASS PASSPORT COVER ,452,863.88,74,0.6124661246612466,163,4.287262872628727,8.574525745257453,Low,High,Markdown
20618,QUEEN OF THE SKIES PASSPORT COVER ,193,400.38,74,0.26151761517615174,116,1.8306233062330621,3.6612466124661243,Low,High,Markdown
20619,TROPICAL PASSPORT COVER ,373,566.33,68,0.505420054200542,220,3.5379403794037945,7.075880758807589,Low,High,Markdown
20620,RED SPOTTY PASSPORT COVER,1,2.1,1,0.0013550135501355014,143,0.009485094850948509,0.018970189701897018,Low,High,Markdown
20621,ECONOMY PASSPORT COVER ,199,417.90000000000003,29,0.2696476964769648,206,1.8875338753387536,3.775067750677507,Low,High,Markdown
20622,VIPPASSPORT COVER ,523,914.1800000000001,82,0.7086720867208672,278,4.960704607046071,9.921409214092142,Low,High,Markdown
20652,BLUE SPOTTY LUGGAGE TAG ,1215,692.01,89,1.646341463414634,167,11.524390243902438,23.048780487804876,Low,High,Markdown
20653,CHERRY BLOSSOM LUGGAGE TAG,1927,428.89,31,2.611111111111111,271,18.27777777777778,36.55555555555556,Low,High,Markdown
20654,FIRST CLASS LUGGAGE TAG ,339,414.63,84,0.45934959349593496,166,3.2154471544715446,6.430894308943089,Low,High,Markdown
20655,QUEEN OF SKIES LUGGAGE TAG,264,321.02,91,0.35772357723577236,167,2.5040650406504064,5.008130081300813,Low,High,Markdown
20657,TROPICAL LUGGAGE TAG,1692,534.14,71,2.292682926829268,218,16.048780487804876,32.09756097560975,Low,High,Markdown
20658,RED SPOTTY LUGGAGE TAG,1333,1661.69,223,1.8062330623306233,147,12.643631436314363,25.287262872628727,Low,High,Markdown
20659,ECONOMY LUGGAGE TAG,287,380.81,89,0.3888888888888889,58,2.7222222222222223,5.444444444444445,Low,High,Markdown
20660,VIP LUGGAGE TAG ,71,88.75,26,0.09620596205962059,148,0.6734417344173441,1.3468834688346882,Low,High,Markdown
20661,BLUE SPOTTY PURSE ,787,662.1700000000001,42,1.0663956639566397,286,7.464769647696477,14.929539295392955,Low,High,Markdown
20662,FIRST CLASS HOLIDAY PURSE ,697,394.27000000000004,25,0.9444444444444444,170,6.611111111111111,13.222222222222221,Low,High,Markdown
20663,QUEEN OF THE SKIES HOLIDAY PURSE ,1037,277.19,15,1.405149051490515,118,9.836043360433605,19.67208672086721,Low,High,Markdown
20664,TROPICAL HOLIDAY PURSE ,31,91.45000000000002,16,0.04200542005420054,282,0.2940379403794038,0.5880758807588076,Low,High,Markdown
20665,RED SPOTTY PURSE ,1165,3419.9500000000003,222,1.5785907859078592,271,11.050135501355014,22.100271002710027,Low,High,Markdown
20666,ECONOMY HOLIDAY PURSE,871,340.65000000000003,22,1.1802168021680217,163,8.261517615176151,16.523035230352303,Low,High,Markdown
20667,CHERRY BLOSSOM PURSE,21,61.95,9,0.028455284552845527,131,0.1991869918699187,0.3983739837398374,Low,High,Markdown
20668,DISCO BALL CHRISTMAS DECORATION,20550,2292.04,309,27.84552845528455,79,194.91869918699186,389.8373983739837,High,Low,Reorder
20669,RED HEART LUGGAGE TAG,627,781.47,132,0.8495934959349594,21,5.9471544715447155,11.894308943089431,Low,Low,Healthy
20670,VIP HOLIDAY PURSE,664,296.48,22,0.8997289972899729,273,6.29810298102981,12.59620596205962,Low,High,Markdown
20671,BLUE TEATIME PRINT BOWL ,731,900.07,106,0.9905149051490515,159,6.93360433604336,13.86720867208672,Low,High,Markdown
20672,PINK TEATIME PRINT BOWL,116,145.0,22,0.15718157181571815,56,1.100271002710027,2.200542005420054,Low,High,Markdown
20673,STRAWBERRIES PRINT BOWL,5,6.25,2,0.006775067750677507,179,0.04742547425474255,0.0948509485094851,Low,High,Markdown
20674,GREEN SPOTTY BOWL,3096,3748.09,360,4.195121951219512,28,29.365853658536587,58.73170731707317,High,Low,Reorder
20675,BLUE SPOTTY BOWL,5816,6847.13,533,7.880758807588076,252,55.16531165311653,110.33062330623306,Low,Low,Healthy
20676,RED SPOTTY BOWL,9403,10973.06,720,12.74119241192412,118,89.18834688346884,178.37669376693768,High,Low,Reorder
20677,PINK SPOTTY BOWL,6888,8030.2300000000005,545,9.333333333333334,166,65.33333333333334,130.66666666666669,Low,Low,Healthy
20678,LARGE BLACK DIAMANTE HAIRSLIDE,4,6.6,1,0.005420054200542005,227,0.037940379403794036,0.07588075880758807,Low,High,Markdown
20679,EDWARDIAN PARASOL RED,6029,28557.920000000002,622,8.169376693766937,150,57.18563685636856,114.37127371273712,Low,Low,Healthy
20680,PINK FLOWERS CHILDS UMBRELLA,6,19.5,4,0.008130081300813009,171,0.05691056910569106,0.11382113821138212,Low,High,Markdown
20681,PINK SPOTTY CHILDS UMBRELLA,1303,4135.75,274,1.7655826558265582,73,12.359078590785908,24.718157181571815,Low,Low,Healthy
20682,RED SPOTTY CHILDS UMBRELLA,2892,9134.66,478,3.9186991869918697,139,27.43089430894309,54.86178861788618,Low,Low,Healthy
20683,RAIN GIRL CHILDS UMBRELLA,1,3.25,1,0.0013550135501355014,180,0.009485094850948509,0.018970189701897018,Low,High,Markdown
20684,STRAWBERRY DREAM CHILDS UMBRELLA,560,1781.0,157,0.7588075880758808,135,5.311653116531166,10.623306233062332,Low,High,Markdown
20685,RED SPOTTY COIR DOORMAT,9364,60546.64,1478,12.688346883468835,94,88.81842818428184,177.63685636856368,High,Low,Reorder
20686,DOLLY MIXTURE CHILDREN'S UMBRELLA,561,1817.63,160,0.7601626016260162,132,5.321138211382114,10.642276422764228,Low,High,Markdown
20688,BEAUTY SPEED EXPRESSO CUPS,462,306.9,9,0.6260162601626016,123,4.382113821138211,8.764227642276422,Low,High,Markdown
20689,RETRO SISTERS EXPRESSO CUPS,400,436.00000000000006,27,0.5420054200542005,273,3.7940379403794036,7.588075880758807,Low,High,Markdown
20692,FLORAL ELEPHANT SOFT TOY,879,3434.25,116,1.1910569105691058,246,8.33739837398374,16.67479674796748,Low,High,Markdown
20693,FLORAL DINOSAUR GREEN,26,110.5,12,0.03523035230352303,131,0.24661246612466123,0.49322493224932246,Low,High,Markdown
20694,FLORAL PINK MONSTER,112,408.48,25,0.15176151761517614,118,1.062330623306233,2.124661246612466,Low,High,Markdown
20695,FLORAL BLUE MONSTER,82,332.0,26,0.1111111111111111,172,0.7777777777777777,1.5555555555555554,Low,High,Markdown
20696,FLORAL SOFT CAR TOY,123,461.25,34,0.16666666666666666,213,1.1666666666666665,2.333333333333333,Low,High,Markdown
20697,LITTLE GREEN MONSTER SOFT TOY,38,91.49999999999999,19,0.051490514905149054,182,0.3604336043360434,0.7208672086720868,Low,High,Markdown
20698,LITTLE PINK MONSTER SOFT TOY,43,104.25,18,0.058265582655826556,227,0.4078590785907859,0.8157181571815718,Low,High,Markdown
20699,MOUSEY LONG LEGS SOFT TOY,208,519.6,45,0.28184281842818426,188,1.9728997289972898,3.9457994579945797,Low,High,Markdown
20700,GREEN CAT FLORAL CUSHION COVER ,288,420.0,12,0.3902439024390244,180,2.731707317073171,5.463414634146342,Low,High,Markdown
20701,PINK CAT FLORAL CUSHION COVER ,282,397.5,13,0.3821138211382114,87,2.6747967479674797,5.349593495934959,Low,High,Markdown
20702,PINK PADDED MOBILE,758,3178.0,237,1.02710027100271,296,7.18970189701897,14.37940379403794,Low,High,Markdown
20703,BLUE PADDED SOFT MOBILE,459,1938.25,165,0.6219512195121951,154,4.353658536585366,8.707317073170731,Low,High,Markdown
20704,MR ROBOT SOFT TOY,345,1200.95,64,0.46747967479674796,214,3.272357723577236,6.544715447154472,Low,High,Markdown
20705,MRS ROBOT SOFT TOY,269,972.5500000000001,49,0.36449864498644985,147,2.551490514905149,5.102981029810298,Low,High,Markdown
20707,CRAZY DAISY HEART DECORATION,1279,914.12,63,1.7330623306233062,52,12.131436314363143,24.262872628726285,Low,Low,Healthy
20711,JUMBO BAG TOYS ,11326,20283.78,671,15.346883468834688,195,107.42818428184282,214.85636856368563,High,Low,Reorder
20712,JUMBO BAG WOODLAND ANIMALS,15709,29105.5,915,21.28590785907859,41,149.00135501355015,298.0027100271003,High,Low,Reorder
20713,JUMBO BAG OWLS,19463,35162.42,920,26.372628726287264,257,184.60840108401084,369.2168021680217,High,Low,Reorder
20714,POSY SHOPPER BAG,1513,586.25,12,2.0501355013550135,177,14.350948509485095,28.70189701897019,Low,High,Markdown
20715,LITTLE FLOWER SHOPPER BAG,400,424.0,1,0.5420054200542005,57,3.7940379403794036,7.588075880758807,Low,High,Markdown
20716,PARTY FOOD SHOPPER BAG,1392,1705.8,169,1.886178861788618,249,13.203252032520325,26.40650406504065,Low,High,Markdown
20717,STRAWBERRY SHOPPER BAG,5335,6353.53,500,7.2289972899729,70,50.602981029810294,101.20596205962059,High,Low,Reorder
20718,RED SPOTTY SHOPPER BAG,12255,14359.26,866,16.60569105691057,283,116.23983739837398,232.47967479674796,Low,Low,Healthy
20719,WOODLAND CHARLOTTE BAG,19027,15030.64,1062,25.781842818428185,46,180.4728997289973,360.9457994579946,High,Low,Reorder
20721,OWLS CHARLOTTE BAG,1,0.85,1,0.0013550135501355014,245,0.009485094850948509,0.018970189701897018,Low,High,Markdown
20723,STRAWBERRY CHARLOTTE BAG,14542,11654.8,988,19.70460704607046,296,137.93224932249322,275.86449864498644,Low,Low,Healthy
20724,RED SPOTTY CHARLOTTE BAG,25816,20503.2,1495,34.981029810298104,116,244.86720867208672,489.73441734417344,High,Low,Reorder
20725,LUNCH BAG RED SPOTTY,37750,59375.1,2579,51.15176151761518,166,358.06233062330625,716.1246612466125,High,Low,Reorder
20726,LUNCH BAG WOODLAND,20916,33004.76,1585,28.341463414634145,23,198.390243902439,396.780487804878,High,Low,Reorder
20727,LUNCH BAG  BLACK SKULL.,25392,39904.0,1997,34.40650406504065,54,240.84552845528455,481.6910569105691,High,Low,Reorder
20728,LUNCH BAG CARS BLUE,23304,36644.28,1797,31.577235772357724,211,221.04065040650408,442.08130081300817,High,Low,Reorder
20729,RED SPOTTY CANDY BAG,4626,1154.9,67,6.2682926829268295,68,43.87804878048781,87.75609756097562,High,Low,Reorder
20730,STRAWBERRY CANDY BAG,1659,524.25,41,2.247967479674797,36,15.735772357723578,31.471544715447155,Low,Low,Healthy
20731,POSY CANDY BAG,4100,1179.0,46,5.555555555555555,191,38.888888888888886,77.77777777777777,Low,Low,Healthy
20733,GOLD MINI TAPE MEASURE ,1546,1123.7,101,2.0948509485094853,239,14.663956639566397,29.327913279132794,Low,High,Markdown
20734,SILVER MINI TAPE MEASURE ,1379,1079.85,68,1.8685636856368564,177,13.079945799457995,26.15989159891599,Low,High,Markdown
20735,BLACK MINI TAPE MEASURE ,824,588.0,63,1.1165311653116532,65,7.815718157181572,15.631436314363144,Low,Low,Healthy
20736,PINK MINI TAPE MEASURE ,286,230.1,18,0.3875338753387534,25,2.7127371273712737,5.425474254742547,Low,High,Markdown
20738,GREEN MINI TAPE MEASURE ,1585,1270.55,65,2.1476964769647697,118,15.033875338753388,30.067750677506776,Low,Low,Healthy
20747,PICCADILLY TEA SET,309,4212.55,70,0.4186991869918699,252,2.930894308943089,5.861788617886178,Low,High,Markdown
20748,KENSINGTON COFFEE SET,359,3371.25,114,0.48644986449864497,56,3.4051490514905147,6.8102981029810294,Low,High,Markdown
20749,ASSORTED COLOUR MINI CASES,2972,21169.64,726,4.02710027100271,299,28.18970189701897,56.37940379403794,Low,High,Markdown
20750, RED/WHITE DOT MINI CASES,3608,25936.48,867,4.888888888888889,200,34.22222222222223,68.44444444444446,Low,Low,Healthy
20751,FUNKY WASHING UP GLOVES ASSORTED,2736,5652.120000000001,408,3.707317073170732,114,25.951219512195124,51.90243902439025,Low,Low,Healthy
20752,RETRO BLUE SPOTTY WASHING UP GLOVES,1317,2315.7000000000003,270,1.7845528455284554,118,12.491869918699187,24.983739837398375,Low,High,Markdown
20753,RETRO PINK SPOT WASHING UP GLOVES,187,391.1,38,0.25338753387533874,207,1.7737127371273713,3.5474254742547426,Low,High,Markdown
20754,RETRO RED SPOTTY WASHING UP GLOVES,4815,9329.220000000001,679,6.524390243902439,135,45.670731707317074,91.34146341463415,Low,Low,Healthy
20755,BLUE PAISLEY POCKET BOOK,5084,1031.0,86,6.888888888888889,210,48.22222222222223,96.44444444444446,Low,Low,Healthy
20756,GREEN FERN POCKET BOOK,5679,816.7499999999999,44,7.695121951219512,272,53.86585365853659,107.73170731707317,Low,Low,Healthy
20757,RED DAISY POCKET BOOK ,5301,856.23,55,7.182926829268292,180,50.28048780487805,100.5609756097561,Low,Low,Healthy
20758,ABSTRACT CIRCLES POCKET BOOK,5378,920.9,74,7.287262872628726,275,51.010840108401084,102.02168021680217,Low,Low,Healthy
20759,CHRYSANTHEMUM POCKET BOOK ,5734,863.5,44,7.769647696476965,147,54.387533875338754,108.77506775067751,Low,Low,Healthy
20760,GARDEN PATH POCKET BOOK,5484,1270.2,59,7.430894308943089,37,52.016260162601625,104.03252032520325,High,Low,Reorder
20761,BLUE PAISLEY SKETCHBOOK,413,1207.37,116,0.559620596205962,242,3.9173441734417342,7.8346883468834685,Low,High,Markdown
20762,GREEN FERN SKETCHBOOK ,416,1171.71,111,0.5636856368563685,73,3.9457994579945797,7.891598915989159,Low,High,Markdown
20763,DAISY SKETCHBOOK ,245,606.86,59,0.3319783197831978,77,2.323848238482385,4.64769647696477,Low,High,Markdown
20764,ABSTRACT CIRCLES SKETCHBOOK ,597,1721.88,144,0.8089430894308943,193,5.662601626016261,11.325203252032521,Low,High,Markdown
20765,CHRYSANTHEMUM SKETCHBOOK ,405,1104.79,120,0.5487804878048781,299,3.8414634146341466,7.682926829268293,Low,High,Markdown
20766,GARDEN PATH SKETCHBOOK,475,1345.98,123,0.6436314363143631,133,4.505420054200542,9.010840108401084,Low,High,Markdown
20767,BLUE PAISLEY JOURNAL ,750,1546.52,148,1.016260162601626,170,7.1138211382113825,14.227642276422765,Low,High,Markdown
20768,GREEN FERN JOURNAL ,702,1357.81,117,0.9512195121951219,146,6.658536585365853,13.317073170731707,Low,High,Markdown
20769,DAISY JOURNAL ,403,708.47,61,0.5460704607046071,174,3.8224932249322494,7.644986449864499,Low,High,Markdown
20770,ABSTRACT CIRCLE JOURNAL ,902,1831.2,113,1.2222222222222223,292,8.555555555555557,17.111111111111114,Low,High,Markdown
20771,CHRYSANTHEMUM  JOURNAL,551,1051.96,112,0.7466124661246613,123,5.226287262872629,10.452574525745257,Low,High,Markdown
20772,GARDEN PATH JOURNAL,926,1721.56,130,1.2547425474254743,265,8.78319783197832,17.56639566395664,Low,High,Markdown
20773,BLUE PAISLEY NOTEBOOK,3303,889.9499999999999,95,4.475609756097561,195,31.329268292682926,62.65853658536585,Low,Low,Healthy
20774,GREEN FERN NOTEBOOK,3419,841.35,76,4.632791327913279,58,32.42953929539295,64.8590785907859,High,Low,Reorder
20775,DAISY NOTEBOOK ,3509,749.85,53,4.754742547425474,189,33.28319783197832,66.56639566395664,Low,Low,Healthy
20776,ABSTRACT CIRCLES NOTEBOOK,3187,698.55,53,4.318428184281843,266,30.228997289972902,60.457994579945805,Low,High,Markdown
20777,CHRYSANTHEMUM NOTEBOOK,3525,1016.25,94,4.776422764227642,45,33.4349593495935,66.869918699187,High,Low,Reorder
20778,GARDEN PATH NOTEBOOK ,3595,891.75,80,4.8712737127371275,32,34.09891598915989,68.19783197831978,High,Low,Reorder
20780,BLACK EAR MUFF HEADPHONES,174,857.6,58,0.23577235772357724,55,1.6504065040650406,3.3008130081300813,Low,High,Markdown
20781,GOLD EAR MUFF HEADPHONES,77,373.17,41,0.1043360433604336,192,0.7303523035230353,1.4607046070460705,Low,High,Markdown
20782,CAMOUFLAGE EAR MUFF HEADPHONES,101,556.25,51,0.13685636856368563,39,0.9579945799457994,1.9159891598915988,Low,High,Markdown
20783,HEART EAR MUFF HEADPHONES,130,658.26,34,0.17615176151761516,283,1.2330623306233062,2.4661246612466123,Low,High,Markdown
20784,RED RETRO BAR STOOL,26,970.7,8,0.03523035230352303,161,0.24661246612466123,0.49322493224932246,Low,High,Markdown
20785,FUSCHIA RETRO BAR STOOL,44,1657.8,17,0.05962059620596206,162,0.4173441734417344,0.8346883468834688,Low,High,Markdown
20786,BLACK RETRO BAR STOOL,22,830.9,9,0.02981029810298103,111,0.2086720867208672,0.4173441734417344,Low,High,Markdown
20787,BLUE RETRO BAR STOOL,11,435.45000000000005,8,0.014905149051490514,234,0.1043360433604336,0.2086720867208672,Low,High,Markdown
20791,BLUE TILED SET OF 3 DRAWERS,5,63.75,1,0.006775067750677507,70,0.04742547425474255,0.0948509485094851,Low,High,Markdown
20793,BLUE TILED TRAY,273,402.75,15,0.3699186991869919,172,2.589430894308943,5.178861788617886,Low,High,Markdown
20794,BLUE  TILE HOOK,190,480.9,30,0.25745257452574527,205,1.802168021680217,3.604336043360434,Low,High,Markdown
20795,LARGE BLUE PROVENCAL CERAMIC BALL,116,228.84,17,0.15718157181571815,82,1.100271002710027,2.200542005420054,Low,High,Markdown
20796,SMALL BLUE PROVENCAL CERAMIC BALL,88,145.2,13,0.11924119241192412,209,0.8346883468834688,1.6693766937669376,Low,High,Markdown
20798,CLEAR MILKSHAKE GLASS,445,869.7,41,0.6029810298102981,144,4.220867208672087,8.441734417344174,Low,High,Markdown
20799,PINK MILKSHAKE GLASS,167,215.5,13,0.22628726287262874,169,1.5840108401084012,3.1680216802168024,Low,High,Markdown
20800,LARGE GLASS SUNDAE DISH CLEAR,996,258.2,2,1.3495934959349594,77,9.447154471544716,18.89430894308943,Low,Low,Healthy
20801,LARGE PINK GLASS SUNDAE DISH,902,845.86,69,1.2222222222222223,199,8.555555555555557,17.111111111111114,Low,High,Markdown
20802,SMALL GLASS SUNDAE DISH CLEAR,895,1137.99,76,1.2127371273712737,189,8.489159891598916,16.978319783197833,Low,High,Markdown
20803,SMALL PINK GLASS SUNDAE DISH,1091,680.91,61,1.478319783197832,290,10.348238482384824,20.696476964769648,Low,High,Markdown
20804,GLASS CHICKEN BUTTER DISH,283,438.15,24,0.38346883468834686,73,2.684281842818428,5.368563685636856,Low,High,Markdown
20812,EMBOSSED FLOWER TRELLIS PHOTO FRAME,5,12.75,3,0.006775067750677507,120,0.04742547425474255,0.0948509485094851,Low,High,Markdown
20814,SILVER FINCH DECORATION,187,206.39000000000001,12,0.25338753387533874,283,1.7737127371273713,3.5474254742547426,Low,High,Markdown
20816,GOLD FLOWER CUSHION COVER ,24,123.6,7,0.032520325203252036,72,0.22764227642276424,0.4552845528455285,Low,High,Markdown
20818,GOLD TEDDY BEAR,79,211.25,22,0.1070460704607046,79,0.7493224932249323,1.4986449864498645,Low,High,Markdown
20819,SILVER TEDDY BEAR,208,543.71,50,0.28184281842818426,127,1.9728997289972898,3.9457994579945797,Low,High,Markdown
20820,SILVER LOOKING MIRROR,11,54.45,8,0.014905149051490514,24,0.1043360433604336,0.2086720867208672,Low,High,Markdown
20821,GOLDIE LOOKING MIRROR,26,128.70000000000002,10,0.03523035230352303,122,0.24661246612466123,0.49322493224932246,Low,High,Markdown
20822,SILVER WINE GOBLET,2,9.3,1,0.0027100271002710027,215,0.018970189701897018,0.037940379403794036,Low,High,Markdown
20823,GOLD WINE GOBLET,248,513.2,17,0.33604336043360433,281,2.3523035230352303,4.7046070460704605,Low,High,Markdown
20825,GOLD WINE GLASS,360,1229.04,6,0.4878048780487805,66,3.4146341463414633,6.829268292682927,Low,High,Markdown
20826,SILVER APERITIF GLASS,355,290.72,14,0.481029810298103,163,3.367208672086721,6.734417344173442,Low,High,Markdown
20827,GOLD APERITIF GLASS,173,209.36,8,0.23441734417344173,288,1.640921409214092,3.281842818428184,Low,High,Markdown
20828,GLITTER BUTTERFLY CLIPS,4220,9951.0,499,5.718157181571816,143,40.02710027100271,80.05420054200542,Low,Low,Healthy
20829,GLITTER HANGING BUTTERFLY STRING,4700,9350.390000000001,404,6.368563685636857,125,44.579945799457995,89.15989159891599,Low,Low,Healthy
20830,SILVER PHOTO FRAME,296,501.59999999999997,46,0.4010840108401084,177,2.807588075880759,5.615176151761518,Low,High,Markdown
20831,GOLD PHOTO FRAME,394,594.84,51,0.5338753387533876,166,3.7371273712737128,7.4742547425474255,Low,High,Markdown
20832,RED FLOCK LOVE HEART PHOTO FRAME,1576,994.0999999999999,103,2.13550135501355,164,14.948509485094851,29.897018970189702,Low,High,Markdown
20833,SHAKER THROW  QUILTED,52,811.8,5,0.07046070460704607,139,0.49322493224932246,0.9864498644986449,Low,High,Markdown
20835,FRENCH LATTICE CUSHION COVER ,78,64.98,8,0.10569105691056911,294,0.7398373983739838,1.4796747967479675,Low,High,Markdown
20836,FRENCH PAISLEY CUSHION COVER,224,250.00000000000003,22,0.3035230352303523,111,2.124661246612466,4.249322493224932,Low,High,Markdown
20837,FRENCH FLORAL CUSHION COVER ,165,188.07000000000002,18,0.22357723577235772,77,1.565040650406504,3.130081300813008,Low,High,Markdown
20838,FRENCH LATTICE CUSHION COVER ,391,387.29,39,0.5298102981029811,248,3.708672086720868,7.417344173441736,Low,High,Markdown
20839,FRENCH PAISLEY CUSHION COVER ,507,574.09,60,0.6869918699186992,136,4.808943089430894,9.617886178861788,Low,High,Markdown
20840,FRENCH FLORAL CUSHION COVER ,813,1170.83,60,1.1016260162601625,298,7.711382113821138,15.422764227642276,Low,High,Markdown
20845,ZINC HEART LATTICE 2 WALL PLANTER,73,463.55,21,0.0989159891598916,146,0.6924119241192411,1.3848238482384823,Low,High,Markdown
20846,ZINC HEART LATTICE T-LIGHT HOLDER,1321,1627.97,127,1.7899728997289972,148,12.52981029810298,25.05962059620596,Low,High,Markdown
20847,ZINC HEART LATTICE CHARGER LARGE,71,266.25,20,0.09620596205962059,77,0.6734417344173441,1.3468834688346882,Low,High,Markdown
20848,ZINC HEART LATTICE CHARGER SMALL,39,115.05000000000001,12,0.052845528455284556,141,0.3699186991869919,0.7398373983739838,Low,High,Markdown
20849,ZINC HEART LATTICE DOUBLE PLANTER,670,566.1,20,0.907859078590786,20,6.355013550135502,12.710027100271004,Low,Low,Healthy
20850,ZINC HEART LATTICE PLANTER BOWL,820,713.8000000000001,23,1.1111111111111112,258,7.777777777777779,15.555555555555557,Low,High,Markdown
20851,ZINC HEART LATTICE TRAY OVAL ,334,417.7,27,0.45257452574525747,115,3.1680216802168024,6.336043360433605,Low,High,Markdown
20854,BLUE PATCH PURSE PINK HEART,363,581.15,83,0.491869918699187,145,3.443089430894309,6.886178861788618,Low,High,Markdown
20855,PINK PATCH PURSE BLUE HEART,142,234.29999999999998,47,0.19241192411924118,137,1.3468834688346882,2.6937669376693765,Low,High,Markdown
20856,DENIM PATCH PURSE PINK BUTTERFLY,332,547.8,88,0.44986449864498645,67,3.149051490514905,6.29810298102981,Low,High,Markdown
20857,BLUE ROSE PATCH PURSE PINK BUTTERFL,248,409.2,72,0.33604336043360433,108,2.3523035230352303,4.7046070460704605,Low,High,Markdown
20858,SILVER PURSE GOLD PINK BUTTERFLY,4,6.6,1,0.005420054200542005,256,0.037940379403794036,0.07588075880758807,Low,High,Markdown
20860,GOLD COSMETICS BAG WITH BUTTERFLY,19,39.900000000000006,10,0.025745257452574527,291,0.1802168021680217,0.3604336043360434,Low,High,Markdown
20861,GOLD COSMETIC BAG PINK STAR,45,94.5,15,0.06097560975609756,208,0.4268292682926829,0.8536585365853658,Low,High,Markdown
20862,PINK PATCH PENCIL CASE BLUE HEART,316,652.5300000000001,28,0.4281842818428184,211,2.997289972899729,5.994579945799458,Low,High,Markdown
20863,BLUE PATCH PENCIL CASE PINK HEART,284,563.19,42,0.38482384823848237,88,2.6937669376693765,5.387533875338753,Low,High,Markdown
20864,DENIM PATCH PENCIL CASE BUTTERFLY,247,483.33,26,0.3346883468834688,297,2.3428184281842817,4.685636856368563,Low,High,Markdown
20865,PATCHWORK PENCIL CASE BUTTERFLY ,247,485.49,30,0.3346883468834688,266,2.3428184281842817,4.685636856368563,Low,High,Markdown
20866,BLUE ROSE FABRIC MIRROR,963,972.29,87,1.3048780487804879,95,9.134146341463415,18.26829268292683,Low,High,Markdown
20867,PINK ROSE FABRIC MIRROR,844,791.72,75,1.1436314363143631,173,8.005420054200542,16.010840108401084,Low,High,Markdown
20868,SILVER FABRIC MIRROR,789,437.66,46,1.0691056910569106,163,7.483739837398374,14.967479674796747,Low,High,Markdown
20869,GOLD FABRIC MIRROR,459,225.49,31,0.6219512195121951,105,4.353658536585366,8.707317073170731,Low,High,Markdown
20870,OPULENT VELVET CANDLE IN BOX,26,39.300000000000004,4,0.03523035230352303,204,0.24661246612466123,0.49322493224932246,Low,High,Markdown
20871,OPULENT VELVET SET/3 CANDLES,1202,1713.3,76,1.6287262872628727,239,11.401084010840108,22.802168021680217,Low,High,Markdown
20877,MODERN CHRISTMAS BAUBLE CANDLE ,10,4.2,3,0.013550135501355014,88,0.0948509485094851,0.1897018970189702,Low,High,Markdown
20878,SET/9 CHRISTMAS T-LIGHTS SCENTED ,689,833.89,67,0.9336043360433605,66,6.535230352303524,13.070460704607047,Low,High,Markdown
20879,TREE OF NOAH FESTIVE SCENTED CANDLE,50,32.5,8,0.06775067750677506,113,0.47425474254742545,0.9485094850948509,Low,High,Markdown
20881,MODERN CHRISTMAS TREE CANDLE,2,1.7,1,0.0027100271002710027,257,0.018970189701897018,0.037940379403794036,Low,High,Markdown
20882,MODERN CHRISTMAS TREE CANDLE,2,5.9,1,0.0027100271002710027,223,0.018970189701897018,0.037940379403794036,Low,High,Markdown
20884,MODERN CHRISTMAS TREE CANDLE ,2,4.2,2,0.0027100271002710027,237,0.018970189701897018,0.037940379403794036,Low,High,Markdown
20885,BOX OF 3 PEBBLE CANDLES,1,2.95,1,0.0013550135501355014,58,0.009485094850948509,0.018970189701897018,Low,High,Markdown
20886,BOX OF 9 PEBBLE CANDLES,1686,3161.4,244,2.2845528455284554,119,15.991869918699187,31.983739837398375,Low,Low,Healthy
20887,BOX OF 6 PEBBLE CANDLES,5,17.25,4,0.006775067750677507,273,0.04742547425474255,0.0948509485094851,Low,High,Markdown
20888,SET 3 JARDIN DE FEMME SCENT CANDLES,359,499.81,11,0.48644986449864497,241,3.4051490514905147,6.8102981029810294,Low,High,Markdown
20889,JARDIN DE FEMME SCENTED CANDLE,656,392.0,12,0.8888888888888888,42,6.222222222222221,12.444444444444443,Low,Low,Healthy
20890,SMALL GLASS ROSE SCENTED CANDLE,4,15.0,1,0.005420054200542005,269,0.037940379403794036,0.07588075880758807,Low,High,Markdown
20891,LARGE GLASS ROSE SCENTED CANDLE ,2,15.9,1,0.0027100271002710027,29,0.018970189701897018,0.037940379403794036,Low,High,Markdown
20892,SET/3 TALL GLASS CANDLE HOLDER PINK,86,699.7,23,0.11653116531165311,265,0.8157181571815718,1.6314363143631436,Low,High,Markdown
20893,HANGING BAUBLE T-LIGHT HOLDER SMALL,538,1210.3500000000001,63,0.7289972899728997,119,5.102981029810298,10.205962059620596,Low,High,Markdown
20894,HANGING BAUBLE T-LIGHT HOLDER LARGE,227,650.45,60,0.3075880758807588,199,2.1531165311653115,4.306233062330623,Low,High,Markdown
20895,VINTAGE NOTEBOOK FRENCH LETTER ,16,47.20000000000001,4,0.02168021680216802,242,0.15176151761517614,0.3035230352303523,Low,High,Markdown
20896,VINTAGE NOTEBOOK PINK FLOWER,38,112.10000000000001,13,0.051490514905149054,269,0.3604336043360434,0.7208672086720868,Low,High,Markdown
20897,VINTAGE NOTEBOOK PARIS DAYS,298,613.9000000000001,37,0.4037940379403794,166,2.8265582655826558,5.6531165311653115,Low,High,Markdown
20898,VINTAGE NOTEBOOK TRAVELOGUE,307,620.0500000000001,37,0.4159891598915989,115,2.9119241192411924,5.823848238482385,Low,High,Markdown
20899,VINTAGE NOTEBOOK RED ROSE,44,129.8,12,0.05962059620596206,276,0.4173441734417344,0.8346883468834688,Low,High,Markdown
20901,VINTAGE KEEPSAKE BOX PINK FLOWER,33,209.54999999999998,16,0.044715447154471545,23,0.3130081300813008,0.6260162601626016,Low,High,Markdown
20902,VINTAGE KEEPSAKE BOX PARIS DAYS,69,313.34999999999997,15,0.09349593495934959,35,0.6544715447154471,1.3089430894308942,Low,High,Markdown
20903,VINTAGE KEEPSAKE BOX TRAVELOGUE,103,337.25,19,0.13956639566395665,299,0.9769647696476965,1.953929539295393,Low,High,Markdown
20905,VINTAGE KEEPSAKE BOX BEAUTY GIRL,6,38.1,3,0.008130081300813009,266,0.05691056910569106,0.11382113821138212,Low,High,Markdown
20906,VINTAGE NOTEBOOK BEAUTY GIRL,77,227.15000000000003,28,0.1043360433604336,277,0.7303523035230353,1.4607046070460705,Low,High,Markdown
20910,VINTAGE PHOTO ALBUM PARIS DAYS,80,488.79999999999995,28,0.10840108401084012,179,0.7588075880758808,1.5176151761517616,Low,High,Markdown
20913,SET/5 BLUE SPOTTY LID GLASS BOWLS,295,787.05,30,0.3997289972899729,171,2.7981029810298104,5.596205962059621,Low,High,Markdown
20914,SET/5 RED SPOTTY LID GLASS BOWLS,18235,50195.33,1790,24.708672086720867,197,172.96070460704607,345.92140921409214,High,Low,Reorder
20931,BLUE POT PLANT CANDLE ,611,1776.2500000000002,102,0.8279132791327913,182,5.7953929539295395,11.590785907859079,Low,High,Markdown
20932,PINK POT PLANT CANDLE,305,932.0500000000001,56,0.4132791327913279,52,2.892953929539295,5.78590785907859,Low,High,Markdown
20933,YELLOW POT PLANT CANDLE,493,1245.15,42,0.6680216802168022,198,4.676151761517615,9.35230352303523,Low,High,Markdown
20934,SET/3 POT PLANT CANDLES,167,877.1500000000001,47,0.22628726287262874,120,1.5840108401084012,3.1680216802168024,Low,High,Markdown
20935,ROUND CACTUS CANDLE,293,535.5500000000001,39,0.3970189701897019,287,2.779132791327913,5.558265582655826,Low,High,Markdown
20936,FORKED CACTUS CANDLE,309,704.33,55,0.4186991869918699,84,2.930894308943089,5.861788617886178,Low,High,Markdown
20939,ORANGE CANDLE,12,10.2,1,0.016260162601626018,187,0.11382113821138212,0.22764227642276424,Low,High,Markdown
20940,SET/6 GARDEN GNOME T-LIGHT CANDLES,113,312.55,18,0.15311653116531165,62,1.0718157181571817,2.1436314363143634,Low,High,Markdown
20941,FROG CANDLE,928,719.62,69,1.2574525745257452,63,8.802168021680217,17.604336043360433,Low,Low,Healthy
20942,SET/6 GINGERBREAD TREE T-LIGHTS,6,7.5,4,0.008130081300813009,31,0.05691056910569106,0.11382113821138212,Low,High,Markdown
20943,SET/6 GINGERBREAD STAR T-LIGHTS,332,415.0,48,0.44986449864498645,114,3.149051490514905,6.29810298102981,Low,High,Markdown
20950,SET/6  ANGEL T-LIGHTS WHITE/GOLD,652,282.96999999999997,65,0.8834688346883469,272,6.184281842818429,12.368563685636857,Low,High,Markdown
20952,PORCELAIN CHERUB BELL SMALL,321,134.82,20,0.4349593495934959,261,3.0447154471544713,6.089430894308943,Low,High,Markdown
20953,PORCELAIN CHERUB BELL LARGE,19,31.349999999999998,7,0.025745257452574527,54,0.1802168021680217,0.3604336043360434,Low,High,Markdown
20956,PORCELAIN T-LIGHT HOLDERS ASSORTED,2120,2538.43,140,2.872628726287263,234,20.10840108401084,40.21680216802168,Low,High,Markdown
20957,PORCELAIN HANGING BELL SMALL,67,97.15,12,0.09078590785907859,109,0.6355013550135501,1.2710027100271002,Low,High,Markdown
20958,PORCELAIN HANGING BELL LARGE,26,50.7,9,0.03523035230352303,283,0.24661246612466123,0.49322493224932246,Low,High,Markdown
20960,WATERMELON BATH SPONGE,1739,2169.95,141,2.356368563685637,112,16.494579945799458,32.989159891598916,Low,Low,Healthy
20961,STRAWBERRY BATH SPONGE ,3138,3850.66,314,4.252032520325203,109,29.764227642276424,59.52845528455285,Low,Low,Healthy
20963,APPLE BATH SPONGE,3038,3729.29,293,4.116531165311653,134,28.815718157181575,57.63143631436315,Low,Low,Healthy
20964,POLYESTER FILLER PAD 60x40cm,20,51.0,6,0.02710027100271003,124,0.1897018970189702,0.3794037940379404,Low,High,Markdown
20966,SANDWICH BATH SPONGE,2576,3182.0,232,3.4905149051490514,215,24.43360433604336,48.86720867208672,Low,High,Markdown
20967,GREY FLORAL FELTCRAFT SHOULDER BAG,1023,3771.09,272,1.386178861788618,133,9.703252032520325,19.40650406504065,Low,High,Markdown
20968,GREEN FLORAL FELTCRAFT SHOULDER BAG,37,138.75,14,0.05013550135501355,94,0.3509485094850949,0.7018970189701897,Low,High,Markdown
20969,RED FLORAL FELTCRAFT SHOULDER BAG,3090,11155.41,518,4.186991869918699,236,29.30894308943089,58.61788617886178,Low,Low,Healthy
20970,PINK FLORAL FELTCRAFT SHOULDER BAG,2403,8796.77,504,3.2560975609756095,296,22.792682926829265,45.58536585365853,Low,High,Markdown
20971,PINK BLUE FELT CRAFT TRINKET BOX,20500,23554.3,1003,27.77777777777778,268,194.44444444444446,388.8888888888889,High,Low,Reorder
20972,PINK CREAM FELT CRAFT TRINKET BOX ,20064,23812.52,1224,27.1869918699187,183,190.3089430894309,380.6178861788618,High,Low,Reorder
20973,12 PENCIL SMALL TUBE WOODLAND,9091,5776.55,514,12.318428184281842,211,86.2289972899729,172.4579945799458,Low,Low,Healthy
20974,12 PENCILS SMALL TUBE SKULL,12699,8049.150000000001,684,17.20731707317073,246,120.45121951219512,240.90243902439025,Low,Low,Healthy
20975,12 PENCILS SMALL TUBE RED SPOTTY,17490,11109.7,763,23.69918699186992,196,165.89430894308944,331.7886178861789,High,Low,Reorder
20976,12 PENCILS SMALL TUBE POSY,518,336.7,64,0.7018970189701897,118,4.913279132791328,9.826558265582657,Low,High,Markdown
20977,36 PENCILS TUBE WOODLAND,3508,4357.64,357,4.753387533875339,55,33.27371273712737,66.54742547425474,High,Low,Reorder
20978,36 PENCILS TUBE SKULLS,3789,4654.17,396,5.134146341463414,115,35.9390243902439,71.8780487804878,Low,Low,Healthy
20979,36 PENCILS TUBE RED SPOTTY,7741,9332.73,518,10.489159891598916,171,73.42411924119241,146.84823848238483,Low,Low,Healthy
20980,36 PENCILS TUBE POSY,171,213.75,39,0.23170731707317074,170,1.6219512195121952,3.2439024390243905,Low,High,Markdown
20981,12 PENCILS TALL TUBE WOODLAND,4431,3691.47,427,6.004065040650406,209,42.02845528455285,84.0569105691057,Low,Low,Healthy
20982,12 PENCILS TALL TUBE SKULLS,4601,3899.93,487,6.234417344173441,243,43.64092140921409,87.28184281842817,Low,Low,Healthy
20983,12 PENCILS TALL TUBE RED SPOTTY,6046,5107.9,546,8.192411924119241,56,57.34688346883469,114.69376693766938,High,Low,Reorder
20984,12 PENCILS TALL TUBE POSY,5821,1887.29,225,7.887533875338754,287,55.21273712737128,110.42547425474255,Low,Low,Healthy
20985,HEART CALCULATOR,2131,2531.53,216,2.8875338753387534,202,20.212737127371273,40.42547425474255,Low,High,Markdown
20986,BLUE CALCULATOR RULER,994,1173.76,130,1.3468834688346885,32,9.42818428184282,18.85636856368564,Low,Low,Healthy
20987,GEISHA GIRL CHOPSTICKS SET/5,117,228.15,12,0.15853658536585366,298,1.1097560975609757,2.2195121951219514,Low,High,Markdown
20988,TRELLIS FLOWER CHOPSTICKS SET/5,24,46.8,9,0.032520325203252036,236,0.22764227642276424,0.4552845528455285,Low,High,Markdown
20989,URBAN CHIC CHOPSTICKS SET/5,397,744.15,48,0.537940379403794,292,3.765582655826558,7.531165311653116,Low,High,Markdown
20990,SPRING FLOWER CHOPSTICKS SET/5,857,1581.1499999999999,87,1.1612466124661247,81,8.128726287262873,16.257452574525747,Low,High,Markdown
20991,JAZZ HEARTS MAGNETIC MEMO PAD,7058,850.9000000000001,16,9.563685636856368,103,66.94579945799458,133.89159891598916,High,Low,Reorder
20992,JAZZ HEARTS PURSE NOTEBOOK,6030,3069.62,377,8.170731707317072,236,57.195121951219505,114.39024390243901,Low,Low,Healthy
20993,JAZZ HEARTS MEMO PAD,10945,1305.49,24,14.830623306233063,206,103.81436314363144,207.62872628726288,High,Low,Reorder
20994,JAZZ HEARTS SPIRAL NOTEPAD,47,39.949999999999996,12,0.06368563685636856,38,0.44579945799457993,0.8915989159891599,Low,High,Markdown
20996,JAZZ HEARTS ADDRESS BOOK,6123,1568.46,270,8.296747967479675,196,58.077235772357724,116.15447154471545,Low,Low,Healthy
20997,ROSE DU SUD CUSHION COVER ,81,400.95,28,0.10975609756097561,119,0.7682926829268293,1.5365853658536586,Low,High,Markdown
20998,ROSE DU SUD OVEN GLOVE,217,637.35,58,0.2940379403794038,252,2.0582655826558263,4.1165311653116525,Low,High,Markdown
21000,ROSE DU SUD COSMETICS BAG,616,1493.0,40,0.8346883468834688,95,5.842818428184282,11.685636856368564,Low,High,Markdown
21001,ROSE DU SUD WASHBAG ,67,398.65000000000003,31,0.09078590785907859,284,0.6355013550135501,1.2710027100271002,Low,High,Markdown
21002,ROSE DU SUD DRAWSTRING BAG,110,467.5,26,0.14905149051490515,225,1.043360433604336,2.086720867208672,Low,High,Markdown
21003,ROSE DU SUD CUSHION COVER,22,139.7,11,0.02981029810298103,242,0.2086720867208672,0.4173441734417344,Low,High,Markdown
21004,ROSE DU SUD CHILDS APRON,105,446.25,48,0.14227642276422764,71,0.9959349593495934,1.9918699186991868,Low,High,Markdown
21007,ETCHED GLASS DROPLET DECORATION,1905,851.23,39,2.5813008130081303,163,18.06910569105691,36.13821138211382,Low,High,Markdown
21009,ETCHED GLASS STAR TREE DECORATION,885,1106.25,79,1.1991869918699187,88,8.394308943089431,16.788617886178862,Low,High,Markdown
21010,ETCHED GLASS BIRD TREE DECORATION,806,1007.5,66,1.0921409214092141,118,7.644986449864499,15.289972899728998,Low,High,Markdown
21011,GLITTER SNOW PEAR TREE DECORATION,1774,1249.78,101,2.4037940379403793,44,16.826558265582655,33.65311653116531,Low,Low,Healthy
21012,ANTIQUE ALL GLASS CANDLESTICK,1470,2143.08,141,1.991869918699187,72,13.94308943089431,27.88617886178862,Low,Low,Healthy
21014,SWISS CHALET TREE DECORATION ,1662,737.66,107,2.252032520325203,170,15.764227642276422,31.528455284552845,Low,High,Markdown
21015,DARK BIRD HOUSE TREE DECORATION,1431,511.38999999999993,90,1.9390243902439024,163,13.573170731707316,27.146341463414632,Low,High,Markdown
21016,LIGHT BIRD HOUSE TREE DECORATION,804,538.92,65,1.089430894308943,76,7.626016260162601,15.252032520325201,Low,High,Markdown
21017,RED BIRD HOUSE TREE DECORATION,548,358.28,39,0.7425474254742548,58,5.197831978319783,10.395663956639567,Low,High,Markdown
21018,BIRD BOX CHRISTMAS TREE DECORATION,207,175.95,37,0.2804878048780488,128,1.9634146341463417,3.9268292682926833,Low,High,Markdown
21025,SPACE FROG,221,278.5,36,0.2994579945799458,200,2.0962059620596207,4.1924119241192415,Low,High,Markdown
21026,SPACE OWL,396,493.62,55,0.5365853658536586,61,3.75609756097561,7.51219512195122,Low,High,Markdown
21027,NINJA RABBIT PINK,276,339.3,46,0.37398373983739835,205,2.6178861788617884,5.235772357723577,Low,High,Markdown
21028,NINJA RABBIT BLACK,237,297.64,40,0.32113821138211385,242,2.247967479674797,4.495934959349594,Low,High,Markdown
21030,SPACE CADET RED,219,272.37,39,0.2967479674796748,141,2.0772357723577235,4.154471544715447,Low,High,Markdown
21031,SPACE CADET BLACK,126,154.91,25,0.17073170731707318,152,1.1951219512195124,2.3902439024390247,Low,High,Markdown
21032,SPACE CADET WHITE,167,210.48,32,0.22628726287262874,182,1.5840108401084012,3.1680216802168024,Low,High,Markdown
21033,JUMBO BAG CHARLIE AND LOLA TOYS,3411,6463.67,293,4.621951219512195,234,32.353658536585364,64.70731707317073,Low,Low,Healthy
21034,REX CASH+CARRY JUMBO SHOPPER,3884,3689.7999999999997,1857,5.262872628726288,240,36.84010840108402,73.68021680216803,Low,Low,Healthy
21035,SET/2 RED SPOTTY TEA TOWELS ,5534,15895.86,619,7.4986449864498645,254,52.490514905149055,104.98102981029811,Low,Low,Healthy
21036,SET/2 TEA TOWELS MODERN VINTAGE,1,2.55,1,0.0013550135501355014,165,0.009485094850948509,0.018970189701897018,Low,High,Markdown
21038,SET/4 MODERN VINTAGE COTTON NAPKINS,156,319.8,49,0.21138211382113822,258,1.4796747967479675,2.959349593495935,Low,High,Markdown
21039,RED SPOTTY SHOPPING BAG,1283,3253.11,200,1.7384823848238482,95,12.169376693766937,24.338753387533874,Low,Low,Healthy
21040,MODERN VINTAGE COTTON SHOPPING BAG,855,1011.45,46,1.1585365853658536,28,8.109756097560975,16.21951219512195,Low,Low,Healthy
21041,RED SPOTTY OVEN GLOVE DOUBLE,2228,6298.6,330,3.0189701897018972,93,21.13279132791328,42.26558265582656,Low,Low,Healthy
21042,RED SPOTTY APRON ,1401,7848.450000000001,336,1.8983739837398375,272,13.288617886178862,26.577235772357724,Low,High,Markdown
21043,APRON MODERN VINTAGE COTTON,601,1519.95,89,0.8143631436314364,249,5.700542005420054,11.401084010840108,Low,High,Markdown
21051,RIBBONS PURSE ,663,1308.23,93,0.8983739837398373,26,6.288617886178861,12.577235772357723,Low,Low,Healthy
21054,NURSE'S BAG SOFT TOY,350,3112.5,163,0.4742547425474255,193,3.3197831978319785,6.639566395663957,Low,High,Markdown
21055,TOOL BOX SOFT TOY ,316,2889.64,176,0.4281842818428184,160,2.997289972899729,5.994579945799458,Low,High,Markdown
21056,DOCTOR'S BAG SOFT TOY,525,4681.63,179,0.7113821138211383,187,4.979674796747968,9.959349593495936,Low,High,Markdown
21058,PARTY INVITES WOODLAND,2216,1824.32,207,3.002710027100271,189,21.018970189701896,42.03794037940379,Low,High,Markdown
21059,PARTY INVITES DINOSAURS,1550,1294.1,198,2.100271002710027,141,14.70189701897019,29.40379403794038,Low,High,Markdown
21060,PARTY INVITES BALLOON GIRL,1208,864.1999999999999,123,1.6368563685636857,213,11.4579945799458,22.9159891598916,Low,High,Markdown
21061,PARTY INVITES FOOTBALL,1303,919.27,124,1.7655826558265582,24,12.359078590785908,24.718157181571815,High,Low,Reorder
21062,PARTY INVITES SPACEMAN,1009,833.53,120,1.367208672086721,48,9.570460704607047,19.140921409214094,Low,Low,Healthy
21063,PARTY INVITES JAZZ HEARTS,1363,1136.71,198,1.8468834688346885,184,12.92818428184282,25.85636856368564,Low,High,Markdown
21064,BOOM BOX SPEAKER BOYS,721,3620.65,103,0.9769647696476965,155,6.838753387533876,13.677506775067751,Low,High,Markdown
21065,BOOM BOX SPEAKER GIRLS,516,1011.6,57,0.6991869918699187,164,4.894308943089431,9.788617886178862,Low,High,Markdown
21066,VINTAGE RED MUG,2258,1429.96,110,3.059620596205962,236,21.417344173441734,42.83468834688347,Low,High,Markdown
21067,VINTAGE RED TEATIME MUG,4517,3302.7200000000003,180,6.12059620596206,151,42.84417344173442,85.68834688346884,Low,Low,Healthy
21068,VINTAGE BILLBOARD LOVE/HATE MUG,3901,3817.23,257,5.28590785907859,89,37.00135501355013,74.00271002710026,Low,Low,Healthy
21069,VINTAGE BILLBOARD TEA MUG,4901,4909.400000000001,178,6.6409214092140925,271,46.486449864498645,92.97289972899729,Low,Low,Healthy
21070,VINTAGE BILLBOARD MUG ,1908,1836.16,163,2.5853658536585367,294,18.097560975609756,36.19512195121951,Low,High,Markdown
21071,VINTAGE BILLBOARD DRINK ME MUG,3981,4299.7,314,5.394308943089431,201,37.76016260162602,75.52032520325204,Low,Low,Healthy
21076,SET/20 COLLAGE PAPER NAPKIN ,759,584.67,73,1.0284552845528456,186,7.19918699186992,14.39837398373984,Low,High,Markdown
21077,SET/20 WOODLAND PAPER NAPKINS ,2745,1990.53,167,3.7195121951219514,110,26.03658536585366,52.07317073170732,Low,Low,Healthy
21078,SET/20 STRAWBERRY PAPER NAPKINS ,6539,5097.7699999999995,537,8.860433604336043,221,62.0230352303523,124.0460704607046,Low,Low,Healthy
21080,SET/20 RED SPOTTY PAPER NAPKINS ,29494,22539.48,1671,39.96476964769648,38,279.75338753387535,559.5067750677507,High,Low,Reorder
21081,SET/20 POSIES PAPER NAPKINS,4,3.4,4,0.005420054200542005,58,0.037940379403794036,0.07588075880758807,Low,High,Markdown
21082,SET/20 FRUIT SALAD PAPER NAPKINS ,7062,1764.3,117,9.56910569105691,145,66.98373983739837,133.96747967479675,Low,Low,Healthy
21084,SET/6 COLLAGE PAPER CUPS,2486,650.4000000000001,136,3.368563685636856,192,23.57994579945799,47.15989159891598,Low,Low,Healthy
21085,SET/6 WOODLAND PAPER CUPS,13712,1843.1200000000001,56,18.579945799457995,160,130.05962059620597,260.11924119241195,High,Low,Reorder
21086,SET/6 RED SPOTTY PAPER CUPS,15834,9513.300000000001,621,21.45528455284553,261,150.1869918699187,300.3739837398374,High,Low,Reorder
21087,SET/6 POSIES PAPER CUPS,220,123.22,20,0.2981029810298103,239,2.086720867208672,4.173441734417344,Low,High,Markdown
21088,SET/6 FRUIT SALAD PAPER CUPS,16503,1723.3300000000002,104,22.36178861788618,145,156.53252032520325,313.0650406504065,High,Low,Reorder
21089,SET/6 GREEN SPRING PAPER CUPS,316,100.98,36,0.4281842818428184,77,2.997289972899729,5.994579945799458,Low,High,Markdown
21090,SET/6 COLLAGE PAPER PLATES,2285,1042.03,159,3.0962059620596207,167,21.673441734417345,43.34688346883469,Low,Low,Healthy
21091,SET/6 WOODLAND PAPER PLATES,13668,1817.16,34,18.520325203252032,20,129.6422764227642,259.2845528455284,High,Low,Reorder
21092,SET/6 STRAWBERRY PAPER PLATES,12806,1504.94,18,17.352303523035232,209,121.46612466124662,242.93224932249325,High,Low,Reorder
21094,SET/6 RED SPOTTY PAPER PLATES,17752,13068.56,692,24.05420054200542,210,168.37940379403796,336.7588075880759,High,Low,Reorder
21095,SET/6 POSIES PAPER PLATES,242,205.7,27,0.32791327913279134,136,2.2953929539295395,4.590785907859079,Low,High,Markdown
21096,SET/6 FRUIT SALAD  PAPER PLATES,15776,2572.34,101,21.37669376693767,153,149.63685636856368,299.27371273712737,High,Low,Reorder
21097,SET/6 GREEN SPRING  PAPER PLATE,32,27.2,7,0.04336043360433604,77,0.3035230352303523,0.6070460704607046,Low,High,Markdown
21098,CHRISTMAS TOILET ROLL,6431,7534.29,412,8.714092140921409,63,60.99864498644986,121.99728997289972,High,Low,Reorder
21099,SET/6 STRAWBERRY PAPER CUPS,13284,1506.6000000000001,29,18.0,192,126.0,252.0,High,Low,Reorder
21100,CHARLIE AND LOLA CHARLOTTE BAG,2221,2864.05,159,3.0094850948509486,179,21.06639566395664,42.13279132791328,Low,Low,Healthy
21102,"CANDLE IN JAR COLLAGE , VANILLA",65,165.75,12,0.08807588075880758,192,0.6165311653116531,1.2330623306233062,Low,High,Markdown
21106,CREAM SLICE FLANNEL CHOCOLATE SPOT ,698,1982.3000000000002,120,0.94579945799458,168,6.62059620596206,13.24119241192412,Low,High,Markdown
21107,CREAM SLICE FLANNEL PINK SPOT ,2157,5873.55,228,2.9227642276422765,99,20.459349593495936,40.91869918699187,Low,Low,Healthy
21108,FAIRY CAKE FLANNEL ASSORTED COLOUR,12532,23322.62,408,16.981029810298104,232,118.86720867208672,237.73441734417344,High,Low,Reorder
21109,"LARGE CAKE TOWEL, CHOCOLATE SPOTS",1054,3596.1,162,1.4281842818428185,222,9.997289972899729,19.994579945799458,Low,High,Markdown
21110,LARGE CAKE TOWEL PINK SPOTS,1251,5426.45,229,1.6951219512195121,271,11.865853658536585,23.73170731707317,Low,High,Markdown
21111,"SWISS ROLL TOWEL, CHOCOLATE  SPOTS",1208,2493.3,128,1.6368563685636857,248,11.4579945799458,22.9159891598916,Low,High,Markdown
21112,"SWISS ROLL TOWEL, PINK  SPOTS",2077,4972.63,128,2.8143631436314362,183,19.700542005420054,39.40108401084011,Low,High,Markdown
21114,LAVENDER SCENTED FABRIC HEART,5591,6920.43,460,7.575880758807588,246,53.03116531165312,106.06233062330624,Low,Low,Healthy
21115,ROSE CARAVAN DOORSTOP,1161,6753.91,356,1.5731707317073171,166,11.012195121951219,22.024390243902438,Low,High,Markdown
21116,OWL DOORSTOP,954,4569.54,246,1.2926829268292683,39,9.048780487804878,18.097560975609756,Low,Low,Healthy
21117,BLOND DOLL DOORSTOP,328,502.08000000000004,26,0.4444444444444444,66,3.1111111111111107,6.222222222222221,Low,High,Markdown
21118,SHOPPING BAG DOORSTOP,69,104.25,7,0.09349593495934959,252,0.6544715447154471,1.3089430894308942,Low,High,Markdown
21121,SET/10 RED SPOTTY PARTY CANDLES,15036,18065.4,788,20.3739837398374,33,142.6178861788618,285.2357723577236,High,Low,Reorder
21122,SET/10 PINK SPOTTY PARTY CANDLES,12100,14615.49,739,16.395663956639567,162,114.76964769647697,229.53929539295393,High,Low,Reorder
21123,SET/10 IVORY SPOTTY PARTY CANDLES,2572,3202.94,189,3.4850948509485096,20,24.395663956639567,48.79132791327913,High,Low,Reorder
21124,SET/10 BLUE SPOTTY PARTY CANDLES,9963,12052.47,599,13.5,73,94.5,189.0,High,Low,Reorder
21125,SET 6 FOOTBALL CELEBRATION CANDLES,2045,2087.77,199,2.7710027100271004,278,19.397018970189702,38.794037940379404,Low,High,Markdown
21126,SET OF 6 GIRLS CELEBRATION CANDLES,2197,2147.93,209,2.9769647696476964,163,20.838753387533874,41.67750677506775,Low,Low,Healthy
21127,COLOURFUL FISHING GNOME,284,838.6,36,0.38482384823848237,31,2.6937669376693765,5.387533875338753,Low,High,Markdown
21128,GOLD FISHING GNOME,96,464.71000000000004,28,0.13008130081300814,243,0.910569105691057,1.821138211382114,Low,High,Markdown
21129,SILVER FISHING GNOME ,105,709.3000000000001,42,0.14227642276422764,291,0.9959349593495934,1.9918699186991868,Low,High,Markdown
21130,COLOURFUL STANDING GNOME,706,1115.7,39,0.9566395663956639,175,6.696476964769648,13.392953929539296,Low,High,Markdown
21131,GOLD STANDING GNOME,253,910.25,28,0.3428184281842818,27,2.399728997289973,4.799457994579946,Low,High,Markdown
21132,SILVER STANDING GNOME   ,72,300.0,29,0.0975609756097561,141,0.6829268292682927,1.3658536585365855,Low,High,Markdown
21133,PAINTED BIRD ASSORTED CHRISTMAS,409,691.21,41,0.55420054200542,183,3.8794037940379402,7.7588075880758804,Low,High,Markdown
21134,VICTORIAN METAL POSTCARD CHRISTMAS,351,579.15,42,0.47560975609756095,109,3.3292682926829267,6.658536585365853,Low,High,Markdown
21135,VICTORIAN  METAL POSTCARD SPRING,5773,8155.09,380,7.822493224932249,155,54.75745257452574,109.51490514905149,Low,Low,Healthy
21136,PAINTED METAL PEARS ASSORTED,10255,16907.51,714,13.895663956639567,205,97.26964769647697,194.53929539295393,Low,Low,Healthy
21137,BLACK RECORD COVER FRAME,18417,63092.12,539,24.95528455284553,197,174.6869918699187,349.3739837398374,High,Low,Reorder
21143,ANTIQUE GLASS HEART DECORATION ,2003,3819.45,152,2.714092140921409,47,18.998644986449865,37.99728997289973,Low,Low,Healthy
21144,PINK POODLE HANGING DECORATION ,505,220.79,42,0.6842818428184282,239,4.789972899728998,9.579945799457995,Low,High,Markdown
21145,ANTIQUE GLASS PLACE SETTING,839,994.03,39,1.1368563685636857,60,7.957994579945799,15.915989159891598,Low,Low,Healthy
21146,ANTIQUE GLASS RIDGED HANGING BALL,775,1453.6499999999999,52,1.0501355013550135,247,7.350948509485095,14.70189701897019,Low,High,Markdown
21147,JINGLE BELLS TREE DECORATION,331,559.14,46,0.44850948509485095,211,3.1395663956639566,6.279132791327913,Low,High,Markdown
21153,RED SPOTTY TABLECLOTH ,370,3832.5,123,0.5013550135501355,164,3.509485094850948,7.018970189701896,Low,High,Markdown
21154,RED SPOTTY OVEN GLOVE ,6900,8179.32,593,9.34959349593496,220,65.44715447154472,130.89430894308944,Low,Low,Healthy
21155,RED SPOTTY PEG BAG,5805,12240.67,724,7.865853658536586,231,55.0609756097561,110.1219512195122,Low,Low,Healthy
21156,RED SPOTTY CHILDS APRON,8871,16044.97,797,12.020325203252032,239,84.14227642276423,168.28455284552845,Low,Low,Healthy
21157,RED SPOTTY WASHBAG,606,1267.68,109,0.8211382113821138,259,5.747967479674797,11.495934959349594,Low,High,Markdown
21158,MOODY GIRL DOOR HANGER ,2509,1614.31,260,3.399728997289973,65,23.79810298102981,47.59620596205962,Low,Low,Healthy
21159,MOODY BOY  DOOR HANGER ,2060,1306.4399999999998,214,2.7913279132791327,54,19.539295392953928,39.078590785907856,Low,Low,Healthy
21160,KEEP OUT GIRLS DOOR HANGER ,763,485.22999999999996,49,1.0338753387533874,272,7.237127371273712,14.474254742547425,Low,High,Markdown
21161,KEEP OUT BOYS DOOR HANGER ,2285,1611.1699999999998,161,3.0962059620596207,101,21.673441734417345,43.34688346883469,Low,Low,Healthy
21162,TOXIC AREA  DOOR HANGER ,2325,1475.9499999999998,239,3.1504065040650406,275,22.052845528455286,44.10569105691057,Low,High,Markdown
21163,DO NOT TOUCH MY STUFF DOOR HANGER ,2734,1577.34,212,3.7046070460704605,216,25.932249322493224,51.86449864498645,Low,Low,Healthy
21164,HOME SWEET HOME METAL SIGN ,5839,15888.490000000002,630,7.911924119241192,29,55.383468834688344,110.76693766937669,High,Low,Reorder
21165,BEWARE OF THE CAT METAL SIGN ,9080,14070.08,779,12.303523035230352,261,86.12466124661246,172.24932249322492,Low,Low,Healthy
21166,COOK WITH WINE METAL SIGN ,19652,37029.340000000004,1225,26.62872628726287,270,186.4010840108401,372.8021680216802,High,Low,Reorder
21167,WHITE SAGE INCENSE,2058,424.68,50,2.7886178861788617,24,19.520325203252032,39.040650406504064,High,Low,Reorder
21169,YOU'RE CONFUSING ME METAL SIGN ,8642,13438.58,621,11.710027100271002,138,81.97018970189701,163.94037940379403,High,Low,Reorder
21171,BATHROOM METAL SIGN ,1810,2461.2999999999997,226,2.4525745257452574,84,17.168021680216803,34.33604336043361,Low,Low,Healthy
21172,PARTY METAL SIGN ,7444,10392.72,804,10.086720867208673,165,70.60704607046071,141.21409214092142,Low,Low,Healthy
21173,LOO ROLL  METAL SIGN ,321,527.25,60,0.4349593495934959,243,3.0447154471544713,6.089430894308943,Low,High,Markdown
21174,POTTERING IN THE SHED METAL SIGN,9247,17814.51,855,12.529810298102982,258,87.70867208672087,175.41734417344173,Low,Low,Healthy
21175,GIN + TONIC DIET METAL SIGN,20229,42059.240000000005,1422,27.410569105691057,196,191.8739837398374,383.7479674796748,High,Low,Reorder
21179,NO JUNK MAIL METAL SIGN,4039,3040.07,359,5.47289972899729,286,38.31029810298103,76.62059620596206,Low,Low,Healthy
21181,PLEASE ONE PERSON  METAL SIGN,24166,47835.3,1549,32.74525745257453,82,229.2168021680217,458.4336043360434,High,Low,Reorder
21185, HOME SWEET HOME  BLACKBOARD,120,741.36,36,0.16260162601626016,236,1.1382113821138211,2.2764227642276422,Low,High,Markdown
21186,WHITE DOVE HONEYCOMB PAPER GARLAND,5017,7729.05,274,6.79810298102981,196,47.58672086720867,95.17344173441734,Low,Low,Healthy
21187,WHITE BELL HONEYCOMB PAPER GARLAND ,1251,1946.55,108,1.6951219512195121,117,11.865853658536585,23.73170731707317,Low,High,Markdown
21188,3D HEARTS  HONEYCOMB PAPER GARLAND,856,2463.6000000000004,94,1.1598915989159893,124,8.119241192411925,16.23848238482385,Low,High,Markdown
21189,WHITE HONEYCOMB PAPER GARLAND ,543,866.75,61,0.7357723577235772,118,5.150406504065041,10.300813008130081,Low,High,Markdown
21190,PINK HEARTS PAPER GARLAND,756,1188.3999999999999,84,1.024390243902439,25,7.170731707317073,14.341463414634147,Low,Low,Healthy
21191,LARGE WHITE HONEYCOMB PAPER BELL  ,1210,2323.7000000000003,115,1.6395663956639566,216,11.476964769647696,22.95392953929539,Low,High,Markdown
21192,WHITE BELL HONEYCOMB PAPER ,1845,2842.25,113,2.5,152,17.5,35.0,Low,High,Markdown
21193,WHITE HONEYCOMB PAPER FAN ,84,158.36,14,0.11382113821138211,278,0.7967479674796748,1.5934959349593496,Low,High,Markdown
21194,PINK  HONEYCOMB PAPER FAN,501,498.64000000000004,60,0.6788617886178862,42,4.752032520325203,9.504065040650406,Low,High,Markdown
21195,PINK  HONEYCOMB PAPER BALL ,622,1018.6800000000001,55,0.8428184281842819,72,5.899728997289973,11.799457994579946,Low,High,Markdown
21196,ROUND WHITE CONFETTI IN TUBE,158,260.7,17,0.2140921409214092,184,1.4986449864498645,2.997289972899729,Low,High,Markdown
21197,MULTICOLOUR  CONFETTI IN TUBE,412,601.56,31,0.5582655826558266,221,3.907859078590786,7.815718157181572,Low,High,Markdown
21198,WHITE HEART CONFETTI IN TUBE,1190,1304.46,82,1.6124661246612466,102,11.287262872628727,22.574525745257453,Low,High,Markdown
21199,PINK  HEART CONFETTI IN TUBE,1170,1271.46,93,1.5853658536585367,164,11.097560975609756,22.195121951219512,Low,High,Markdown
21200,MULTICOLOUR HONEYCOMB PAPER GARLAND,1287,1724.3500000000001,75,1.7439024390243902,104,12.207317073170731,24.414634146341463,Low,Low,Healthy
21201,TROPICAL  HONEYCOMB PAPER GARLAND ,2629,5980.35,183,3.562330623306233,97,24.93631436314363,49.87262872628726,Low,Low,Healthy
21202,DOLLY HONEYCOMB GARLAND,814,975.9,56,1.102981029810298,20,7.720867208672086,15.441734417344172,Low,Low,Healthy
21203,BUTTERFLIES  HONEYCOMB GARLAND,1445,2240.25,106,1.9579945799457994,70,13.705962059620596,27.411924119241192,Low,Low,Healthy
21204,DAISIES  HONEYCOMB GARLAND ,1478,2337.9,144,2.002710027100271,192,14.018970189701896,28.037940379403793,Low,High,Markdown
21205,MULTICOLOUR 3D BALLS GARLAND,596,1455.0,109,0.8075880758807588,224,5.6531165311653115,11.306233062330623,Low,High,Markdown
21206,STRAWBERRY HONEYCOMB  GARLAND ,2058,2819.7,190,2.7886178861788617,279,19.520325203252032,39.040650406504064,Low,High,Markdown
21207,SKULL AND CROSSBONES  GARLAND ,3480,5337.2,212,4.715447154471545,53,33.00813008130081,66.01626016260163,High,Low,Reorder
21208,PASTEL COLOUR HONEYCOMB FAN,981,709.89,75,1.329268292682927,114,9.304878048780488,18.609756097560975,Low,High,Markdown
21209,MULTICOLOUR HONEYCOMB FAN,1354,1016.52,84,1.834688346883469,91,12.842818428184282,25.685636856368564,Low,Low,Healthy
21210,SET OF 72 RETRO SPOT PAPER  DOILIES,14747,20600.32,931,19.98238482384824,58,139.87669376693768,279.75338753387535,High,Low,Reorder
21211,SET OF 72 SKULL PAPER  DOILIES,2321,3192.6499999999996,184,3.144986449864499,173,22.014905149051494,44.02981029810299,Low,Low,Healthy
21212,PACK OF 72 RETRO SPOT CAKE CASES,89850,43390.03,2508,121.7479674796748,269,852.2357723577236,1704.4715447154472,High,Low,Reorder
21213,PACK OF 72 SKULL CAKE CASES,38530,18319.18,1156,52.20867208672087,181,365.46070460704607,730.9214092140921,High,Low,Reorder
21214,SET OF 72 IVORY PAPER DOILIES,1884,2578.2,125,2.5528455284552845,137,17.86991869918699,35.73983739837398,Low,Low,Healthy
21215, IVORY PAPER CUP CAKE CASES ,3985,1999.09,182,5.399728997289973,278,37.798102981029814,75.59620596205963,Low,Low,Healthy
21216,"SET 3 RED SPOT TIN TEA,COFFEE,SUGAR",3487,15981.77,522,4.724932249322493,287,33.07452574525745,66.1490514905149,Low,High,Markdown
21217,RED SPOTTY ROUND CAKE TINS,2683,25441.85,768,3.63550135501355,73,25.448509485094853,50.897018970189706,Low,Low,Healthy
21218,RED SPOTTY BISCUIT TIN,4715,16431.45,588,6.388888888888889,255,44.72222222222223,89.44444444444446,Low,Low,Healthy
21219,SET/4 BADGES BALLOON GIRL,848,1062.94,102,1.1490514905149052,241,8.043360433604336,16.086720867208673,Low,High,Markdown
21220,SET/4 BADGES DOGS,516,658.31,82,0.6991869918699187,270,4.894308943089431,9.788617886178862,Low,High,Markdown
21221,SET/4 BADGES CUTE CREATURES,454,578.39,61,0.6151761517615176,131,4.306233062330623,8.612466124661246,Low,High,Markdown
21222,SET/4 BADGES BEETLES,530,672.18,84,0.7181571815718157,274,5.02710027100271,10.05420054200542,Low,High,Markdown
21223,SET/4 BADGES WOODLAND ANIMAL,482,564.5,35,0.6531165311653117,226,4.571815718157182,9.143631436314363,Low,High,Markdown
21224,SET/4 SKULL BADGES,1956,2437.4,207,2.6504065040650406,248,18.552845528455286,37.10569105691057,Low,High,Markdown
21225,POCKET MIRROR BUTTERFLY ,2,2.5,2,0.0027100271002710027,85,0.018970189701897018,0.037940379403794036,Low,High,Markdown
21226,POCKET MIRROR WOODLAND,122,152.5,20,0.16531165311653118,94,1.1571815718157183,2.3143631436314367,Low,High,Markdown
21228,"POCKET MIRROR ""GLAMOROUS""",95,118.75,29,0.12872628726287264,122,0.9010840108401085,1.802168021680217,Low,High,Markdown
21231,SWEETHEART CERAMIC TRINKET BOX,18488,21793.25,1171,25.05149051490515,211,175.36043360433607,350.72086720867213,High,Low,Reorder
21232,STRAWBERRY CERAMIC TRINKET BOX,34935,40994.71,1893,47.33739837398374,271,331.3617886178862,662.7235772357724,High,Low,Reorder
21238,RED SPOTTY CUP,8648,7004.22,700,11.718157181571815,245,82.02710027100271,164.05420054200542,Low,Low,Healthy
21239,PINK  SPOTTY CUP,6480,5234.22,551,8.78048780487805,117,61.463414634146346,122.92682926829269,High,Low,Reorder
21240,BLUE  SPOTTY CUP,6778,5440.98,568,9.184281842818429,268,64.28997289972901,128.57994579945802,Low,Low,Healthy
21241,GREEN SPOTTY CUP,2140,1756.6,215,2.899728997289973,185,20.29810298102981,40.59620596205962,Low,High,Markdown
21242,RED SPOTTY PLATE ,6475,10326.43,519,8.77371273712737,49,61.415989159891595,122.83197831978319,High,Low,Reorder
21243,PINK  SPOTTY PLATE ,5187,8224.59,395,7.028455284552845,266,49.199186991869915,98.39837398373983,Low,Low,Healthy
21244,BLUE  SPOTTY PLATE ,4667,7414.91,363,6.323848238482385,125,44.266937669376695,88.53387533875339,Low,Low,Healthy
21245,GREEN  SPOTTY PLATE ,2434,3930.74,254,3.2981029810298104,70,23.086720867208673,46.173441734417345,Low,Low,Healthy
21246,RED SPOTTY BIG BOWL,622,3045.3,137,0.8428184281842819,100,5.899728997289973,11.799457994579946,Low,High,Markdown
21247,SET OF RED SALAD SERVERS ,400,596.0,61,0.5420054200542005,152,3.7940379403794036,7.588075880758807,Low,High,Markdown
21248,DOOR HANGER  MUM + DADS ROOM,1008,1192.8,132,1.3658536585365855,157,9.560975609756099,19.121951219512198,Low,High,Markdown
21249,WOODLAND  HEIGHT CHART STICKERS ,1559,4233.05,189,2.1124661246612466,203,14.787262872628727,29.574525745257453,Low,High,Markdown
21250,SET OF SKULL WALL STICKERS,394,950.5,53,0.5338753387533876,292,3.7371273712737128,7.4742547425474255,Low,High,Markdown
21251,DINOSAUR HEIGHT CHART STICKER SET,546,1453.5000000000002,102,0.7398373983739838,88,5.178861788617886,10.357723577235772,Low,High,Markdown
21252,SET OF MEADOW  FLOWER STICKERS,161,375.65000000000003,16,0.2181571815718157,53,1.52710027100271,3.05420054200542,Low,High,Markdown
21253,SET OF PICTURE FRAME  STICKERS,225,598.59,51,0.3048780487804878,281,2.1341463414634148,4.2682926829268295,Low,High,Markdown
21255,"FRENCH BOTTLE , LAVENDER",422,677.1,55,0.5718157181571816,72,4.002710027100271,8.005420054200542,Low,High,Markdown
21256,"FRENCH BOTTLE, BRASSERIE DES ARTIST",282,446.09999999999997,35,0.3821138211382114,224,2.6747967479674797,5.349593495934959,Low,High,Markdown
21257,VICTORIAN SEWING BOX MEDIUM,1267,9550.49,360,1.7168021680216803,145,12.017615176151763,24.035230352303525,Low,High,Markdown
21258,VICTORIAN SEWING BOX LARGE,1229,14406.63,344,1.665311653116531,254,11.657181571815718,23.314363143631436,Low,High,Markdown
21259,VICTORIAN SEWING BOX SMALL ,2171,12409.960000000001,553,2.9417344173441733,62,20.592140921409214,41.18428184281843,Low,Low,Healthy
21260,FIRST AID TIN,3370,10675.6,442,4.56639566395664,259,31.964769647696478,63.929539295392956,Low,Low,Healthy
21261,GREEN GOOSE FEATHER CHRISTMAS TREE ,245,834.7500000000001,43,0.3319783197831978,130,2.323848238482385,4.64769647696477,Low,High,Markdown
21262,WHITE GOOSE FEATHER CHRISTMAS TREE ,458,1435.1000000000001,81,0.6205962059620597,268,4.3441734417344176,8.688346883468835,Low,High,Markdown
21263,GREEN GOOSE FEATHER TREE 60CM,286,581.7,44,0.3875338753387534,170,2.7127371273712737,5.425474254742547,Low,High,Markdown
21264,WHITE GOOSE FEATHER TREE 60CM ,352,782.4,57,0.47696476964769646,202,3.3387533875338753,6.677506775067751,Low,High,Markdown
21265,PINK GOOSE FEATHER TREE 60CM,315,670.25,28,0.4268292682926829,114,2.9878048780487805,5.975609756097561,Low,High,Markdown
21267,VINTAGE PINK TINSEL REEL ,13,27.3,4,0.017615176151761516,27,0.12330623306233061,0.24661246612466123,Low,High,Markdown
21268,VINTAGE BLUE TINSEL REEL,383,209.58,38,0.518970189701897,203,3.632791327913279,7.265582655826558,Low,High,Markdown
21269,ANTIQUE CREAM CUTLERY SHELF ,106,901.0,58,0.14363143631436315,214,1.005420054200542,2.010840108401084,Low,High,Markdown
21270,ANTIQUE CREAM CUTLERY CUPBOARD,39,497.25,27,0.052845528455284556,214,0.3699186991869919,0.7398373983739838,Low,High,Markdown
21272,SALLE DE BAIN HOOK,2179,2703.11,230,2.9525745257452574,174,20.668021680216803,41.33604336043361,Low,Low,Healthy
21274,EMBOSSED HEART 3 DRAWER SHELF,159,2012.85,89,0.21544715447154472,112,1.5081300813008132,3.0162601626016263,Low,High,Markdown
21275,ZINC TOP  2 DOOR WOODEN SHELF ,242,1477.9,48,0.32791327913279134,179,2.2953929539295395,4.590785907859079,Low,High,Markdown
21276,TWO EMBOSSED HEART MINI DRAWERS,676,1544.2,28,0.9159891598915989,80,6.411924119241192,12.823848238482384,Low,High,Markdown
21277,FRENCH STYLE EMBOSSED HEART CABINET,45,968.8,40,0.06097560975609756,141,0.4268292682926829,0.8536585365853658,Low,High,Markdown
21278,VINTAGE KITCHEN PRINT PUDDINGS,2695,1352.25,70,3.651761517615176,70,25.56233062330623,51.12466124661246,Low,Low,Healthy
21279,VINTAGE KITCHEN PRINT FRUITS,3471,1343.85,56,4.703252032520325,296,32.922764227642276,65.84552845528455,Low,High,Markdown
21280,VINTAGE KITCHEN PRINT VEGETABLES,3316,1714.2,53,4.493224932249323,24,31.45257452574526,62.90514905149052,High,Low,Reorder
21281,VINTAGE KITCHEN PRINT SEAFOOD,3644,1552.2,37,4.937669376693767,111,34.56368563685637,69.12737127371274,Low,Low,Healthy
21282,NATURAL BARK CANDLE LARGE,337,1369.25,59,0.45663956639566394,189,3.196476964769648,6.392953929539296,Low,High,Markdown
21283,NATURAL BARK CANDLE SMALL,491,1496.75,68,0.6653116531165312,41,4.657181571815718,9.314363143631436,Low,High,Markdown
21284,RETRO SPOT CANDLE  SMALL,1481,1447.45,95,2.0067750677506777,20,14.047425474254744,28.09485094850949,High,Low,Reorder
21285,RETRO SPOT CANDLE  MEDIUM,974,1232.42,73,1.3197831978319783,152,9.238482384823849,18.476964769647697,Low,High,Markdown
21286,RETRO SPOT CANDLE  LARGE,962,1407.82,67,1.3035230352303524,252,9.124661246612467,18.249322493224934,Low,High,Markdown
21287,SCENTED VELVET LOUNGE CANDLE ,4077,1799.82,83,5.524390243902439,31,38.670731707317074,77.34146341463415,High,Low,Reorder
21288,STRIPEY CHOCOLATE NESTING BOXES,851,2036.8500000000001,130,1.1531165311653115,65,8.07181571815718,16.14363143631436,Low,Low,Healthy
21289,LARGE STRIPES CHOCOLATE GIFT BAG,1255,1315.15,60,1.7005420054200542,53,11.90379403794038,23.80758807588076,Low,Low,Healthy
21291,SMALL SPOTTY CHOCOLATE GIFT BAG ,2359,1995.07,126,3.196476964769648,97,22.375338753387535,44.75067750677507,Low,Low,Healthy
21292,SMALL STRIPES CHOCOLATE GIFT BAG ,2437,1407.1299999999999,82,3.3021680216802167,237,23.115176151761517,46.230352303523034,Low,High,Markdown
21293,MIRRORED DOVE WALL DECORATION,256,539.63,42,0.34688346883468835,92,2.4281842818428183,4.856368563685637,Low,High,Markdown
21294,ETCHED GLASS COASTER,2130,1465.3799999999999,116,2.886178861788618,268,20.203252032520325,40.40650406504065,Low,High,Markdown
21298,EDWARDIAN 2 DRAWER WALL CABINET ,52,755.8,14,0.07046070460704607,66,0.49322493224932246,0.9864498644986449,Low,High,Markdown
21299,EDWARDIAN TOILET ROLL UNIT ,161,838.35,29,0.2181571815718157,140,1.52710027100271,3.05420054200542,Low,High,Markdown
21300,ANTIQUE EDWARDIAN DRESSER,52,737.4,11,0.07046070460704607,233,0.49322493224932246,0.9864498644986449,Low,High,Markdown
21303,FILIGREE WALL MIRROR  ANTIQUE WHITE,92,848.8,26,0.12466124661246612,258,0.8726287262872628,1.7452574525745257,Low,High,Markdown
21304,ARCHED GREY MIRROR,84,540.6,16,0.11382113821138211,75,0.7967479674796748,1.5934959349593496,Low,High,Markdown
21306,SET/4 DAISY MIRROR MAGNETS,669,302.9,57,0.9065040650406504,126,6.345528455284553,12.691056910569106,Low,High,Markdown
21307,SET/4 BUTTERFLY MIRROR MAGNETS,726,572.3,54,0.983739837398374,67,6.886178861788618,13.772357723577237,Low,High,Markdown
21308,LOUVRE VANITY MIRROR,129,653.85,3,0.17479674796747968,80,1.2235772357723578,2.4471544715447155,Low,High,Markdown
21309,LOUVRE CHALKBOARD,49,325.6,5,0.06639566395663957,45,0.464769647696477,0.929539295392954,Low,High,Markdown
21310,CAPIZ CHANDELIER,5,149.75,3,0.006775067750677507,276,0.04742547425474255,0.0948509485094851,Low,High,Markdown
21311,SET/4 BIRD MIRROR MAGNETS ,682,476.11,75,0.924119241192412,27,6.468834688346884,12.937669376693767,Low,Low,Healthy
21312,LARGE CHUNKY GLASS ROMAN BOWL,293,1097.75,20,0.3970189701897019,132,2.779132791327913,5.558265582655826,Low,High,Markdown
21313,GLASS HEART T-LIGHT HOLDER ,5823,4338.75,258,7.890243902439025,272,55.23170731707317,110.46341463414635,Low,Low,Healthy
21314,SMALL GLASS HEART TRINKET POT,10447,20588.260000000002,711,14.155826558265582,199,99.09078590785907,198.18157181571814,Low,Low,Healthy
21316,SMALL CHUNKY GLASS ROMAN  BOWL,669,1008.19,34,0.9065040650406504,226,6.345528455284553,12.691056910569106,Low,High,Markdown
21317,GLASS SPHERE CANDLE STAND MEDIUM,329,1181.25,64,0.44579945799457993,146,3.1205962059620593,6.241192411924119,Low,High,Markdown
21318,GLASS CHALICE BLUE SMALL ,936,780.3,77,1.2682926829268293,75,8.878048780487806,17.75609756097561,Low,Low,Healthy
21319,GLASS CHALICE GREEN  SMALL ,474,640.26,48,0.6422764227642277,233,4.495934959349594,8.991869918699187,Low,High,Markdown
21320,GLASS CHALICE GREEN  LARGE ,358,726.6600000000001,36,0.48509485094850946,33,3.395663956639566,6.791327913279132,Low,High,Markdown
21321,GLASS CHALICE BLUE  LARGE ,108,245.25,13,0.14634146341463414,47,1.024390243902439,2.048780487804878,Low,High,Markdown
21322,GLASS SPHERE CANDLE STAND LARGE ,299,562.45,13,0.4051490514905149,97,2.8360433604336044,5.672086720867209,Low,High,Markdown
21323,HANGING MEDINA LANTERN LARGE,704,2201.25,54,0.9539295392953929,235,6.677506775067751,13.355013550135501,Low,High,Markdown
21324,HANGING MEDINA LANTERN SMALL,938,2410.7000000000003,126,1.2710027100271002,173,8.897018970189702,17.794037940379404,Low,High,Markdown
21326,AGED GLASS SILVER T-LIGHT HOLDER,17004,10338.6,532,23.040650406504064,33,161.28455284552845,322.5691056910569,High,Low,Reorder
21327,SKULLS WRITING SET ,1512,2492.4,333,2.048780487804878,206,14.341463414634147,28.682926829268293,Low,High,Markdown
21328,BALLOONS  WRITING SET ,1632,2691.4,374,2.2113821138211383,26,15.479674796747968,30.959349593495936,High,Low,Reorder
21329,DINOSAURS  WRITING SET ,1615,2635.99,369,2.1883468834688347,22,15.318428184281842,30.636856368563684,High,Low,Reorder
21330,WOODLAND ANIMAL  WRITING SET ,1357,2133.0499999999997,127,1.8387533875338753,130,12.871273712737127,25.742547425474253,Low,High,Markdown
21331,MOROCCAN BEATEN METAL DISH LARGE,104,793.74,24,0.14092140921409213,257,0.9864498644986449,1.9728997289972898,Low,High,Markdown
21332,MOROCCAN BEATEN METAL MIRROR,262,1442.9,42,0.35501355013550134,258,2.4850948509485096,4.970189701897019,Low,High,Markdown
21333,CLASSIC WHITE FRAME,1007,2946.65,197,1.3644986449864498,293,9.551490514905149,19.102981029810298,Low,High,Markdown
21335,LIBRARY LAMP,36,754.1999999999999,22,0.04878048780487805,246,0.34146341463414637,0.6829268292682927,Low,High,Markdown
21336,GOLD WASHBAG,1788,401.64,24,2.4227642276422765,34,16.959349593495936,33.91869918699187,Low,Low,Healthy
21337,SILVER WASHBAG,30,88.50000000000001,9,0.04065040650406504,211,0.2845528455284553,0.5691056910569106,Low,High,Markdown
21338,MARAKESH LANTERN SMALL ,196,848.35,11,0.26558265582655827,138,1.859078590785908,3.718157181571816,Low,High,Markdown
21339,MARAKESH LANTERN LARGE,30,544.5,12,0.04065040650406504,47,0.2845528455284553,0.5691056910569106,Low,High,Markdown
21340,CLASSIC METAL BIRDCAGE PLANT HOLDER,1702,17888.71,383,2.306233062330623,221,16.14363143631436,32.28726287262872,Low,High,Markdown
21341,KASBAH LANTERN WITH GLASS ,56,250.8,15,0.07588075880758807,58,0.5311653116531165,1.062330623306233,Low,High,Markdown
21343,GOLD JEWELERY BOX,20,92.0,3,0.02710027100271003,292,0.1897018970189702,0.3794037940379404,Low,High,Markdown
21344,MOROCCAN BEATEN METAL DISH,164,707.8000000000001,24,0.2222222222222222,250,1.5555555555555554,3.1111111111111107,Low,High,Markdown
21347,GOTHIC CARRIAGE LANTERN,8,47.6,4,0.01084010840108401,105,0.07588075880758807,0.15176151761517614,Low,High,Markdown
21348,PINK SPOTS CHOCOLATE NESTING BOXES ,816,1891.2000000000003,115,1.1056910569105691,145,7.739837398373984,15.479674796747968,Low,High,Markdown
21349,IVY HEART WREATH,492,3193.0,127,0.6666666666666666,44,4.666666666666666,9.333333333333332,Low,High,Markdown
21350,GINGHAM HEART WREATH,224,644.8000000000001,41,0.3035230352303523,164,2.124661246612466,4.249322493224932,Low,High,Markdown
21351,CINAMMON & ORANGE WREATH,986,3018.7,135,1.3360433604336044,32,9.35230352303523,18.70460704607046,Low,Low,Healthy
21352,EUCALYPTUS & PINECONE  WREATH,742,2232.7000000000003,82,1.005420054200542,231,7.0379403794037945,14.075880758807589,Low,High,Markdown
21353,SILVER SLEIGHBELL  WREATH,18,143.1,8,0.024390243902439025,44,0.17073170731707318,0.34146341463414637,Low,High,Markdown
21354,TOAST ITS - BEST MUM,2401,2797.25,169,3.2533875338753386,87,22.77371273712737,45.54742547425474,Low,Low,Healthy
21355,TOAST ITS - I LOVE YOU ,3339,3982.15,278,4.524390243902439,86,31.670731707317074,63.34146341463415,Low,Low,Healthy
21356,TOAST ITS - FAIRY FLOWER,1148,1410.95,177,1.5555555555555556,252,10.88888888888889,21.77777777777778,Low,High,Markdown
21357,TOAST ITS - DINOSAUR,1310,1630.42,164,1.7750677506775068,128,12.425474254742547,24.850948509485093,Low,High,Markdown
21358,TOAST ITS - HAPPY BIRTHDAY,1026,1275.3,158,1.3902439024390243,165,9.73170731707317,19.46341463414634,Low,High,Markdown
21359,RELAX LARGE WOOD LETTERS,202,1913.9,67,0.27371273712737126,130,1.9159891598915988,3.8319783197831976,Low,High,Markdown
21360,JOY LARGE WOOD LETTERS,433,2631.35,92,0.5867208672086721,247,4.107046070460704,8.214092140921409,Low,High,Markdown
21361,LOVE LARGE WOOD LETTERS ,519,6422.85,250,0.7032520325203252,130,4.9227642276422765,9.845528455284553,Low,High,Markdown
21363,HOME SMALL WOOD LETTERS,911,4509.45,331,1.2344173441734418,53,8.640921409214092,17.281842818428185,Low,Low,Healthy
21364,PEACE SMALL WOOD LETTERS,439,3031.65,144,0.5948509485094851,130,4.163956639566395,8.32791327913279,Low,High,Markdown
21365,MIRRORED WALL ART STARS,444,561.6,60,0.6016260162601627,283,4.211382113821139,8.422764227642277,Low,High,Markdown
21366,MIRRORED WALL ART PHOTO FRAMES,153,602.25,26,0.2073170731707317,255,1.451219512195122,2.902439024390244,Low,High,Markdown
21367,MIRRORED WALL ART GENTS,196,202.85999999999999,45,0.26558265582655827,102,1.859078590785908,3.718157181571816,Low,High,Markdown
21368,MIRRORED WALL ART LADIES,193,171.75,39,0.26151761517615174,61,1.8306233062330621,3.6612466124661243,Low,High,Markdown
21369,MIRRORED WALL ART SPLODGES,128,195.0,17,0.17344173441734417,120,1.2140921409214092,2.4281842818428183,Low,High,Markdown
21370,MIRRORED WALL ART FOXY,48,175.35,16,0.06504065040650407,25,0.4552845528455285,0.910569105691057,Low,High,Markdown
21371,MIRRORED WALL ART POPPIES,368,389.4,41,0.4986449864498645,199,3.4905149051490514,6.981029810298103,Low,High,Markdown
21372,MIRRORED WALL ART TABLE LAMP,141,193.23000000000002,36,0.1910569105691057,245,1.3373983739837398,2.6747967479674797,Low,High,Markdown
21373,MIRRORED WALL ART SNOWFLAKES,629,528.15,57,0.8523035230352304,248,5.966124661246613,11.932249322493226,Low,High,Markdown
21374,MIRRORED WALL ART SKULLS,454,700.0,61,0.6151761517615176,169,4.306233062330623,8.612466124661246,Low,High,Markdown
21375,LARGE CAMPHOR WOOD FIELD MUSHROOM ,93,368.25,28,0.12601626016260162,296,0.8821138211382114,1.7642276422764227,Low,High,Markdown
21376,LARGE  TALL CAMPHOR WOOD TOADSTOOL ,171,717.15,38,0.23170731707317074,217,1.6219512195121952,3.2439024390243905,Low,High,Markdown
21377,SMALL CAMPHOR WOOD FIELD  MUSHROOM,444,494.76,43,0.6016260162601627,89,4.211382113821139,8.422764227642277,Low,High,Markdown
21378,SMALL TALL CAMPHOR WOOD TOADSTOOL,522,601.5,57,0.7073170731707317,131,4.951219512195122,9.902439024390244,Low,High,Markdown
21379, CAMPHOR WOOD PORTOBELLO MUSHROOM,541,455.27,52,0.7330623306233063,23,5.131436314363144,10.262872628726289,Low,Low,Healthy
21380,WOODEN HAPPY BIRTHDAY GARLAND,4877,13770.150000000001,540,6.60840108401084,114,46.25880758807588,92.51761517615176,Low,Low,Healthy
21381,MINI WOODEN HAPPY BIRTHDAY GARLAND,4893,7845.81,376,6.630081300813008,171,46.41056910569105,92.8211382113821,Low,Low,Healthy
21382,SET/4 SPRING FLOWER DECORATION,1132,1423.2,114,1.5338753387533874,156,10.737127371273711,21.474254742547423,Low,High,Markdown
21383,PACK OF 12 STICKY BUNNIES,1866,1200.9,190,2.5284552845528454,266,17.69918699186992,35.39837398373984,Low,High,Markdown
21384,IVORY HANGING DECORATION  BUTTERFLY,1733,1466.81,113,2.348238482384824,262,16.43766937669377,32.87533875338754,Low,High,Markdown
21385,IVORY HANGING DECORATION  HEART,10146,8324.58,505,13.747967479674797,50,96.23577235772358,192.47154471544715,High,Low,Reorder
21386,IVORY HANGING DECORATION  EGG,1097,596.6899999999999,82,1.486449864498645,59,10.405149051490515,20.81029810298103,Low,Low,Healthy
21387,IVORY HANGING DECORATION  RABBIT,25,21.25,4,0.03387533875338753,248,0.23712737127371272,0.47425474254742545,Low,High,Markdown
21388,IVORY HANGING DECORATION  CHICKEN,287,243.95,27,0.3888888888888889,55,2.7222222222222223,5.444444444444445,Low,High,Markdown
21389,IVORY HANGING DECORATION  BIRD,2153,1826.9299999999998,194,2.9173441734417342,242,20.42140921409214,40.84281842818428,Low,High,Markdown
21390,FILIGRIS HEART WITH BUTTERFLY,10622,12849.14,482,14.392953929539296,25,100.75067750677508,201.50135501355015,High,Low,Reorder
21391,FRENCH EMROIDR LAVENDER SCENT HEART,1292,1533.3,132,1.7506775067750677,239,12.254742547425474,24.509485094850948,Low,High,Markdown
21392,RED SPOTTY PUDDING BOWL,7526,1398.21,37,10.197831978319783,94,71.38482384823848,142.76964769647697,High,Low,Reorder
21393,BLUE  SPOTTY PUDDING BOWL,5236,1139.13,38,7.094850948509485,23,49.66395663956639,99.32791327913279,High,Low,Reorder
21394,RED SPOTTY BEAKER ,3961,1795.27,132,5.367208672086721,153,37.57046070460705,75.1409214092141,Low,Low,Healthy
21395,BLUE SPOTTY BEAKER ,2932,1340.04,100,3.97289972899729,137,27.81029810298103,55.62059620596206,Low,Low,Healthy
21396,RED SPOTTY EGG CUP ,909,1081.53,58,1.2317073170731707,113,8.621951219512194,17.24390243902439,Low,High,Markdown
21397,BLUE  SPOTTY EGG CUP ,2012,1635.54,116,2.7262872628726287,81,19.0840108401084,38.1680216802168,Low,Low,Healthy
21398,RED  SPOTTY COFFEE  MUG,2233,2028.75,97,3.0257452574525745,213,21.180216802168022,42.360433604336045,Low,High,Markdown
21399,BLUE  SPOTTY  COFFEE MUG,2340,1433.04,95,3.1707317073170733,222,22.195121951219512,44.390243902439025,Low,High,Markdown
21400,RED PUDDING SPOON,1027,189.54,63,1.39159891598916,45,9.74119241192412,19.48238482384824,Low,Low,Healthy
21401,BLUE PUDDING SPOON,1388,291.06,91,1.880758807588076,192,13.16531165311653,26.33062330623306,Low,High,Markdown
21402,RED  EGG  SPOON,1589,280.98,102,2.1531165311653115,152,15.07181571815718,30.14363143631436,Low,High,Markdown
21403,BLUE EGG  SPOON,2151,440.58,108,2.9146341463414633,137,20.402439024390244,40.80487804878049,Low,Low,Healthy
21407,BROWN CHECK CAT DOORSTOP ,1128,4606.25,329,1.5284552845528456,294,10.699186991869919,21.398373983739837,Low,High,Markdown
21408,SPOTTY PINK DUCK DOORSTOP,580,2017.34,139,0.7859078590785907,231,5.5013550135501355,11.002710027100271,Low,High,Markdown
21409,SPOTTY COCKEREL DOORSTOP,1,4.25,1,0.0013550135501355014,244,0.009485094850948509,0.018970189701897018,Low,High,Markdown
21410,COUNTRY COTTAGE  DOORSTOP GREEN,259,1036.75,101,0.3509485094850949,39,2.456639566395664,4.913279132791328,Low,High,Markdown
21411,GINGHAM HEART  DOORSTOP RED,1943,7146.39,507,2.6327913279132793,132,18.429539295392956,36.85907859078591,Low,Low,Healthy
21412,VINTAGE GOLD TINSEL REEL,233,111.3,42,0.3157181571815718,159,2.210027100271003,4.420054200542006,Low,High,Markdown
21413,PERIWINKLE T-LIGHT HOLDER,3134,1062.1,34,4.246612466124661,66,29.72628726287263,59.45257452574526,Low,Low,Healthy
21414,SCALLOP SHELL SOAP DISH,1614,779.4,20,2.186991869918699,20,15.308943089430894,30.617886178861788,High,Low,Reorder
21415,CLAM SHELL SMALL ,320,613.69,56,0.43360433604336046,109,3.035230352303523,6.070460704607046,Low,High,Markdown
21416,CLAM SHELL LARGE,746,572.7,17,1.010840108401084,161,7.075880758807589,14.151761517615178,Low,High,Markdown
21417,COCKLE SHELL DISH,424,702.88,58,0.5745257452574526,57,4.021680216802168,8.043360433604336,Low,High,Markdown
21418,STARFISH SOAP DISH,161,375.35,35,0.2181571815718157,158,1.52710027100271,3.05420054200542,Low,High,Markdown
21419,CONCH SHELL,1252,535.8,13,1.6964769647696476,278,11.875338753387533,23.750677506775066,Low,High,Markdown
21420,OYSTER TRINKET BOX,114,295.62,25,0.15447154471544716,180,1.08130081300813,2.16260162601626,Low,High,Markdown
21421,PORCELAIN ROSE LARGE ,1767,2060.55,88,2.394308943089431,197,16.760162601626018,33.520325203252035,Low,High,Markdown
21422,PORCELAIN ROSE SMALL,3056,2448.36,107,4.1409214092140925,29,28.986449864498645,57.97289972899729,High,Low,Reorder
21424,WOODLAND STORAGE BOX LARGE ,782,1739.5400000000002,61,1.0596205962059622,280,7.417344173441736,14.834688346883471,Low,High,Markdown
21425,SKULLS STORAGE BOX LARGE,450,928.1400000000001,58,0.6097560975609756,157,4.2682926829268295,8.536585365853659,Low,High,Markdown
21426,WOODLAND STORAGE BOX SMALL,962,1338.6000000000001,51,1.3035230352303524,191,9.124661246612467,18.249322493224934,Low,High,Markdown
21427,SKULLS STORAGE BOX SMALL,441,694.5,73,0.5975609756097561,32,4.182926829268292,8.365853658536585,Low,Low,Healthy
21428,SET3 BOOK BOX GREEN GINGHAM FLOWER ,2749,10667.05,363,3.7249322493224932,187,26.074525745257453,52.14905149051491,Low,Low,Healthy
21429,RED GINGHAM ROSE JEWELLERY BOX,5930,9907.5,764,8.035230352303524,149,56.24661246612467,112.49322493224933,Low,Low,Healthy
21430,SET/3 RED GINGHAM ROSE STORAGE BOX,4169,14719.35,578,5.649051490514905,103,39.543360433604335,79.08672086720867,Low,Low,Healthy
21431,GREEN GINGHAM FLOWER JEWELLERY BOX,1412,2281.7999999999997,225,1.9132791327913279,120,13.392953929539296,26.78590785907859,Low,High,Markdown
21432,SET OF 3 CASES WOODLAND DESIGN,927,5298.650000000001,227,1.2560975609756098,292,8.792682926829269,17.585365853658537,Low,High,Markdown
21437,24 HANGING EASTER EGGS FLORAL TUB,654,2222.1,99,0.8861788617886179,284,6.203252032520325,12.40650406504065,Low,High,Markdown
21438,TUB 24 HANGING EASTER EGGS SPOTTY,360,1177.2,33,0.4878048780487805,57,3.4146341463414633,6.829268292682927,Low,High,Markdown
21439,BASKET OF TOADSTOOLS,2123,2576.23,162,2.8766937669376693,113,20.136856368563684,40.27371273712737,Low,Low,Healthy
21440,12 MINI TOADSTOOL PEGS,465,581.25,88,0.6300813008130082,114,4.410569105691057,8.821138211382115,Low,High,Markdown
21441,BLUE BIRDHOUSE DECORATION,855,540.2099999999999,83,1.1585365853658536,88,8.109756097560975,16.21951219512195,Low,High,Markdown
21442,GREEN BIRDHOUSE DECORATION,883,561.67,80,1.1964769647696476,255,8.375338753387533,16.750677506775066,Low,High,Markdown
21443,OLIVE CHALET BIRDFEEDER,251,681.25,20,0.34010840108401086,156,2.380758807588076,4.761517615176152,Low,High,Markdown
21444,BLUE CHALET BIRDFEEDER,273,763.75,20,0.3699186991869919,95,2.589430894308943,5.178861788617886,Low,High,Markdown
21445,12 PINK ROSE PEG PLACE SETTINGS,1458,1733.58,115,1.975609756097561,54,13.829268292682926,27.65853658536585,Low,Low,Healthy
21446,12 RED ROSE PEG PLACE SETTINGS,1154,1433.38,182,1.5636856368563685,20,10.94579945799458,21.89159891598916,High,Low,Reorder
21447,12 IVORY ROSE PEG PLACE SETTINGS,2377,2882.33,228,3.220867208672087,79,22.54607046070461,45.09214092140922,Low,Low,Healthy
21448,12 DAISY PEGS IN WOOD BOX,895,1476.75,178,1.2127371273712737,286,8.489159891598916,16.978319783197833,Low,High,Markdown
21450,DISTRESSED CANDLE STICK WHITE,13,77.35,3,0.017615176151761516,248,0.12330623306233061,0.24661246612466123,Low,High,Markdown
21452,TOADSTOOL MONEY BOX,1763,5083.250000000001,328,2.388888888888889,289,16.72222222222222,33.44444444444444,Low,High,Markdown
21454,PAINTED PINK RABBIT ,619,526.15,85,0.8387533875338753,232,5.871273712737127,11.742547425474253,Low,High,Markdown
21455,PAINTED YELLOW WOODEN DAISY,502,426.7,63,0.6802168021680217,184,4.761517615176152,9.523035230352304,Low,High,Markdown
21456,2 PICTURE BOOK EGGS EASTER CHICKS,718,732.5,51,0.9728997289972899,24,6.8102981029810294,13.620596205962059,Low,Low,Healthy
21457,2 PICTURE BOOK EGGS EASTER DUCKS,663,663.75,48,0.8983739837398373,97,6.288617886178861,12.577235772357723,Low,High,Markdown
21458,2 PICTURE BOOK EGGS EASTER BUNNY,718,732.5,57,0.9728997289972899,81,6.8102981029810294,13.620596205962059,Low,High,Markdown
21459,YELLOW EASTER EGG HUNT START POST,250,465.9,37,0.33875338753387535,151,2.3712737127371275,4.742547425474255,Low,High,Markdown
21460,GREEN EASTER EGG HUNT START POST,96,187.2,20,0.13008130081300814,108,0.910569105691057,1.821138211382114,Low,High,Markdown
21461,BLUE EASTER EGG HUNT START POST,77,150.15,19,0.1043360433604336,256,0.7303523035230353,1.4607046070460705,Low,High,Markdown
21462,"NURSERY A,B,C PAINTED LETTERS",397,2230.15,157,0.537940379403794,61,3.765582655826558,7.531165311653116,Low,High,Markdown
21463,MIRRORED DISCO BALL ,1320,7051.150000000001,280,1.7886178861788617,108,12.520325203252032,25.040650406504064,Low,High,Markdown
21464,DISCO BALL ROTATOR BATTERY OPERATED,534,2265.5,214,0.7235772357723578,123,5.065040650406504,10.130081300813009,Low,High,Markdown
21465,PINK FLOWER CROCHET FOOD COVER,695,2456.36,157,0.9417344173441734,33,6.5921409214092135,13.184281842818427,Low,Low,Healthy
21466,RED FLOWER CROCHET FOOD COVER,823,3057.89,240,1.1151761517615175,198,7.806233062330623,15.612466124661246,Low,High,Markdown
21467,CHERRY CROCHET FOOD COVER,951,2905.27,212,1.2886178861788617,144,9.020325203252032,18.040650406504064,Low,High,Markdown
21468,BUTTERFLY CROCHET FOOD COVER,619,2136.67,118,0.8387533875338753,42,5.871273712737127,11.742547425474253,Low,Low,Healthy
21469,POLKA DOT RAFFIA FOOD COVER,1091,3148.16,176,1.478319783197832,82,10.348238482384824,20.696476964769648,Low,Low,Healthy
21470,FLOWER VINE RAFFIA FOOD COVER,1011,3687.1800000000003,266,1.3699186991869918,162,9.589430894308943,19.178861788617887,Low,High,Markdown
21471,STRAWBERRY RAFFIA FOOD COVER,1225,4324.95,229,1.6598915989159893,172,11.619241192411925,23.23848238482385,Low,High,Markdown
21472,LADYBIRD + BEE RAFFIA FOOD COVER,999,3669.45,235,1.353658536585366,164,9.475609756097562,18.951219512195124,Low,High,Markdown
21473,SWEETHEART CREAM STEEL TABLE RECT,149,2972.5499999999997,86,0.2018970189701897,244,1.4132791327913279,2.8265582655826558,Low,High,Markdown
21474,SWEETHEART CREAM STEEL FOLDIN BENCH,203,4049.85,92,0.2750677506775068,123,1.9254742547425474,3.850948509485095,Low,High,Markdown
21475,SWEETHEART CREAM STEEL FOLDIN CHAIR,1,14.95,1,0.0013550135501355014,123,0.009485094850948509,0.018970189701897018,Low,High,Markdown
21476,STEEL SWEETHEART ROUND TABLE CREAM,127,1864.0,74,0.17208672086720866,58,1.2046070460704605,2.409214092140921,Low,High,Markdown
21477,STRING OF 20 ROSE LIGHTS,262,2962.5,37,0.35501355013550134,217,2.4850948509485096,4.970189701897019,Low,High,Markdown
21478,SILVER SKULL HOT WATER BOTTLE ,179,662.61,76,0.24254742547425473,153,1.697831978319783,3.395663956639566,Low,High,Markdown
21479,WHITE SKULL HOT WATER BOTTLE ,4538,16917.32,738,6.149051490514905,86,43.043360433604335,86.08672086720867,High,Low,Reorder
21480,PINK STRIPE HOT WATER BOTTLE,245,679.5500000000001,38,0.3319783197831978,198,2.323848238482385,4.64769647696477,Low,High,Markdown
21481,FAWN BLUE HOT WATER BOTTLE,7526,21779.5,834,10.197831978319783,61,71.38482384823848,142.76964769647697,High,Low,Reorder
21482,MUSHROOM BLUE HOT WATER BOTTLE,665,1889.7500000000002,136,0.9010840108401084,34,6.3075880758807585,12.615176151761517,Low,Low,Healthy
21484,CHICK GREY HOT WATER BOTTLE,4085,14071.27,676,5.535230352303523,130,38.74661246612466,77.49322493224932,Low,Low,Healthy
21485,RED SPOT HEART HOT WATER BOTTLE,7257,34116.63,1225,9.833333333333334,176,68.83333333333334,137.66666666666669,Low,Low,Healthy
21486,PINK HEART DOTS HOT WATER BOTTLE,841,2466.87,168,1.1395663956639566,250,7.9769647696476955,15.953929539295391,Low,High,Markdown
21488,RED WHITE SCARF  HOT WATER BOTTLE,2157,7914.150000000001,301,2.9227642276422765,176,20.459349593495936,40.91869918699187,Low,High,Markdown
21489,BLUE WHITE SCARF HOT WATER BOTTLE,16,63.2,6,0.02168021680216802,57,0.15176151761517614,0.3035230352303523,Low,High,Markdown
21490,SET OF THREE 50'S GIFT WRAPS ,598,1047.6,37,0.8102981029810298,116,5.672086720867209,11.344173441734418,Low,High,Markdown
21491,SET OF THREE VINTAGE GIFT WRAPS,2827,5167.049999999999,222,3.830623306233062,273,26.814363143631436,53.62872628726287,Low,High,Markdown
21493, VINTAGE DESIGN GIFT TAGS,247,209.95,22,0.3346883468834688,215,2.3428184281842817,4.685636856368563,Low,High,Markdown
21494,ROTATING LEAVES T-LIGHT HOLDER,2813,3655.28,241,3.8116531165311653,105,26.681571815718158,53.363143631436316,Low,Low,Healthy
21495,SKULLS WRAP,12415,5098.3,375,16.82249322493225,29,117.75745257452574,235.5149051490515,High,Low,Reorder
21496,WOODLAND CREATURES  WRAP,25,10.5,1,0.03387533875338753,24,0.23712737127371272,0.47425474254742545,Low,High,Markdown
21497,FANCY FONTS BIRTHDAY WRAP,17450,6957.0,483,23.644986449864497,142,165.5149051490515,331.029810298103,High,Low,Reorder
21498,RED SPOTS  WRAP ,26672,10829.24,799,36.140921409214094,137,252.98644986449867,505.97289972899733,High,Low,Reorder
21499,BLUE SPOTS  WRAP,15025,6048.5,458,20.35907859078591,178,142.51355013550136,285.0271002710027,High,Low,Reorder
21500,PINK SPOTS  WRAP ,15850,6401.0,489,21.476964769647697,247,150.33875338753387,300.67750677506774,High,Low,Reorder
21503,TOYBOX  WRAP ,1801,740.42,64,2.440379403794038,235,17.082655826558266,34.16531165311653,Low,High,Markdown
21504,SKULLS GREETING CARD,4838,1942.68,284,6.555555555555555,203,45.888888888888886,91.77777777777777,Low,Low,Healthy
21506,"FANCY FONT BIRTHDAY CARD, ",10430,4186.92,544,14.13279132791328,34,98.92953929539296,197.8590785907859,High,Low,Reorder
21507,"ELEPHANT, BIRTHDAY CARD, ",7970,3232.8,470,10.799457994579946,176,75.59620596205963,151.19241192411926,Low,Low,Healthy
21508,VINTAGE KID DOLLY CARD ,6472,2611.57,409,8.769647696476964,155,61.38753387533875,122.7750677506775,Low,Low,Healthy
21509,COWBOYS AND INDIANS BIRTHDAY CARD ,8455,3396.07,498,11.456639566395664,280,80.19647696476964,160.3929539295393,Low,Low,Healthy
21511,VINTAGE COLLAGE  GREETING  CARD ,40,16.8,2,0.05420054200542006,176,0.3794037940379404,0.7588075880758808,Low,High,Markdown
21518,BANK ACCOUNT  GREETING  CARD ,1016,416.64,70,1.3766937669376693,66,9.636856368563684,19.27371273712737,Low,Low,Healthy
21519,GIN & TONIC DIET GREETING CARD ,7017,2868.66,436,9.508130081300813,192,66.5569105691057,133.1138211382114,Low,Low,Healthy
21520,BOOZE & WOMEN GREETING CARD ,890,368.04,68,1.2059620596205962,149,8.441734417344174,16.883468834688347,Low,High,Markdown
21523,FANCY FONT HOME SWEET HOME DOORMAT,6564,40929.840000000004,893,8.894308943089431,114,62.26016260162602,124.52032520325204,High,Low,Reorder
21524,SPOTTY  HOME SWEET HOME DOORMAT,5054,33122.69,1000,6.848238482384824,134,47.93766937669377,95.87533875338754,Low,Low,Healthy
21525,BEWARE OF THE CAT DOORMAT,2,13.5,2,0.0027100271002710027,262,0.018970189701897018,0.037940379403794036,Low,High,Markdown
21527,RETRO SPOT TRADITIONAL TEAPOT ,3226,23041.74,729,4.3712737127371275,88,30.59891598915989,61.19783197831978,Low,Low,Healthy
21528,DAIRY MAID TRADITIONAL TEAPOT ,831,4937.650000000001,215,1.1260162601626016,167,7.882113821138211,15.764227642276422,Low,High,Markdown
21529,RETRO SPOT CERAMIC TOASTRACK,462,1548.9,115,0.6260162601626016,30,4.382113821138211,8.764227642276422,Low,Low,Healthy
21530,DAIRY MAID CERAMIC TOASTRACK,916,1154.92,130,1.2411924119241193,273,8.688346883468835,17.37669376693767,Low,High,Markdown
21531,RETRO SPOT SUGAR JAM BOWL,3879,9213.75,612,5.2560975609756095,57,36.792682926829265,73.58536585365853,High,Low,Reorder
21532,DAIRY MAID SUGAR JAM BOWL,1372,1358.3999999999999,76,1.8590785907859078,153,13.013550135501355,26.02710027100271,Low,High,Markdown
21533,RETRO SPOT LARGE MILK JUG,3195,15154.45,845,4.329268292682927,219,30.304878048780488,60.609756097560975,Low,Low,Healthy
21534,DAIRY MAID LARGE MILK JUG,851,4071.75,295,1.1531165311653115,42,8.07181571815718,16.14363143631436,Low,Low,Healthy
21535,RETRO SPOT SMALL MILK JUG,6580,15877.2,956,8.915989159891598,237,62.41192411924119,124.82384823848238,Low,Low,Healthy
21536,DAIRY MAID  SMALL  MILK JUG,215,451.5,55,0.29132791327913277,160,2.0392953929539295,4.078590785907859,Low,High,Markdown
21537,RETRO SPOTS PUDDING BOWL,967,4024.75,226,1.3102981029810299,123,9.17208672086721,18.34417344173442,Low,High,Markdown
21538,DAIRY MAID  PUDDING BOWL,1296,1860.0,44,1.7560975609756098,229,12.292682926829269,24.585365853658537,Low,High,Markdown
21539,RETRO SPOTS BUTTER DISH,2575,12091.050000000001,585,3.489159891598916,130,24.42411924119241,48.84823848238482,Low,Low,Healthy
21540,DAIRY MAID CERAMIC BUTTER DISH,1298,2195.5,73,1.7588075880758807,123,12.311653116531165,24.62330623306233,Low,High,Markdown
21541,DINOSAURS WATER TRANSFER TATTOOS ,1782,1469.8999999999999,147,2.4146341463414633,190,16.902439024390244,33.80487804878049,Low,High,Markdown
21542,WOODLAND WATER TRANSFER TATTOOS ,1748,1443.3999999999999,145,2.368563685636856,152,16.57994579945799,33.15989159891598,Low,High,Markdown
21543,BUTTERFLY WATER TRANSFER TATTOOS ,267,186.95,13,0.3617886178861789,146,2.532520325203252,5.065040650406504,Low,High,Markdown
21544,SKULLS  WATER TRANSFER TATTOOS ,5750,4599.5,366,7.791327913279133,125,54.53929539295393,109.07859078590786,Low,Low,Healthy
21545,CERAMIC BIRDHOUSE BUTTERFLY SMALL,678,1527.05,64,0.9186991869918699,111,6.430894308943089,12.861788617886178,Low,High,Markdown
21547,CERAMIC BIRDHOUSE CRESTED TIT SMALL,684,1662.45,90,0.926829268292683,70,6.487804878048781,12.975609756097562,Low,High,Markdown
21548,CERAMIC BIRDHOUSE FINCH BLUE ROOF,641,1535.6000000000001,77,0.8685636856368564,48,6.079945799457994,12.159891598915989,Low,Low,Healthy
21549,CERAMIC BIRDHOUSE RED ROOF SMALL,539,1222.8500000000001,44,0.7303523035230353,233,5.112466124661247,10.224932249322494,Low,High,Markdown
21550,CERAMIC BIRDHOUSE CRESTED TIT LARGE,285,1437.75,56,0.3861788617886179,286,2.703252032520325,5.40650406504065,Low,High,Markdown
21551,CERAMIC BIRDHOUSE BUTTERFLY LARGE,165,772.95,19,0.22357723577235772,276,1.565040650406504,3.130081300813008,Low,High,Markdown
21552,CERAMIC BIRDHOUSE BLACK ROSE  LARGE,162,805.6500000000001,32,0.21951219512195122,120,1.5365853658536586,3.073170731707317,Low,High,Markdown
21553,CERAMIC BIRDHOUSE FINCH BLUE  LARGE,75,393.6,27,0.1016260162601626,129,0.7113821138211383,1.4227642276422765,Low,High,Markdown
21554,CERAMIC BIRDHOUSE RED ROOF LARGE,163,729.85,19,0.22086720867208673,201,1.5460704607046072,3.0921409214092144,Low,High,Markdown
21555,CERAMIC STRAWBERRY TRINKET TRAY,316,784.2,51,0.4281842818428184,20,2.997289972899729,5.994579945799458,Low,Low,Healthy
21556,CERAMIC STRAWBERRY MONEY BOX,1370,3281.1,174,1.8563685636856369,74,12.994579945799458,25.989159891598916,Low,Low,Healthy
21557,SET OF 6 FUNKY BEAKERS,609,1758.39,133,0.8252032520325203,168,5.776422764227642,11.552845528455284,Low,High,Markdown
21558,SKULL LUNCHBOX WITH CUTLERY ,3880,9236.1,532,5.257452574525745,156,36.80216802168022,73.60433604336043,Low,Low,Healthy
21559,STRAWBERRY LUNCHBOX WITH CUTLERY,7820,18469.04,951,10.59620596205962,221,74.17344173441734,148.34688346883468,Low,Low,Healthy
21561,DINOSAUR LUNCHBOX WITH CUTLERY,2864,6821.7300000000005,441,3.8807588075880757,136,27.16531165311653,54.33062330623306,Low,Low,Healthy
21562,HAWAIIAN GRASS SKIRT ,664,926.71,63,0.8997289972899729,173,6.29810298102981,12.59620596205962,Low,High,Markdown
21563,RED HEART SHAPE LOVE BUCKET ,2701,6408.870000000001,302,3.6598915989159893,82,25.619241192411923,51.23848238482385,Low,Low,Healthy
21564,PINK  HEART SHAPE LOVE BUCKET ,1897,4237.47,254,2.5704607046070462,263,17.993224932249323,35.986449864498645,Low,High,Markdown
21576,LETS GO SHOPPING COTTON TOTE BAG,601,1333.67,144,0.8143631436314364,44,5.700542005420054,11.401084010840108,Low,Low,Healthy
21577,SAVE THE PLANET COTTON TOTE BAG,2210,4648.5,330,2.994579945799458,109,20.962059620596207,41.924119241192415,Low,Low,Healthy
21578,WOODLAND DESIGN  COTTON TOTE BAG,1908,4275.0,276,2.5853658536585367,94,18.097560975609756,36.19512195121951,Low,Low,Healthy
21579,LOLITA  DESIGN  COTTON TOTE BAG,959,1340.15,91,1.2994579945799458,229,9.09620596205962,18.19241192411924,Low,High,Markdown
21580,RABBIT  DESIGN  COTTON TOTE BAG,361,794.25,89,0.489159891598916,36,3.424119241192412,6.848238482384824,Low,High,Markdown
21581,SKULLS  DESIGN  COTTON TOTE BAG,1027,1484.1499999999999,128,1.39159891598916,147,9.74119241192412,19.48238482384824,Low,High,Markdown
21582,KINGS CHOICE SMALL TUBE MATCHES,117,193.04999999999998,16,0.15853658536585366,270,1.1097560975609757,2.2195121951219514,Low,High,Markdown
21584,RETRO SPOT SMALL TUBE MATCHES,3762,6058.5,347,5.097560975609756,198,35.6829268292683,71.3658536585366,Low,Low,Healthy
21585,SWALLOW SMALL TUBE MATCHES,1,1.65,1,0.0013550135501355014,201,0.009485094850948509,0.018970189701897018,Low,High,Markdown
21586,KINGS CHOICE GIANT TUBE MATCHES,2567,5977.950000000001,236,3.478319783197832,171,24.348238482384822,48.696476964769644,Low,Low,Healthy
21587,COSY HOUR GIANT TUBE MATCHES,2053,5127.15,255,2.7818428184281845,44,19.47289972899729,38.94579945799458,Low,Low,Healthy
21588,RETRO SPOT GIANT  TUBE MATCHES,3351,7748.55,284,4.540650406504065,199,31.78455284552846,63.56910569105692,Low,Low,Healthy
21589,SWALLOW GIANT TUBE MATCHES,1115,2573.25,86,1.510840108401084,217,10.575880758807589,21.151761517615178,Low,High,Markdown
21590,KINGS CHOICE CIGAR BOX MATCHES ,3438,4128.78,280,4.658536585365853,180,32.609756097560975,65.21951219512195,Low,Low,Healthy
21591,COSY HOUR CIGAR BOX MATCHES ,3325,4124.33,356,4.505420054200542,196,31.537940379403793,63.075880758807585,Low,Low,Healthy
21592,RETRO SPOT  CIGAR BOX MATCHES ,5861,6533.71,466,7.941734417344174,82,55.59214092140922,111.18428184281844,High,Low,Reorder
21593,SWALLOW CIGAR BOX MATCHES ,1390,1628.06,93,1.8834688346883468,169,13.184281842818427,26.368563685636854,Low,High,Markdown
21609,SET 12 LAVENDER  BOTANICAL T-LIGHTS,1487,4127.450000000001,207,2.0149051490514904,173,14.104336043360433,28.208672086720867,Low,High,Markdown
21610,SET 12 PEAR BOTANICAL T-LIGHTS,529,1493.3500000000001,87,0.7168021680216802,175,5.017615176151761,10.035230352303522,Low,High,Markdown
21611,SET OF 12 LILY BOTANICAL T-LIGHTS,735,2110.65,134,0.9959349593495935,68,6.971544715447155,13.94308943089431,Low,High,Markdown
21612,SET 12 WILDFLOWER BOTANICAL T-LIGHT,676,1912.6000000000001,97,0.9159891598915989,103,6.411924119241192,12.823848238482384,Low,High,Markdown
21613,S/12 VANILLA  BOTANICAL T-LIGHTS,620,1802.6000000000001,135,0.8401084010840109,196,5.880758807588076,11.761517615176151,Low,High,Markdown
21614,SET OF 12 ROSE BOTANICAL T-LIGHTS,1607,4452.650000000001,178,2.1775067750677506,167,15.242547425474253,30.485094850948506,Low,High,Markdown
21615,4 LAVENDER BOTANICAL DINNER CANDLES,1116,2154.5,134,1.5121951219512195,137,10.585365853658537,21.170731707317074,Low,High,Markdown
21616,4 PEAR BOTANICAL DINNER CANDLES,1081,2241.25,155,1.4647696476964769,82,10.253387533875339,20.506775067750677,Low,Low,Healthy
21617,4 LILY  BOTANICAL DINNER CANDLES,778,1970.0,142,1.0542005420054201,208,7.379403794037941,14.758807588075882,Low,High,Markdown
21618,4 WILDFLOWER BOTANICAL CANDLES,594,1519.0,98,0.8048780487804879,68,5.634146341463415,11.26829268292683,Low,High,Markdown
21619,4 VANILLA BOTANICAL CANDLES,1052,1832.5,168,1.4254742547425474,276,9.978319783197833,19.956639566395665,Low,High,Markdown
21620,S/4 ROSE    BOTANICAL  CANDLE,999,1950.75,179,1.353658536585366,243,9.475609756097562,18.951219512195124,Low,High,Markdown
21621,VINTAGE UNION JACK BUNTING,6497,54432.62,1121,8.803523035230352,160,61.62466124661246,123.24932249322492,Low,Low,Healthy
21622,VINTAGE UNION JACK CUSHION COVER,3517,18495.47,550,4.765582655826559,234,33.35907859078591,66.71815718157183,Low,Low,Healthy
21623,VINTAGE UNION JACK MEMOBOARD,6125,44785.83,499,8.299457994579946,230,58.09620596205962,116.19241192411924,Low,Low,Healthy
21624,VINTAGE UNION JACK DOORSTOP,1710,9987.98,350,2.317073170731707,51,16.21951219512195,32.4390243902439,Low,Low,Healthy
21625,VINTAGE UNION JACK APRON,838,5630.64,245,1.1355013550135502,177,7.948509485094851,15.897018970189702,Low,High,Markdown
21626,VINTAGE UNION JACK PENNANT,1415,2759.25,159,1.9173441734417345,163,13.421409214092142,26.842818428184284,Low,High,Markdown
21627,ELEPHANT CARNIVAL POUFFE,130,1837.8999999999999,54,0.17615176151761516,38,1.2330623306233062,2.4661246612466123,Low,High,Markdown
21628,TRIANGULAR POUFFE VINTAGE ,106,1494.5,40,0.14363143631436315,37,1.005420054200542,2.010840108401084,Low,High,Markdown
21629,SQUARE FLOOR CUSHION VINTAGE PINK ,101,792.95,49,0.13685636856368563,276,0.9579945799457994,1.9159891598915988,Low,High,Markdown
21630,FLOOR CUSHION ELEPHANT CARNIVAL,104,908.8,47,0.14092140921409213,97,0.9864498644986449,1.9728997289972898,Low,High,Markdown
21631,HIPPY CHIC DECORATIVE PARASOL,206,1412.1000000000001,42,0.2791327913279133,194,1.953929539295393,3.907859078590786,Low,High,Markdown
21632,VINTAGE PINK DECORATIVE PARASOL,102,772.5,32,0.13821138211382114,213,0.967479674796748,1.934959349593496,Low,High,Markdown
21633,SUNFLOWER DECORATIVE PARASOL,127,1038.45,34,0.17208672086720866,132,1.2046070460704605,2.409214092140921,Low,High,Markdown
21634,ASSORTED MINI MADRAS NOTEBOOK,1718,1425.1,49,2.3279132791327912,133,16.29539295392954,32.59078590785908,Low,Low,Healthy
21635,MADRAS NOTEBOOK LARGE ,395,836.25,39,0.535230352303523,241,3.746612466124661,7.493224932249322,Low,High,Markdown
21636,MADRAS NOTEBOOK MEDIUM,1003,934.05,88,1.3590785907859078,185,9.513550135501355,19.02710027100271,Low,High,Markdown
21637,ASSORTED SANSKRIT MINI NOTEBOOK,1274,1537.78,45,1.7262872628726287,151,12.084010840108402,24.168021680216803,Low,High,Markdown
21638,ASSORTED TUTTI FRUTTI NOTEBOOK,982,2062.2000000000003,118,1.3306233062330624,283,9.314363143631436,18.62872628726287,Low,High,Markdown
21639,ASSORTED TUTTI FRUTTI KEYRING,249,211.64999999999998,13,0.33739837398373984,74,2.361788617886179,4.723577235772358,Low,High,Markdown
21640,ASSORTED TUTTI FRUTTI  FOB NOTEBOOK,2002,1689.2199999999998,135,2.7127371273712737,150,18.989159891598916,37.97831978319783,Low,Low,Healthy
21641,ASSORTED TUTTI FRUTTI KEYRING BALL,1541,741.1299999999999,48,2.0880758807588076,285,14.616531165311653,29.233062330623305,Low,High,Markdown
21642,ASSORTED TUTTI FRUTTI PEN,4217,2270.85,184,5.71409214092141,181,39.99864498644987,79.99728997289974,Low,Low,Healthy
21643,ASSORTED TUTTI FRUTTI MIRROR,1320,1627.2,103,1.7886178861788617,106,12.520325203252032,25.040650406504064,Low,Low,Healthy
21644,ASSORTED TUTTI FRUTTI HEART BOX,1006,1257.5,116,1.3631436314363143,74,9.5420054200542,19.0840108401084,Low,Low,Healthy
21645,ASSORTED TUTTI FRUTTI ROUND BOX,939,1549.35,114,1.2723577235772359,197,8.90650406504065,17.8130081300813,Low,High,Markdown
21647,ASSORTED TUTTI FRUTTI LARGE PURSE,788,1654.8000000000002,109,1.067750677506775,27,7.4742547425474255,14.948509485094851,Low,Low,Healthy
21648,ASSORTED TUTTI FRUTTI SMALL PURSE,2612,3141.88,120,3.5392953929539295,266,24.775067750677508,49.550135501355015,Low,High,Markdown
21649,ASSORTED TUTTI FRUTTI PHOTO FRAME,413,1120.75,23,0.559620596205962,274,3.9173441734417342,7.8346883468834685,Low,High,Markdown
21650,ASSORTED TUTTI FRUTTI BRACELET,2791,826.99,101,3.7818428184281845,73,26.47289972899729,52.94579945799458,Low,Low,Healthy
21651,HANGING GLASS ETCHED TEALIGHT,1301,2060.25,107,1.7628726287262872,268,12.340108401084011,24.680216802168022,Low,High,Markdown
21652,GLASS ETCHED T-LIGHT HOLDER MEDIUM,867,1625.85,72,1.1747967479674797,258,8.223577235772357,16.447154471544714,Low,High,Markdown
21653,GLASS ETCHED T-LIGHT HOLDER LARGE,1203,2397.3,100,1.6300813008130082,248,11.410569105691057,22.821138211382113,Low,High,Markdown
21654,RIDGED GLASS FINGER BOWL,1129,696.2099999999999,62,1.529810298102981,86,10.708672086720867,21.417344173441734,Low,Low,Healthy
21655,HANGING RIDGE GLASS T-LIGHT HOLDER,1302,2024.7,70,1.7642276422764227,70,12.34959349593496,24.69918699186992,Low,Low,Healthy
21656,RIDGED GLASS POSY VASE ,821,1132.85,83,1.1124661246612466,116,7.787262872628727,15.574525745257453,Low,High,Markdown
21657,MILK BOTTLE WITH GLASS STOPPER ,226,1534.7,92,0.3062330623306233,111,2.1436314363143634,4.287262872628727,Low,High,Markdown
21658,GLASS  BEURRE DISH,2007,7590.450000000001,345,2.7195121951219514,283,19.03658536585366,38.07317073170732,Low,High,Markdown
21659,GLASS CAKE STAND,110,1591.7,56,0.14905149051490515,115,1.043360433604336,2.086720867208672,Low,High,Markdown
21661,VINTAGE GLASS TEA CADDY,219,1279.0500000000002,78,0.2967479674796748,107,2.0772357723577235,4.154471544715447,Low,High,Markdown
21662,VINTAGE GLASS COFFEE CADDY,238,1380.1000000000001,78,0.3224932249322493,97,2.257452574525745,4.51490514905149,Low,High,Markdown
21663,VINTAGE GLASS SUGAR CADDY,69,404.55,25,0.09349593495934959,139,0.6544715447154471,1.3089430894308942,Low,High,Markdown
21664,RIDGED GLASS STORAGE JAR CREAM LID,227,825.3299999999999,54,0.3075880758807588,184,2.1531165311653115,4.306233062330623,Low,High,Markdown
21665,TRIANGULAR RIDGED GLASS POSY HOLDER,766,475.1,40,1.037940379403794,201,7.265582655826558,14.531165311653115,Low,High,Markdown
21666, RIDGED GLASS T-LIGHT HOLDER,1678,1011.5000000000001,68,2.2737127371273713,242,15.915989159891598,31.831978319783197,Low,High,Markdown
21667,GLASS CAKE COVER AND PLATE,329,5272.549999999999,141,0.44579945799457993,26,3.1205962059620593,6.241192411924119,Low,Low,Healthy
21668,RED STRIPE CERAMIC DRAWER KNOB,9391,11446.75,614,12.724932249322492,282,89.07452574525745,178.1490514905149,Low,Low,Healthy
21669,BLUE STRIPE CERAMIC DRAWER KNOB,9897,12115.21,639,13.410569105691057,180,93.8739837398374,187.7479674796748,High,Low,Reorder
21670,BLUE SPOT CERAMIC DRAWER KNOB,8061,9894.93,580,10.922764227642276,170,76.45934959349593,152.91869918699186,Low,Low,Healthy
21671,RED SPOT CERAMIC DRAWER KNOB,8931,10762.47,568,12.101626016260163,104,84.71138211382114,169.4227642276423,High,Low,Reorder
21672,WHITE SPOT RED CERAMIC DRAWER KNOB,10290,12354.22,625,13.94308943089431,166,97.60162601626017,195.20325203252034,High,Low,Reorder
21673,WHITE SPOT BLUE CERAMIC DRAWER KNOB,9171,11022.43,563,12.426829268292684,131,86.98780487804879,173.97560975609758,High,Low,Reorder
21674,RIDGED GLASS PENDANT LAMPSHADE,43,680.8499999999999,9,0.058265582655826556,55,0.4078590785907859,0.8157181571815718,Low,High,Markdown
21675,BUTTERFLIES STICKERS,1571,1336.9099999999999,160,2.1287262872628725,207,14.901084010840108,29.802168021680217,Low,High,Markdown
21676,FLOWERS  STICKERS,1102,787.3599999999999,98,1.4932249322493225,101,10.452574525745257,20.905149051490515,Low,High,Markdown
21677,HEARTS  STICKERS,1973,1677.83,197,2.6734417344173442,21,18.71409214092141,37.42818428184282,High,Low,Reorder
21678,PAISLEY PATTERN  STICKERS,515,358.78999999999996,46,0.6978319783197832,216,4.884823848238482,9.769647696476964,Low,High,Markdown
21679,SKULLS  STICKERS,4691,3756.47,268,6.356368563685637,30,44.49457994579946,88.98915989159892,High,Low,Reorder
21680,WOODLAND  STICKERS,2652,2179.3199999999997,149,3.5934959349593494,253,25.154471544715445,50.30894308943089,Low,High,Markdown
21681,GIANT MEDINA STAMPED METAL BOWL ,228,2164.2,74,0.3089430894308943,214,2.16260162601626,4.32520325203252,Low,High,Markdown
21682,LARGE MEDINA STAMPED METAL BOWL ,548,2667.21,141,0.7425474254742548,138,5.197831978319783,10.395663956639567,Low,High,Markdown
21683,MEDIUM MEDINA STAMPED METAL BOWL ,910,2607.7000000000003,132,1.2330623306233062,39,8.631436314363143,17.262872628726285,Low,Low,Healthy
21684,SMALL MEDINA STAMPED METAL BOWL ,1656,1258.01,88,2.2439024390243905,280,15.707317073170733,31.414634146341466,Low,High,Markdown
21685,MEDINA STAMPED METAL TRAY ,3,44.849999999999994,2,0.0040650406504065045,275,0.02845528455284553,0.05691056910569106,Low,High,Markdown
21686,MEDINA STAMPED METAL STOOL,61,2296.9500000000003,29,0.08265582655826559,241,0.5785907859078592,1.1571815718157183,Low,High,Markdown
21687,SILVER PLATE CANDLE BOWL LARGE,446,1619.58,78,0.6043360433604336,245,4.230352303523035,8.46070460704607,Low,High,Markdown
21688,SILVER PLATE CANDLE BOWL SMALL,850,2507.5000000000005,108,1.151761517615176,72,8.062330623306233,16.124661246612465,Low,High,Markdown
21689,SILVER VANILLA  FLOWER CANDLE POT,337,1226.31,55,0.45663956639566394,299,3.196476964769648,6.392953929539296,Low,High,Markdown
21690,SILVER  CANDLEPOT JARDIN ,248,929.2,75,0.33604336043360433,100,2.3523035230352303,4.7046070460704605,Low,High,Markdown
21691,SILVER VANILLA FLOWER CANDLE POT,240,898.56,66,0.3252032520325203,221,2.2764227642276422,4.5528455284552845,Low,High,Markdown
21692,SILVER LATTICE VANILLA CANDLE POT,493,1830.03,104,0.6680216802168022,177,4.676151761517615,9.35230352303523,Low,High,Markdown
21693,SMALL HAMMERED SILVER CANDLEPOT ,810,2387.1000000000004,99,1.0975609756097562,139,7.682926829268293,15.365853658536587,Low,High,Markdown
21694,SMALL REGAL  SILVER CANDLEPOT ,540,1516.2000000000003,61,0.7317073170731707,78,5.121951219512195,10.24390243902439,Low,High,Markdown
21695,SMALL SILVER FLOWER CANDLE POT,572,1677.8000000000002,75,0.7750677506775068,234,5.425474254742547,10.850948509485095,Low,High,Markdown
21696,SMALL SILVER TRELLIS CANDLEPOT,734,2165.3,95,0.994579945799458,147,6.9620596205962055,13.924119241192411,Low,High,Markdown
21697,SET 5 MINI DOUGHNUT FRIDGE MAGNET ,372,295.08000000000004,7,0.5040650406504065,243,3.5284552845528454,7.056910569105691,Low,High,Markdown
21698,MOCK LOBSTER FRIDGE MAGNET,450,268.34,48,0.6097560975609756,228,4.2682926829268295,8.536585365853659,Low,High,Markdown
21699,SET 5 MINI CHOCOLATE FRIDGE MAGNETS,108,82.44,3,0.14634146341463414,134,1.024390243902439,2.048780487804878,Low,High,Markdown
21700,BIG DOUGHNUT FRIDGE MAGNETS,5727,4786.83,325,7.760162601626016,228,54.32113821138211,108.64227642276423,Low,Low,Healthy
21702,SET 5 MINI GATEAUX  FRIDGE MAGNETS,2636,918.6800000000001,8,3.5718157181571817,33,25.00271002710027,50.00542005420054,High,Low,Reorder
21703,BAG 125g SWIRLY MARBLES,14289,5416.09,452,19.36178861788618,28,135.53252032520325,271.0650406504065,High,Low,Reorder
21704,BAG 250g SWIRLY MARBLES,16824,12750.539999999999,464,22.796747967479675,59,159.5772357723577,319.1544715447154,High,Low,Reorder
21705,BAG 500g SWIRLY MARBLES,2401,2883.21,183,3.2533875338753386,256,22.77371273712737,45.54742547425474,Low,High,Markdown
21706,"FOLDING UMBRELLA , RED/WHITE SPOT",1210,4334.53,184,1.6395663956639566,220,11.476964769647696,22.95392953929539,Low,High,Markdown
21707,"FOLDING UMBRELLA , BLACK/BLUE  SPOT",952,3933.62,132,1.2899728997289972,265,9.02981029810298,18.05962059620596,Low,High,Markdown
21708,FOLDING UMBRELLA  CREAM/MULTI  SPOT,550,2068.9,89,0.7452574525745257,297,5.21680216802168,10.43360433604336,Low,High,Markdown
21709,FOLDING UMBRELLA  CHOC/WHITE  SPOT,640,2597.41,79,0.8672086720867209,254,6.070460704607046,12.140921409214092,Low,High,Markdown
21710,FOLDING UMBRELLA  PINK/WHITE  SPOT,694,2063.91,87,0.940379403794038,23,6.582655826558265,13.16531165311653,Low,Low,Healthy
21711,FOLDING UMBRELLA  WHITE/RED  SPOT,359,1411.45,54,0.48644986449864497,173,3.4051490514905147,6.8102981029810294,Low,High,Markdown
21713,CITRONELLA CANDLE FLOWERPOT,2565,4472.25,325,3.475609756097561,48,24.329268292682926,48.65853658536585,High,Low,Reorder
21714,CITRONELLA CANDLE GARDEN POT,3357,3707.37,322,4.548780487804878,128,31.84146341463415,63.6829268292683,Low,Low,Healthy
21715,GIRLS VINTAGE TIN SEASIDE BUCKET,3229,7566.87,317,4.375338753387534,117,30.627371273712736,61.25474254742547,Low,Low,Healthy
21716,BOYS VINTAGE TIN SEASIDE BUCKET,3336,7744.58,306,4.520325203252033,234,31.64227642276423,63.28455284552846,Low,Low,Healthy
21717,EASTER TIN BUCKET,1405,3355.95,143,1.9037940379403795,94,13.326558265582657,26.653116531165313,Low,Low,Healthy
21718,RED METAL BEACH SPADE ,3691,4412.57,308,5.0013550135501355,165,35.009485094850945,70.01897018970189,Low,Low,Healthy
21719,LOVELY BONBON STICKER SHEET,824,698.8399999999999,92,1.1165311653116532,147,7.815718157181572,15.631436314363144,Low,High,Markdown
21720,CAKE SHOP  STICKER SHEET,1023,854.99,87,1.386178861788618,61,9.703252032520325,19.40650406504065,Low,Low,Healthy
21721,CANDY SHOP  STICKER SHEET,1005,851.13,89,1.3617886178861789,60,9.532520325203253,19.065040650406505,Low,Low,Healthy
21722,SWEET PUDDING STICKER SHEET,282,239.7,40,0.3821138211382114,53,2.6747967479674797,5.349593495934959,Low,High,Markdown
21723,ALPHABET HEARTS STICKER SHEET,807,685.9499999999999,93,1.0934959349593496,36,7.654471544715447,15.308943089430894,Low,Low,Healthy
21724,PANDA AND BUNNIES STICKER SHEET,916,778.5999999999999,126,1.2411924119241193,184,8.688346883468835,17.37669376693767,Low,High,Markdown
21725,SWEETIES  STICKERS,1047,889.9499999999999,109,1.41869918699187,172,9.93089430894309,19.86178861788618,Low,High,Markdown
21726,MULTI HEARTS  STICKERS,1038,869.3,127,1.4065040650406504,95,9.845528455284553,19.691056910569106,Low,High,Markdown
21728,METAL MEDINA LANTERN ,294,2670.6,36,0.3983739837398374,106,2.7886178861788617,5.5772357723577235,Low,High,Markdown
21729,SMALL MARAKESH METAL  LANTERN ,114,354.5,23,0.15447154471544716,136,1.08130081300813,2.16260162601626,Low,High,Markdown
21730,GLASS STAR FROSTED T-LIGHT HOLDER,1047,4952.09,259,1.41869918699187,46,9.93089430894309,19.86178861788618,Low,Low,Healthy
21731,RED TOADSTOOL LED NIGHT LIGHT,27102,41824.26,1043,36.72357723577236,153,257.0650406504065,514.130081300813,High,Low,Reorder
21732,RED HANGING METAL STAR TLIGHT HLDR,923,3199.17,56,1.2506775067750677,238,8.754742547425474,17.509485094850948,Low,High,Markdown
21733,RED HANGING HEART T-LIGHT HOLDER,17228,48850.6,1631,23.344173441734416,187,163.4092140921409,326.8184281842818,High,Low,Reorder
21734,SMALL MARAKESH LANTERN ON STICK,55,206.25,14,0.07452574525745258,117,0.521680216802168,1.043360433604336,Low,High,Markdown
21735,TWO DOOR CURIO CABINET,765,8960.1,202,1.0365853658536586,287,7.2560975609756095,14.512195121951219,Low,High,Markdown
21736,GOLD SCROLL GLASS T-LIGHT HOLDER,178,343.02,22,0.24119241192411925,256,1.6883468834688347,3.3766937669376693,Low,High,Markdown
21737,SET 3 WICKER LOG BASKETS,397,7320.15,163,0.537940379403794,192,3.765582655826558,7.531165311653116,Low,High,Markdown
21738,COSY SLIPPER SHOES SMALL  RED ,386,1119.5,103,0.5230352303523035,209,3.6612466124661243,7.3224932249322485,Low,High,Markdown
21739,COSY SLIPPER SHOES SMALL GREEN,364,1064.5900000000001,100,0.4932249322493225,141,3.4525745257452574,6.905149051490515,Low,High,Markdown
21740,COSY SLIPPER SHOES LARGE RED,164,483.80000000000007,48,0.2222222222222222,65,1.5555555555555554,3.1111111111111107,Low,High,Markdown
21741,COSY SLIPPER SHOES LARGE GREEN,618,1803.9000000000003,132,0.8373983739837398,83,5.861788617886178,11.723577235772357,Low,High,Markdown
21742,LARGE ROUND WICKER PLATTER ,429,2552.55,189,0.5813008130081301,149,4.069105691056911,8.138211382113822,Low,High,Markdown
21743,STAR PORTABLE TABLE LIGHT ,1229,3433.55,139,1.665311653116531,212,11.657181571815718,23.314363143631436,Low,High,Markdown
21744,SNOWFLAKE PORTABLE TABLE LIGHT ,708,2134.0400000000004,154,0.959349593495935,200,6.715447154471545,13.43089430894309,Low,High,Markdown
21745,GAOLERS KEYS DECORATIVE GARDEN ,2670,8980.54,460,3.6178861788617884,48,25.32520325203252,50.65040650406504,High,Low,Reorder
21746,SMALL RED SPOT  WINDMILL,5638,6705.78,381,7.639566395663957,168,53.4769647696477,106.9539295392954,Low,Low,Healthy
21747,SMALL SKULL WINDMILL,1983,2289.03,128,2.686991869918699,286,18.808943089430894,37.61788617886179,Low,High,Markdown
21749,LARGE RED SPOT WINDMILL,5454,10331.4,215,7.390243902439025,30,51.73170731707317,103.46341463414635,High,Low,Reorder
21750, LARGE SKULL WINDMILL,292,601.2,51,0.3956639566395664,183,2.7696476964769645,5.539295392953929,Low,High,Markdown
21752,GLASS CAKE STAND MIRRORED BASE,68,972.6,30,0.0921409214092141,132,0.6449864498644986,1.2899728997289972,Low,High,Markdown
21754,HOME BUILDING BLOCK WORD,7231,42453.11,1831,9.79810298102981,206,68.58672086720867,137.17344173441734,Low,Low,Healthy
21755,LOVE BUILDING BLOCK WORD,5367,31590.41,1485,7.272357723577236,251,50.90650406504065,101.8130081300813,Low,Low,Healthy
21756,BATH BUILDING BLOCK WORD,1543,9164.78,519,2.0907859078590785,246,14.635501355013549,29.271002710027098,Low,High,Markdown
21757,LIGHTHOUSE PRINTED METAL SIGN,69,341.55,31,0.09349593495934959,117,0.6544715447154471,1.3089430894308942,Low,High,Markdown
21758,VINTAGE SHELLS PRINT,101,647.45,45,0.13685636856368563,74,0.9579945799457994,1.9159891598915988,Low,High,Markdown
21759,METAL WALL SHELF UNIT WITH HOOKS,27,968.08,11,0.036585365853658534,130,0.25609756097560976,0.5121951219512195,Low,High,Markdown
21760,FRENCH STYLE WALL DRESSER,15,1740.0,12,0.02032520325203252,171,0.14227642276422764,0.2845528455284553,Low,High,Markdown
21761,WOOD AND GLASS MEDICINE CABINET,65,1814.75,24,0.08807588075880758,265,0.6165311653116531,1.2330623306233062,Low,High,Markdown
21763,VINTAGE WOODEN BAR STOOL,43,1157.8999999999999,17,0.058265582655826556,88,0.4078590785907859,0.8157181571815718,Low,High,Markdown
21764,VINTAGE WOODEN PLATE RACK,17,659.1500000000001,11,0.023035230352303523,269,0.16124661246612465,0.3224932249322493,Low,High,Markdown
21765,HANGING METAL BIRD BATH,338,2613.9,119,0.45799457994579945,55,3.205962059620596,6.411924119241192,Low,High,Markdown
21767,FRENCH STYLE WIRE DOOR CABINET ,1,29.95,1,0.0013550135501355014,258,0.009485094850948509,0.018970189701897018,Low,High,Markdown
21768,WALL MOUNTED VINTAGE ORGANISER,447,5339.79,123,0.6056910569105691,167,4.239837398373984,8.479674796747968,Low,High,Markdown
21769,VINTAGE POST OFFICE CABINET,123,7954.87,48,0.16666666666666666,246,1.1666666666666665,2.333333333333333,Low,High,Markdown
21770,OPEN CLOSED METAL SIGN,2896,13926.810000000001,580,3.924119241192412,263,27.468834688346885,54.93766937669377,Low,High,Markdown
21772,VINTAGE METAL CAKE STAND CREAM ,1,12.75,1,0.0013550135501355014,220,0.009485094850948509,0.018970189701897018,Low,High,Markdown
21773,DECORATIVE ROSE BATHROOM BOTTLE,1264,1118.96,106,1.7127371273712737,173,11.989159891598916,23.978319783197833,Low,High,Markdown
21774,DECORATIVE CATS BATHROOM BOTTLE,1261,1159.01,108,1.7086720867208671,92,11.96070460704607,23.92140921409214,Low,Low,Healthy
21775,DECORATIVE FLORE BATHROOM BOTTLE,511,598.91,79,0.6924119241192412,220,4.8468834688346885,9.693766937669377,Low,High,Markdown
21777,RECIPE BOX WITH METAL HEART,1057,8046.150000000001,312,1.432249322493225,36,10.025745257452574,20.051490514905147,Low,Low,Healthy
21779,MA CAMPAGNE MINI WOODEN CHEST,301,1097.8000000000002,22,0.4078590785907859,148,2.855013550135501,5.710027100271002,Low,High,Markdown
21780,MA CAMPAGNE 4 DRAWER WALL SHELF,125,835.55,17,0.16937669376693767,236,1.1856368563685638,2.3712737127371275,Low,High,Markdown
21781,MA CAMPAGNE CUTLERY BOX,595,8609.25,314,0.8062330623306233,80,5.643631436314363,11.287262872628727,Low,High,Markdown
21784,SHOE SHINE BOX ,231,2275.25,135,0.3130081300813008,123,2.1910569105691056,4.382113821138211,Low,High,Markdown
21785,RAIN PONCHO ,1972,1465.1999999999998,78,2.6720867208672088,61,18.70460704607046,37.40921409214092,Low,Low,Healthy
21786,RAIN HAT WITH RED SPOTS,6866,2552.29,216,9.303523035230352,44,65.12466124661246,130.24932249322492,High,Low,Reorder
21787,RAIN PONCHO WITH RED SPOTS,14718,11385.18,350,19.943089430894307,58,139.60162601626016,279.2032520325203,High,Low,Reorder
21788,KIDS RAIN MAC BLUE,3213,2559.0299999999997,174,4.353658536585366,150,30.475609756097562,60.951219512195124,Low,Low,Healthy
21789,KIDS RAIN MAC PINK,2754,2245.68,177,3.731707317073171,248,26.121951219512198,52.243902439024396,Low,High,Markdown
21790,VINTAGE SNAP CARDS,25120,19957.34,1480,34.03794037940379,127,238.26558265582656,476.5311653116531,High,Low,Reorder
21791,VINTAGE HEADS AND TAILS CARD GAME ,16199,19147.65,1050,21.949864498644985,191,153.6490514905149,307.2981029810298,High,Low,Reorder
21792,CLASSIC FRENCH STYLE BASKET GREEN ,478,2368.1,132,0.6476964769647696,121,4.533875338753387,9.067750677506774,Low,High,Markdown
21793,CLASSIC FRENCH STYLE BASKET BROWN,344,1564.44,93,0.46612466124661245,31,3.2628726287262872,6.5257452574525745,Low,High,Markdown
21794,CLASSIC FRENCH STYLE BASKET NATURAL,677,3226.87,152,0.9173441734417345,294,6.421409214092141,12.842818428184282,Low,High,Markdown
21795,SET OF 3 BLUE STRIPE BASKET,436,3632.9700000000003,76,0.5907859078590786,120,4.13550135501355,8.2710027100271,Low,High,Markdown
21796,SET OF 3 RED STRIPE BASKETS,323,2769.44,66,0.43766937669376693,63,3.0636856368563685,6.127371273712737,Low,High,Markdown
21801,CHRISTMAS TREE DECORATION WITH BELL,1860,781.1999999999999,80,2.5203252032520327,36,17.64227642276423,35.28455284552846,Low,Low,Healthy
21802,CHRISTMAS TREE HEART DECORATION,2388,1002.9599999999999,99,3.2357723577235773,76,22.650406504065042,45.300813008130085,Low,Low,Healthy
21803,CHRISTMAS TREE STAR DECORATION,2489,1045.3799999999999,101,3.372628726287263,31,23.60840108401084,47.21680216802168,High,Low,Reorder
21804,WHITE CHRISTMAS GARLAND STARS TREES,543,2025.45,106,0.7357723577235772,99,5.150406504065041,10.300813008130081,Low,High,Markdown
21805,WHITE CHRISTMAS TREE DECORATION ,2124,874.8,82,2.8780487804878048,235,20.146341463414632,40.292682926829265,Low,High,Markdown
21806,WHITE CHRISTMAS HEART DECORATION,2590,1079.1599999999999,104,3.5094850948509486,283,24.56639566395664,49.13279132791328,Low,High,Markdown
21807,WHITE CHRISTMAS STAR DECORATION,3000,1251.36,132,4.065040650406504,168,28.45528455284553,56.91056910569106,Low,Low,Healthy
21808,"CHRISTMAS GARLAND STARS,TREES",801,2008.75,79,1.0853658536585367,100,7.597560975609756,15.195121951219512,Low,High,Markdown
21809,CHRISTMAS HANGING TREE WITH BELL,2868,2202.69,148,3.886178861788618,234,27.203252032520325,54.40650406504065,Low,High,Markdown
21810,CHRISTMAS HANGING STAR WITH BELL,6281,3698.65,241,8.510840108401084,217,59.575880758807585,119.15176151761517,Low,Low,Healthy
21811,CHRISTMAS HANGING HEART WITH BELL,5759,3937.97,270,7.803523035230352,219,54.62466124661246,109.24932249322492,Low,Low,Healthy
21812,GARLAND WITH HEARTS AND BELLS,597,2913.15,124,0.8089430894308943,44,5.662601626016261,11.325203252032521,Low,Low,Healthy
21813,GARLAND WITH STARS AND BELLS,484,2345.4,87,0.6558265582655827,108,4.590785907859079,9.181571815718158,Low,High,Markdown
21814,HEART T-LIGHT HOLDER ,639,924.15,71,0.8658536585365854,287,6.060975609756097,12.121951219512194,Low,High,Markdown
21815, STAR  T-LIGHT HOLDER ,612,884.9999999999999,64,0.8292682926829268,162,5.804878048780488,11.609756097560975,Low,High,Markdown
21816,CHRISTMAS TREE T-LIGHT HOLDER,405,587.25,41,0.5487804878048781,78,3.8414634146341466,7.682926829268293,Low,High,Markdown
21817,GLITTER CHRISTMAS TREE,1671,1058.79,121,2.2642276422764227,45,15.84959349593496,31.69918699186992,Low,Low,Healthy
21818,GLITTER CHRISTMAS HEART ,4104,2457.12,261,5.560975609756097,66,38.92682926829268,77.85365853658536,High,Low,Reorder
21819,GLITTER CHRISTMAS STAR ,3780,2173.7599999999998,231,5.121951219512195,285,35.853658536585364,71.70731707317073,Low,Low,Healthy
21820,GLITTER HEART GARLAND WITH BELLS ,740,2724.71,134,1.002710027100271,35,7.018970189701896,14.037940379403793,Low,Low,Healthy
21821,GLITTER STAR GARLAND WITH BELLS ,651,2408.85,107,0.8821138211382114,218,6.17479674796748,12.34959349593496,Low,High,Markdown
21822,GLITTER CHRISTMAS TREE WITH BELLS,868,1102.9,97,1.1761517615176151,105,8.233062330623305,16.46612466124661,Low,High,Markdown
21823,PAINTED METAL HEART WITH HOLLY BELL,2268,2224.24,166,3.073170731707317,269,21.51219512195122,43.02439024390244,Low,High,Markdown
21824,PAINTED METAL STAR WITH HOLLY BELLS,2304,1918.1599999999999,159,3.1219512195121952,289,21.853658536585368,43.707317073170735,Low,High,Markdown
21825,PAINTED METAL TREE WITH HOLLY BELLS,722,1027.6999999999998,67,0.978319783197832,136,6.848238482384824,13.696476964769648,Low,High,Markdown
21826,EIGHT PIECE DINOSAUR SET,1691,2072.71,188,2.2913279132791327,26,16.039295392953928,32.078590785907856,High,Low,Reorder
21827,EIGHT PIECE CREEPY CRAWLIE SET,810,1007.94,119,1.0975609756097562,156,7.682926829268293,15.365853658536587,Low,High,Markdown
21828,EIGHT PIECE SNAKE  SET,1060,1283.96,146,1.4363143631436315,195,10.05420054200542,20.10840108401084,Low,High,Markdown
21829,DINOSAUR KEYRINGS ASSORTED,14192,2940.0299999999997,300,19.230352303523034,234,134.61246612466124,269.2249322493225,High,Low,Reorder
21830,ASSORTED CREEPY CRAWLIES,7387,3059.95,225,10.009485094850948,101,70.06639566395664,140.13279132791328,High,Low,Reorder
21832,CHOCOLATE CALCULATOR,2995,4833.23,281,4.058265582655826,242,28.407859078590782,56.815718157181564,Low,Low,Healthy
21833,CAMOUFLAGE LED TORCH,5931,9797.310000000001,337,8.036585365853659,122,56.25609756097561,112.51219512195122,Low,Low,Healthy
21836,GINGHAM OVEN GLOVE RED HEART ,225,843.75,80,0.3048780487804878,292,2.1341463414634148,4.2682926829268295,Low,High,Markdown
21837,CROSS STITCH ALPHABET CUSHION COVER,216,1285.2,70,0.2926829268292683,33,2.048780487804878,4.097560975609756,Low,High,Markdown
21838,DADDY MOUSE RED GINGHAM BOW TIE,1,5.45,1,0.0013550135501355014,178,0.009485094850948509,0.018970189701897018,Low,High,Markdown
21839,MUMMY MOUSE RED GINGHAM RIBBON,198,1058.1000000000001,81,0.2682926829268293,171,1.878048780487805,3.75609756097561,Low,High,Markdown
21841,BABY MOUSE RED GINGHAM DRESS,427,1785.25,123,0.5785907859078591,127,4.0501355013550135,8.100271002710027,Low,High,Markdown
21842,PINK HEART CANDY BUTTON CALCULATOR,541,1257.1499999999999,38,0.7330623306233063,207,5.131436314363144,10.262872628726289,Low,High,Markdown
21843,RETRO SPOT CAKE STAND,5729,57946.189999999995,1279,7.762872628726288,117,54.34010840108402,108.68021680216803,Low,Low,Healthy
21844,RETRO SPOT MUG,5183,14293.85,422,7.023035230352304,150,49.16124661246612,98.32249322493224,Low,Low,Healthy
21845,DAIRY MAID STRIPE MUG,2419,3176.05,144,3.2777777777777777,190,22.944444444444443,45.888888888888886,Low,Low,Healthy
21846,PINK DIAMANTE PEN IN GIFT BOX,944,1873.42,87,1.2791327913279134,202,8.953929539295393,17.907859078590786,Low,High,Markdown
21847,GREEN  DIAMANTE PEN IN GIFT BOX,252,448.2,22,0.34146341463414637,58,2.3902439024390247,4.7804878048780495,Low,High,Markdown
21849,SILVER DIAMANTE PEN IN GIFT BOX,460,1020.34,59,0.6233062330623306,34,4.363143631436314,8.726287262872628,Low,Low,Healthy
21850,BLUE  DIAMANTE PEN IN GIFT BOX,321,675.75,43,0.4349593495934959,23,3.0447154471544713,6.089430894308943,Low,Low,Healthy
21851,LILAC DIAMANTE PEN IN GIFT BOX,383,736.67,46,0.518970189701897,229,3.632791327913279,7.265582655826558,Low,High,Markdown
21852,EMPIRE TEDDY,1,6.95,1,0.0013550135501355014,180,0.009485094850948509,0.018970189701897018,Low,High,Markdown
21864,UNION JACK FLAG PASSPORT COVER ,1483,2947.02,259,2.0094850948509486,35,14.06639566395664,28.13279132791328,Low,Low,Healthy
21865,PINK UNION JACK  PASSPORT COVER ,765,1601.5800000000002,207,1.0365853658536586,127,7.2560975609756095,14.512195121951219,Low,High,Markdown
21866,UNION JACK FLAG LUGGAGE TAG,1659,2068.4,294,2.247967479674797,246,15.735772357723578,31.471544715447155,Low,High,Markdown
21867,PINK UNION JACK  LUGGAGE TAG,972,1214.21,200,1.3170731707317074,189,9.219512195121952,18.439024390243905,Low,High,Markdown
21868,POTTING SHED TEA MUG,8770,10353.86,719,11.883468834688347,53,83.18428184281844,166.36856368563687,High,Low,Reorder
21869,POTTING SHED COFFEE MUG,1245,1430.85,103,1.6869918699186992,270,11.808943089430894,23.617886178861788,Low,High,Markdown
21870,I CAN ONLY PLEASE ONE PERSON MUG,5925,7124.67,539,8.028455284552846,266,56.19918699186992,112.39837398373984,Low,Low,Healthy
21871,SAVE THE PLANET MUG,11099,12515.44,600,15.03929539295393,288,105.27506775067751,210.55013550135502,Low,Low,Healthy
21872,GLAMOROUS  MUG,5032,4993.0,285,6.818428184281843,160,47.7289972899729,95.4579945799458,Low,Low,Healthy
21873,IF YOU CAN'T STAND THE HEAT MUG,1943,2191.75,150,2.6327913279132793,293,18.429539295392956,36.85907859078591,Low,High,Markdown
21874,GIN AND TONIC MUG,6122,7509.76,455,8.29539295392954,115,58.06775067750678,116.13550135501356,High,Low,Reorder
21875,KINGS CHOICE MUG,6681,7450.17,326,9.052845528455284,246,63.36991869918699,126.73983739837398,Low,Low,Healthy
21876,POTTERING MUG,5303,6222.47,403,7.185636856368563,58,50.299457994579946,100.59891598915989,High,Low,Reorder
21877,HOME SWEET HOME MUG,13856,15399.56,650,18.775067750677508,48,131.42547425474254,262.8509485094851,High,Low,Reorder
21878,PACK OF 6 SANDCASTLE FLAGS ASSORTED,5383,4273.17,290,7.294037940379404,264,51.05826558265583,102.11653116531166,Low,Low,Healthy
21879,HEARTS GIFT TAPE,1366,522.38,93,1.8509485094850948,255,12.956639566395664,25.913279132791327,Low,High,Markdown
21880,RED AND WHITE SPOT TAPE,1982,1009.5400000000001,146,2.6856368563685638,204,18.799457994579946,37.59891598915989,Low,High,Markdown
21881,CUTE CATS TAPE,1183,450.75,65,1.602981029810298,291,11.220867208672086,22.441734417344172,Low,High,Markdown
21882,SKULLS TAPE,921,398.73,70,1.2479674796747968,255,8.735772357723578,17.471544715447155,Low,High,Markdown
21883,STARS GIFT TAPE ,2038,1015.3600000000001,165,2.761517615176152,258,19.33062330623306,38.66124661246612,Low,High,Markdown
21884,CAKES AND BOWS GIFT  TAPE,1232,457.36,68,1.6693766937669376,285,11.685636856368564,23.37127371273713,Low,High,Markdown
21888,BINGO SET,3219,11877.45,626,4.361788617886178,84,30.53252032520325,61.0650406504065,Low,Low,Healthy
21889,WOODEN BOX OF DOMINOES,11803,14430.66,869,15.993224932249323,196,111.95257452574526,223.90514905149053,High,Low,Reorder
21890,S/6 WOODEN SKITTLES IN COTTON BAG,3296,9347.16,411,4.466124661246613,22,31.26287262872629,62.52574525745258,High,Low,Reorder
21891,TRADITIONAL WOODEN SKIPPING ROPE,11721,14603.13,664,15.882113821138212,161,111.17479674796749,222.34959349593498,High,Low,Reorder
21892,TRADITIONAL WOODEN CATCH CUP GAME ,7273,8814.42,601,9.855013550135501,177,68.98509485094851,137.97018970189703,Low,Low,Healthy
21893,POTTING SHED SEED TIN,164,523.0,13,0.2222222222222222,165,1.5555555555555554,3.1111111111111107,Low,High,Markdown
21894,POTTING SHED SEED ENVELOPES,1144,1400.13,151,1.5501355013550135,172,10.850948509485095,21.70189701897019,Low,High,Markdown
21895,POTTING SHED SOW 'N' GROW SET,529,1540.25,70,0.7168021680216802,212,5.017615176151761,10.035230352303522,Low,High,Markdown
21896,POTTING SHED TWINE,2297,4618.08,226,3.1124661246612466,92,21.787262872628727,43.57452574525745,Low,Low,Healthy
21897,POTTING SHED CANDLE CITRONELLA,857,2588.27,100,1.1612466124661247,159,8.128726287262873,16.257452574525747,Low,High,Markdown
21898,POTTING SHED ROSE CANDLE,760,2349.88,88,1.029810298102981,206,7.208672086720868,14.417344173441736,Low,High,Markdown
21899,"KEY FOB , GARAGE DESIGN",6515,4090.93,523,8.827913279132792,80,61.79539295392954,123.59078590785909,High,Low,Reorder
21900,"KEY FOB , SHED",8033,5094.29,654,10.884823848238483,217,76.19376693766938,152.38753387533876,Low,Low,Healthy
21901,"KEY FOB , BACK DOOR ",6014,3833.42,575,8.149051490514905,30,57.043360433604335,114.08672086720867,High,Low,Reorder
21902,"KEY FOB , FRONT  DOOR ",5225,3244.59,408,7.079945799457994,81,49.55962059620596,99.11924119241192,High,Low,Reorder
21903,MAN FLU METAL SIGN,3342,6574.380000000001,346,4.528455284552845,245,31.69918699186992,63.39837398373984,Low,Low,Healthy
21904,HOUSE WRECKING METAL SIGN ,735,1152.0,130,0.9959349593495935,172,6.971544715447155,13.94308943089431,Low,High,Markdown
21905,MORE BUTTER METAL SIGN ,1520,1977.8500000000001,195,2.059620596205962,218,14.417344173441736,28.83468834688347,Low,High,Markdown
21906,PHARMACIE FIRST AID TIN,1642,11093.9,311,2.2249322493224932,71,15.574525745257453,31.149051490514907,Low,Low,Healthy
21907,I'M ON HOLIDAY METAL SIGN,4990,10306.150000000001,694,6.761517615176151,279,47.33062330623306,94.66124661246612,Low,Low,Healthy
21908,CHOCOLATE THIS WAY METAL SIGN,9396,18041.24,801,12.731707317073171,78,89.1219512195122,178.2439024390244,High,Low,Reorder
21910,WAY OUT METAL SIGN ,1034,1331.7,101,1.4010840108401084,91,9.807588075880759,19.615176151761517,Low,High,Markdown
21911,GARDEN METAL SIGN ,2374,3609.9,256,3.21680216802168,167,22.51761517615176,45.03523035230352,Low,Low,Healthy
21912,VINTAGE SNAKES & LADDERS,3387,12157.97,615,4.5894308943089435,82,32.1260162601626,64.2520325203252,Low,Low,Healthy
21913,VINTAGE SEASIDE JIGSAW PUZZLES,988,3590.02,204,1.3387533875338753,262,9.371273712737127,18.742547425474253,Low,High,Markdown
21914,BLUE HARMONICA IN BOX ,11830,14667.47,815,16.02981029810298,126,112.20867208672087,224.41734417344173,High,Low,Reorder
21915,RED  HARMONICA IN BOX ,35229,39870.65,884,47.735772357723576,245,334.150406504065,668.30081300813,High,Low,Reorder
21916,SET 12 RETRO WHITE CHALK STICKS,10417,4211.9800000000005,537,14.115176151761517,237,98.80623306233062,197.61246612466124,Low,Low,Healthy
21917,SET 12 KIDS  WHITE CHALK STICKS,7892,3226.38,381,10.693766937669377,260,74.85636856368563,149.71273712737127,Low,Low,Healthy
21918,SET 12 KIDS COLOUR  CHALK STICKS,14126,5681.2,585,19.14092140921409,278,133.98644986449864,267.9728997289973,Low,Low,Healthy
21922,UNION STRIPE WITH FRINGE  HAMMOCK,1280,9624.04,330,1.7344173441734418,281,12.140921409214092,24.281842818428185,Low,High,Markdown
21923,RED/CREAM STRIPE FRINGE HAMMOCK,325,2483.75,108,0.44037940379403795,24,3.0826558265582658,6.1653116531165315,Low,Low,Healthy
21924,BLUE/CREAM STRIPE FRINGE HAMMOCK,304,2307.8,112,0.41192411924119243,280,2.883468834688347,5.766937669376694,Low,High,Markdown
21925,UNION STRIPE CUSHION COVER ,1178,1449.7,154,1.5962059620596205,73,11.173441734417343,22.346883468834687,Low,Low,Healthy
21926,RED/CREAM STRIPE CUSHION COVER ,992,1224.8,136,1.3441734417344173,66,9.409214092140921,18.818428184281842,Low,Low,Healthy
21927,BLUE/CREAM STRIPE CUSHION COVER ,1195,1478.55,171,1.619241192411924,234,11.33468834688347,22.66937669376694,Low,High,Markdown
21928,JUMBO BAG SCANDINAVIAN PAISLEY,23112,41473.83,1172,31.317073170731707,196,219.21951219512195,438.4390243902439,High,Low,Reorder
21929,JUMBO BAG PINK VINTAGE PAISLEY,24108,43313.9,1228,32.666666666666664,28,228.66666666666666,457.3333333333333,High,Low,Reorder
21930,JUMBO STORAGE BAG SKULLS,12305,22795.28,997,16.673441734417345,118,116.71409214092142,233.42818428184285,High,Low,Reorder
21931,JUMBO STORAGE BAG SUKI,25970,47760.99,1714,35.18970189701897,39,246.3279132791328,492.6558265582656,High,Low,Reorder
21932,SCANDINAVIAN PAISLEY PICNIC BAG,3517,7260.76,494,4.765582655826559,260,33.35907859078591,66.71815718157183,Low,Low,Healthy
21933,PINK VINTAGE PAISLEY PICNIC BAG,3782,8034.86,469,5.124661246612466,80,35.87262872628726,71.74525745257452,Low,Low,Healthy
21934,SKULL SHOULDER BAG,3258,5155.7,345,4.414634146341464,197,30.902439024390247,61.804878048780495,Low,Low,Healthy
21935,SUKI  SHOULDER BAG,5021,7898.07,452,6.803523035230352,81,47.62466124661246,95.24932249322492,High,Low,Reorder
21936,RED/WHITE SPOT PICNIC BAG,7383,20437.41,783,10.004065040650406,164,70.02845528455285,140.0569105691057,Low,Low,Healthy
21937,STRAWBERRY   PICNIC BAG,3801,10572.95,499,5.150406504065041,235,36.052845528455286,72.10569105691057,Low,Low,Healthy
21942,SKULLS DESIGN FLANNEL,1322,691.2,64,1.7913279132791329,22,12.53929539295393,25.07859078590786,High,Low,Reorder
21943,CAKES AND RABBITS DESIGN FLANNEL ,387,304.83,41,0.524390243902439,179,3.6707317073170733,7.341463414634147,Low,High,Markdown
21944,KITTENS DESIGN FLANNEL,1538,811.0999999999999,75,2.084010840108401,246,14.588075880758808,29.176151761517616,Low,High,Markdown
21945,STRAWBERRIES  DESIGN FLANNEL ,1518,859.64,73,2.0569105691056913,288,14.39837398373984,28.79674796747968,Low,High,Markdown
21946,PARTY TIME DESIGN FLANNEL,579,307.81,30,0.7845528455284553,139,5.491869918699187,10.983739837398375,Low,High,Markdown
21947,SET OF 6 HEART CHOPSTICKS,1371,1708.17,169,1.8577235772357723,108,13.004065040650406,26.008130081300813,Low,Low,Healthy
21948,SET OF 6 CAKE CHOPSTICKS,1990,2298.31,114,2.696476964769648,87,18.875338753387535,37.75067750677507,Low,Low,Healthy
21949,SET OF 6 STRAWBERRY CHOPSTICKS,2343,2682.79,135,3.1747967479674797,117,22.223577235772357,44.447154471544714,Low,Low,Healthy
21950,SET OF 6 DOTS CHOPSTICKS,185,197.05,2,0.2506775067750677,286,1.754742547425474,3.509485094850948,Low,High,Markdown
21955,UNION JACK GUNS & ROSES  DOORMAT,3717,21078.23,576,5.036585365853658,124,35.256097560975604,70.51219512195121,Low,Low,Healthy
21967,PACK OF 12 SKULL TISSUES,15449,4246.29,371,20.93360433604336,142,146.53523035230353,293.07046070460706,High,Low,Reorder
21972,SET OF 36 DINOSAUR PAPER DOILIES,1000,1450.0,133,1.3550135501355014,48,9.48509485094851,18.97018970189702,Low,Low,Healthy
21973,SET OF 36 MUSHROOM PAPER DOILIES,1614,2253.9,161,2.186991869918699,156,15.308943089430894,30.617886178861788,Low,High,Markdown
21974,SET OF 36 PAISLEY FLOWER DOILIES,6652,9374.96,557,9.013550135501355,214,63.09485094850948,126.18970189701896,Low,Low,Healthy
21975,PACK OF 60 DINOSAUR CAKE CASES,30881,14818.01,1133,41.84417344173442,245,292.9092140921409,585.8184281842819,High,Low,Reorder
21976,PACK OF 60 MUSHROOM CAKE CASES,14053,7073.63,713,19.0420054200542,189,133.29403794037938,266.58807588075877,High,Low,Reorder
21977,PACK OF 60 PINK PAISLEY CAKE CASES,54592,26407.35,1578,73.97289972899729,28,517.810298102981,1035.620596205962,High,Low,Reorder
21980,PACK OF 12 RED SPOTTY TISSUES ,31066,8456.279999999999,569,42.09485094850948,59,294.6639566395664,589.3279132791328,High,Low,Reorder
21981,PACK OF 12 WOODLAND TISSUES ,25859,6855.19,386,35.03929539295393,44,245.27506775067752,490.55013550135504,High,Low,Reorder
21982,PACK OF 12 SUKI TISSUES ,31340,9774.279999999999,521,42.46612466124661,280,297.26287262872626,594.5257452574525,High,Low,Reorder
21983,PACK OF 12 BLUE PAISLEY TISSUES ,6000,1776.84,263,8.130081300813009,245,56.91056910569106,113.82113821138212,Low,Low,Healthy
21984,PACK OF 12 PINK PAISLEY TISSUES ,25150,6880.0,350,34.078590785907856,143,238.550135501355,477.10027100271,High,Low,Reorder
21985,PACK OF 12 HEARTS DESIGN TISSUES ,24766,8441.64,734,33.55826558265583,57,234.9078590785908,469.8157181571816,High,Low,Reorder
21986,PACK OF 12 PINK SPOT TISSUES ,13103,4469.15,376,17.754742547425476,270,124.28319783197833,248.56639566395665,Low,Low,Healthy
21987,PACK OF 6 SKULL PAPER CUPS,6320,3848.8,347,8.563685636856368,195,59.945799457994575,119.89159891598915,Low,Low,Healthy
21988,PACK OF 6 SKULL PAPER PLATES,7649,5544.05,350,10.36449864498645,109,72.55149051490514,145.10298102981028,High,Low,Reorder
21989,PACK OF 20 SKULL PAPER NAPKINS,8073,5973.09,468,10.939024390243903,56,76.57317073170732,153.14634146341464,High,Low,Reorder
21990,MODERN FLORAL STATIONERY SET,1786,2818.3,233,2.4200542005420056,195,16.94037940379404,33.88075880758808,Low,High,Markdown
21991,BOHEMIAN COLLAGE STATIONERY SET,874,1333.98,137,1.184281842818428,100,8.289972899728996,16.57994579945799,Low,High,Markdown
21992,VINTAGE PAISLEY STATIONERY SET,2064,3436.04,308,2.796747967479675,133,19.577235772357724,39.15447154471545,Low,Low,Healthy
21993,FLORAL FOLK STATIONERY SET,2051,3171.4,282,2.779132791327913,59,19.45392953929539,38.90785907859078,Low,Low,Healthy
22021,BLUE FELT EASTER EGG BASKET,1305,2106.45,208,1.7682926829268293,243,12.378048780487806,24.75609756097561,Low,High,Markdown
22023,EMPIRE BIRTHDAY CARD,4812,1939.47,311,6.520325203252033,134,45.642276422764226,91.28455284552845,Low,Low,Healthy
22024,RAINY LADIES BIRTHDAY CARD,5155,2069.53,292,6.985094850948509,205,48.89566395663957,97.79132791327913,Low,Low,Healthy
22025,RING OF ROSES BIRTHDAY CARD,3817,1523.22,203,5.172086720867209,75,36.204607046070464,72.40921409214093,Low,Low,Healthy
22026,BANQUET BIRTHDAY  CARD  ,3880,1592.88,261,5.257452574525745,59,36.80216802168022,73.60433604336043,High,Low,Reorder
22027,TEA PARTY BIRTHDAY CARD,10808,4395.65,636,14.644986449864499,59,102.51490514905149,205.02981029810297,High,Low,Reorder
22028,PENNY FARTHING BIRTHDAY CARD,6083,2474.29,365,8.242547425474255,256,57.69783197831978,115.39566395663957,Low,Low,Healthy
22029,SPACE BOY BIRTHDAY CARD,17003,6773.84,861,23.039295392953928,281,161.2750677506775,322.550135501355,High,Low,Reorder
22030,SWALLOWS GREETING CARD,12340,4948.05,601,16.720867208672086,235,117.0460704607046,234.0921409214092,Low,Low,Healthy
22031,BOTANICAL LAVENDER BIRTHDAY CARD,963,409.17,80,1.3048780487804879,166,9.134146341463415,18.26829268292683,Low,High,Markdown
22032,BOTANICAL LILY GREETING CARD,903,378.42,74,1.2235772357723578,187,8.565040650406505,17.13008130081301,Low,High,Markdown
22033,BOTANICAL ROSE GREETING CARD,1552,644.64,107,2.102981029810298,111,14.720867208672086,29.441734417344172,Low,Low,Healthy
22034,ROBIN CHRISTMAS CARD,1533,635.22,83,2.0772357723577235,78,14.540650406504064,29.081300813008127,Low,Low,Healthy
22035,VINTAGE CARAVAN GREETING CARD ,3930,1608.22,244,5.32520325203252,78,37.27642276422764,74.55284552845528,Low,Low,Healthy
22036,DINOSAUR BIRTHDAY CARD,1618,668.76,110,2.192411924119241,188,15.346883468834687,30.693766937669373,Low,High,Markdown
22037,ROBOT BIRTHDAY CARD,6751,2806.0,474,9.14769647696477,288,64.03387533875339,128.06775067750678,Low,Low,Healthy
22038,BOTANICAL LAVENDER GIFT WRAP ,1150,481.0,45,1.5582655826558265,64,10.907859078590786,21.81571815718157,Low,Low,Healthy
22039,BOTANICAL LILY GIFT WRAP,850,353.0,30,1.151761517615176,200,8.062330623306233,16.124661246612465,Low,High,Markdown
22040,BOTANICAL ROSE GIFT WRAP,2815,1144.3,94,3.8143631436314362,189,26.700542005420054,53.40108401084011,Low,Low,Healthy
22041,"RECORD FRAME 7"" SINGLE SIZE ",6845,15088.77,319,9.275067750677508,210,64.92547425474255,129.8509485094851,Low,Low,Healthy
22042,CHRISTMAS CARD SINGING ANGEL,1625,577.62,96,2.2018970189701896,174,15.413279132791327,30.826558265582655,Low,High,Markdown
22043,CHRISTMAS CARD SCREEN PRINT ,2112,583.08,92,2.861788617886179,207,20.03252032520325,40.0650406504065,Low,High,Markdown
22044,CHRISTMAS CARD STACK OF PRESENTS,1909,536.82,85,2.586720867208672,26,18.107046070460704,36.21409214092141,High,Low,Reorder
22045,SPACE BOY GIFT WRAP,14417,5929.14,469,19.535230352303522,152,136.74661246612465,273.4932249322493,High,Low,Reorder
22046,TEA PARTY  WRAPPING PAPER ,6350,2603.0,207,8.604336043360433,254,60.230352303523034,120.46070460704607,Low,Low,Healthy
22047,EMPIRE GIFT WRAP,8225,3340.5,260,11.144986449864499,64,78.01490514905149,156.02981029810297,High,Low,Reorder
22048,BIRTHDAY BANQUET GIFT WRAP,2815,1166.3,102,3.8143631436314362,268,26.700542005420054,53.40108401084011,Low,High,Markdown
22049,WRAP CHRISTMAS SCREEN PRINT,3450,994.75,112,4.67479674796748,50,32.72357723577236,65.44715447154472,High,Low,Reorder
22050,PINK PAISLEY ROSE GIFT WRAP,3300,1354.0,115,4.471544715447155,42,31.30081300813008,62.60162601626016,High,Low,Reorder
22051,BLUE SCANDINAVIAN PAISLEY WRAP,3175,1317.5,116,4.302168021680217,179,30.115176151761517,60.230352303523034,Low,Low,Healthy
22052,VINTAGE CARAVAN GIFT WRAP,3446,1427.32,124,4.669376693766938,177,32.68563685636857,65.37127371273714,Low,Low,Healthy
22053,EMPIRE DESIGN ROSETTE,4518,3948.92,66,6.121951219512195,58,42.853658536585364,85.70731707317073,High,Low,Reorder
22054,MINI CAKE STAND HANGING HEARTS,321,520.05,51,0.4349593495934959,101,3.0447154471544713,6.089430894308943,Low,High,Markdown
22055,MINI CAKE STAND  HANGING STRAWBERY,4491,6731.23,476,6.085365853658536,277,42.59756097560975,85.1951219512195,Low,Low,Healthy
22056,CERAMIC PLATE LOVE HEART DESIGN,596,619.84,25,0.8075880758807588,225,5.6531165311653115,11.306233062330623,Low,High,Markdown
22057,CERAMIC PLATE STRAWBERRY DESIGN,2903,3484.35,173,3.9336043360433606,96,27.535230352303525,55.07046070460705,Low,Low,Healthy
22058,CERAMIC LOVE HEARTS DESIGN MUG,503,749.47,92,0.6815718157181572,31,4.7710027100271,9.5420054200542,Low,Low,Healthy
22059,CERAMIC STRWBERRY DESIGN MUG,4803,6194.63,365,6.508130081300813,243,45.55691056910569,91.11382113821138,Low,Low,Healthy
22060,LARGE CAKE STAND HANGING HEARTS,714,5285.22,143,0.967479674796748,32,6.772357723577236,13.544715447154472,Low,Low,Healthy
22061,LARGE CAKE STAND  HANGING STRAWBERY,2086,17354.85,443,2.8265582655826558,65,19.78590785907859,39.57181571815718,Low,Low,Healthy
22062,CERAMIC BOWL WITH LOVE HEART DESIGN,711,1048.49,93,0.9634146341463414,174,6.7439024390243905,13.487804878048781,Low,High,Markdown
22063,CERAMIC BOWL WITH STRAWBERRY DESIGN,2161,5532.55,258,2.9281842818428183,132,20.49728997289973,40.99457994579946,Low,Low,Healthy
22064,PINK DOUGHNUT TRINKET POT ,6214,9302.1,479,8.420054200542005,252,58.94037940379403,117.88075880758807,Low,Low,Healthy
22065,CHRISTMAS PUDDING TRINKET POT ,8257,5453.99,333,11.188346883468835,36,78.31842818428184,156.63685636856368,High,Low,Reorder
22066,LOVE HEART TRINKET POT,3406,2654.64,254,4.615176151761518,242,32.30623306233063,64.61246612466125,Low,Low,Healthy
22067,CHOC TRUFFLE GOLD TRINKET POT ,1765,2717.13,180,2.3915989159891597,207,16.741192411924118,33.482384823848236,Low,High,Markdown
22068, BLACK PIRATE TREASURE CHEST,937,1328.43,179,1.2696476964769647,182,8.887533875338754,17.775067750677508,Low,High,Markdown
22069, BROWN  PIRATE TREASURE CHEST ,639,917.73,89,0.8658536585365854,93,6.060975609756097,12.121951219512194,Low,High,Markdown
22070,SMALL RETRO SPOT MUG IN BOX  RED,1743,5267.26,275,2.361788617886179,252,16.53252032520325,33.0650406504065,Low,High,Markdown
22071,SMALL RETRO SPOT MUG IN BOX  WHITE,1504,4220.7,236,2.037940379403794,243,14.265582655826558,28.531165311653115,Low,High,Markdown
22072,TEA CUP AND SAUCER RETRO SPOT,2175,7514.55,402,2.9471544715447155,79,20.63008130081301,41.26016260162602,Low,Low,Healthy
22073,RETRO SPOT STORAGE JAR,1929,7005.51,360,2.613821138211382,241,18.296747967479675,36.59349593495935,Low,High,Markdown
22074,6 RIBBONS SHIMMERING PINKS ,1741,1707.59,152,2.359078590785908,56,16.513550135501355,33.02710027100271,Low,Low,Healthy
22075,6 RIBBONS ELEGANT CHRISTMAS ,2801,4031.27,256,3.7953929539295395,297,26.567750677506776,53.13550135501355,Low,High,Markdown
22076,6 RIBBONS EMPIRE  ,2100,3030.42,240,2.845528455284553,215,19.918699186991873,39.837398373983746,Low,High,Markdown
22077,6 RIBBONS RUSTIC CHARM,16026,27031.04,1361,21.715447154471544,261,152.0081300813008,304.0162601626016,High,Low,Reorder
22078,RIBBON REEL LACE DESIGN ,3801,7739.6,385,5.150406504065041,238,36.052845528455286,72.10569105691057,Low,Low,Healthy
22079,RIBBON REEL HEARTS DESIGN ,4736,7670.64,542,6.417344173441735,211,44.921409214092144,89.84281842818429,Low,Low,Healthy
22080,RIBBON REEL SPOTS DESIGN ,3745,6081.25,438,5.074525745257453,36,35.52168021680217,71.04336043360433,High,Low,Reorder
22081,RIBBON REEL FLORA + FAUNA ,1455,2411.87,212,1.9715447154471544,31,13.800813008130081,27.601626016260163,Low,Low,Healthy
22082,RIBBON REEL STRIPES DESIGN ,6878,11166.78,819,9.319783197831978,212,65.23848238482384,130.47696476964768,Low,Low,Healthy
22083,PAPER CHAIN KIT RETRO SPOT,12865,35216.41,1075,17.432249322493224,41,122.02574525745257,244.05149051490514,High,Low,Reorder
22084,PAPER CHAIN KIT EMPIRE,8437,23049.95,704,11.432249322493226,139,80.02574525745258,160.05149051490517,High,Low,Reorder
22085,PAPER CHAIN KIT SKULLS ,2482,6651.900000000001,192,3.3631436314363143,229,23.5420054200542,47.0840108401084,Low,High,Markdown
22086,PAPER CHAIN KIT 50'S CHRISTMAS ,28380,76598.18000000001,1691,38.45528455284553,289,269.1869918699187,538.3739837398374,High,Low,Reorder
22087,PAPER BUNTING WHITE LACE,7752,21336.350000000002,663,10.504065040650406,211,73.52845528455285,147.0569105691057,Low,Low,Healthy
22088,PAPER BUNTING COLOURED LACE,4038,11086.900000000001,478,5.471544715447155,194,38.300813008130085,76.60162601626017,Low,Low,Healthy
22089,PAPER BUNTING VINTAGE PAISLEY,3196,8842.150000000001,421,4.330623306233062,223,30.314363143631436,60.62872628726287,Low,Low,Healthy
22090,PAPER BUNTING RETRO SPOTS,15227,41656.490000000005,1265,20.632791327913278,183,144.42953929539294,288.8590785907859,High,Low,Reorder
22091,EMPIRE TISSUE BOX,3039,2152.81,242,4.117886178861789,270,28.825203252032523,57.650406504065046,Low,High,Markdown
22092,BLUE PAISLEY TISSUE BOX,903,548.05,133,1.2235772357723578,246,8.565040650406505,17.13008130081301,Low,High,Markdown
22093,MOTORING TISSUE BOX,2315,1353.21,247,3.1368563685636857,26,21.9579945799458,43.9159891598916,High,Low,Reorder
22094,RED POLKA DOT TISSUE BOX,3396,2255.19,232,4.6016260162601625,48,32.21138211382114,64.42276422764228,High,Low,Reorder
22095,LADS ONLY TISSUE BOX,2820,2741.16,188,3.821138211382114,52,26.7479674796748,53.4959349593496,High,Low,Reorder
22096,PINK PAISLEY SQUARE TISSUE BOX ,1646,886.28,163,2.230352303523035,153,15.612466124661246,31.224932249322492,Low,High,Markdown
22097,SWALLOW SQUARE TISSUE BOX,2021,1180.79,211,2.738482384823848,98,19.16937669376694,38.33875338753388,Low,Low,Healthy
22098,BOUDOIR SQUARE TISSUE BOX,2762,1702.83,231,3.7425474254742546,77,26.197831978319783,52.39566395663957,Low,Low,Healthy
22099,CARAVAN SQUARE TISSUE BOX,2019,1329.17,214,2.7357723577235773,45,19.150406504065042,38.300813008130085,Low,Low,Healthy
22100,SKULLS SQUARE TISSUE BOX,943,574.17,81,1.2777777777777777,245,8.944444444444443,17.888888888888886,Low,High,Markdown
22101,MIRROR MOSAIC VOTIVE HOLDER,1088,1014.72,49,1.4742547425474255,23,10.319783197831978,20.639566395663955,Low,Low,Healthy
22102,MIRROR MOSAIC T-LIGHT HOLDER ,1738,1024.5,41,2.355013550135501,118,16.485094850948506,32.97018970189701,Low,Low,Healthy
22103,MIRROR MOSAIC T-LIGHT HOLDER ROUND,1598,1368.54,50,2.165311653116531,58,15.157181571815718,30.314363143631436,Low,Low,Healthy
22104,MIRROR MOSAIC CANDLE PLATE,1026,694.26,41,1.3902439024390243,290,9.73170731707317,19.46341463414634,Low,High,Markdown
22105,MIRROR MOSAIC GOBLET CANDLE HOLDER,613,937.25,26,0.8306233062330624,176,5.814363143631437,11.628726287262873,Low,High,Markdown
22106,MIRROR MOSAIC HURRICANE LAMP ,427,1171.85,36,0.5785907859078591,94,4.0501355013550135,8.100271002710027,Low,High,Markdown
22107,PIZZA PLATE IN BOX,841,2957.3,185,1.1395663956639566,149,7.9769647696476955,15.953929539295391,Low,High,Markdown
22108,PING! MICROWAVE PLATE,197,537.89,49,0.2669376693766938,194,1.8685636856368564,3.7371273712737128,Low,High,Markdown
22109,FULL ENGLISH BREAKFAST PLATE,2872,10321.92,389,3.8915989159891597,103,27.241192411924118,54.482384823848236,Low,Low,Healthy
22110,BIRD HOUSE HOT WATER BOTTLE,1866,4233.11,323,2.5284552845528454,41,17.69918699186992,35.39837398373984,Low,Low,Healthy
22111,SCOTTIE DOG HOT WATER BOTTLE,9092,42463.200000000004,1457,12.319783197831978,46,86.23848238482384,172.47696476964768,High,Low,Reorder
22112,CHOCOLATE HOT WATER BOTTLE,9904,45601.340000000004,1447,13.420054200542005,214,93.94037940379403,187.88075880758805,Low,Low,Healthy
22113,GREY HEART HOT WATER BOTTLE,5623,20977.78,913,7.619241192411924,255,53.33468834688347,106.66937669376694,Low,Low,Healthy
22114,HOT WATER BOTTLE TEA AND SYMPATHY,8848,34479.62,1298,11.989159891598916,111,83.92411924119241,167.84823848238483,High,Low,Reorder
22115,METAL SIGN EMPIRE TEA,2709,4639.530000000001,350,3.6707317073170733,40,25.695121951219512,51.390243902439025,High,Low,Reorder
22116,METAL SIGN HIS DINNER IS SERVED,735,924.69,127,0.9959349593495935,103,6.971544715447155,13.94308943089431,Low,High,Markdown
22117,METAL SIGN HER DINNER IS SERVED ,1724,5051.6,196,2.3360433604336044,281,16.352303523035232,32.704607046070464,Low,High,Markdown
22118,JOY WOODEN BLOCK LETTERS,765,3466.03,243,1.0365853658536586,166,7.2560975609756095,14.512195121951219,Low,High,Markdown
22119, PEACE WOODEN BLOCK LETTERS,882,5409.46,330,1.1951219512195121,276,8.365853658536585,16.73170731707317,Low,High,Markdown
22120,WELCOME  WOODEN BLOCK LETTERS,967,9289.2,316,1.3102981029810299,77,9.17208672086721,18.34417344173442,Low,Low,Healthy
22121,NOEL WOODEN BLOCK LETTERS ,1411,8343.19,386,1.9119241192411924,34,13.383468834688347,26.766937669376695,Low,Low,Healthy
22122,SET OF 2 FANCY FONT TEA TOWELS,1053,3042.3500000000004,156,1.4268292682926829,181,9.987804878048781,19.975609756097562,Low,High,Markdown
22123,PING MICROWAVE APRON,557,1233.95,91,0.7547425474254743,182,5.28319783197832,10.56639566395664,Low,High,Markdown
22124,SET OF 2 TEA TOWELS PING MICROWAVE,179,422.97,39,0.24254742547425473,299,1.697831978319783,3.395663956639566,Low,High,Markdown
22125,UNION JACK HOT WATER BOTTLE ,608,3514.6000000000004,157,0.8238482384823849,31,5.766937669376694,11.533875338753388,Low,Low,Healthy
22127,PARTY CONES CARNIVAL ASSORTED,3445,3998.45,146,4.668021680216802,293,32.676151761517616,65.35230352303523,Low,High,Markdown
22128,PARTY CONES CANDY ASSORTED,3867,4588.65,186,5.239837398373984,290,36.67886178861789,73.35772357723577,Low,Low,Healthy
22129,PARTY CONES CANDY TREE DECORATION,2806,2231.84,106,3.8021680216802167,227,26.615176151761517,53.230352303523034,Low,Low,Healthy
22130,PARTY CONE CHRISTMAS DECORATION ,6896,5704.04,358,9.344173441734418,46,65.40921409214093,130.81842818428186,High,Low,Reorder
22131,FOOD CONTAINER SET 3 LOVE HEART ,4965,8846.17,496,6.727642276422764,91,47.09349593495935,94.1869918699187,High,Low,Reorder
22132,RED LOVE HEART SHAPE CUP,3044,2521.88,238,4.124661246612466,79,28.872628726287264,57.74525745257453,Low,Low,Healthy
22133,PINK LOVE HEART SHAPE CUP,2198,1819.9399999999998,171,2.978319783197832,164,20.848238482384822,41.696476964769644,Low,Low,Healthy
22134,LADLE LOVE HEART RED ,1981,782.22,126,2.6842818428184283,112,18.789972899728998,37.579945799457995,Low,Low,Healthy
22135,LADLE LOVE HEART PINK,1177,479.1,103,1.594850948509485,27,11.163956639566395,22.32791327913279,Low,Low,Healthy
22136,LOVE HEART SOCK HANGER,1882,2990.1,191,2.5501355013550135,98,17.850948509485093,35.701897018970186,Low,Low,Healthy
22137,BATHROOM SET LOVE HEART DESIGN,583,1407.85,31,0.7899728997289973,46,5.529810298102981,11.059620596205962,Low,Low,Healthy
22138,BAKING SET 9 PIECE RETROSPOT ,9035,43070.91,1742,12.242547425474255,193,85.69783197831978,171.39566395663957,Low,Low,Healthy
22139,RETRO SPOT TEA SET CERAMIC 11 PC ,10052,47531.450000000004,1838,13.620596205962059,69,95.34417344173441,190.68834688346882,High,Low,Reorder
22141,CHRISTMAS CRAFT TREE TOP ANGEL,3060,6249.280000000001,434,4.146341463414634,218,29.024390243902438,58.048780487804876,Low,Low,Healthy
22142,CHRISTMAS CRAFT WHITE FAIRY ,4090,5741.94,429,5.542005420054201,200,38.794037940379404,77.58807588075881,Low,Low,Healthy
22143,CHRISTMAS CRAFT HEART DECORATIONS,420,834.0,53,0.5691056910569106,43,3.9837398373983737,7.967479674796747,Low,High,Markdown
22144,CHRISTMAS CRAFT LITTLE FRIENDS,4289,8790.7,535,5.811653116531165,65,40.68157181571816,81.36314363143632,High,Low,Reorder
22145,CHRISTMAS CRAFT HEART STOCKING ,1260,2566.0,169,1.7073170731707317,34,11.951219512195122,23.902439024390244,Low,Low,Healthy
22146,EASTER CRAFT IVY WREATH WITH CHICK,1343,2342.85,99,1.8197831978319783,172,12.738482384823849,25.476964769647697,Low,High,Markdown
22147,FELTCRAFT BUTTERFLY HEARTS,12605,17238.05,1026,17.079945799457995,241,119.55962059620597,239.11924119241195,Low,Low,Healthy
22148,EASTER CRAFT 4 CHICKS ,2994,5430.3,243,4.056910569105691,225,28.398373983739837,56.796747967479675,Low,Low,Healthy
22149,FELTCRAFT 6 FLOWER FRIENDS,12174,24248.29,1189,16.495934959349594,292,115.47154471544715,230.9430894308943,Low,Low,Healthy
22150, 3 STRIPEY MICE FELTCRAFT,7633,13756.75,829,10.342818428184282,255,72.39972899728997,144.79945799457994,Low,Low,Healthy
22151,PLACE SETTING WHITE HEART,27085,10910.31,645,36.700542005420054,247,256.9037940379404,513.8075880758807,High,Low,Reorder
22152,PLACE SETTING WHITE STAR,6129,2493.11,219,8.304878048780488,28,58.13414634146341,116.26829268292683,High,Low,Reorder
22153,ANGEL DECORATION STARS ON DRESS,5389,2243.2200000000003,191,7.302168021680217,185,51.11517615176152,102.23035230352303,Low,Low,Healthy
22154,ANGEL DECORATION 3 BUTTONS ,6808,2816.16,227,9.224932249322492,233,64.57452574525745,129.1490514905149,Low,Low,Healthy
22155,STAR DECORATION RUSTIC,5487,2304.54,221,7.434959349593496,136,52.044715447154466,104.08943089430893,Low,Low,Healthy
22156,HEART DECORATION WITH PEARLS ,5717,4816.42,414,7.746612466124661,91,54.22628726287263,108.45257452574526,High,Low,Reorder
22157,ANGEL DECORATION WITH LACE PADDED,1671,1420.35,112,2.2642276422764227,83,15.84959349593496,31.69918699186992,Low,Low,Healthy
22158,3 HEARTS HANGING DECORATION RUSTIC,7982,22471.86,646,10.815718157181571,224,75.71002710027099,151.42005420054198,Low,Low,Healthy
22161,HEART DECORATION RUSTIC HANGING ,5388,1590.98,219,7.300813008130081,228,51.10569105691057,102.21138211382114,Low,Low,Healthy
22162,HEART GARLAND RUSTIC PADDED,925,2671.15,133,1.2533875338753389,91,8.773712737127372,17.547425474254744,Low,High,Markdown
22163,HEART STRING MEMO HOLDER HANGING,961,1569.19,104,1.3021680216802167,296,9.115176151761517,18.230352303523034,Low,High,Markdown
22164,STRING OF STARS CARD HOLDER,303,812.2500000000001,42,0.4105691056910569,293,2.8739837398373984,5.747967479674797,Low,High,Markdown
22165,"DIAMANTE HEART SHAPED WALL MIRROR, ",783,5020.41,127,1.0609756097560976,114,7.426829268292684,14.853658536585368,Low,High,Markdown
22166,"WALL MIRROR , RECT DIAMANTE, PINK/",303,1622.6100000000001,41,0.4105691056910569,185,2.8739837398373984,5.747967479674797,Low,High,Markdown
22167,"WALL MIRROR , DIAMANTE OVAL SHAPE",526,3830.9,166,0.7127371273712737,51,4.989159891598916,9.978319783197833,Low,High,Markdown
22168,"ORGANISER WOOD, ANTIQUE WHITE ",645,5349.3,304,0.8739837398373984,30,6.117886178861789,12.235772357723578,Low,Low,Healthy
22169,FAMILY ALBUM WHITE PICTURE FRAME,2094,16676.94,570,2.83739837398374,236,19.86178861788618,39.72357723577236,Low,High,Markdown
22170,PICTURE FRAME WOOD TRIPLE PORTRAIT,2309,14658.65,510,3.1287262872628725,121,21.90108401084011,43.80216802168022,Low,Low,Healthy
22171,3 HOOK PHOTO SHELF ANTIQUE WHITE,2999,21458.42,544,4.063685636856369,286,28.445799457994582,56.891598915989164,Low,High,Markdown
22172,METAL SHELF WITH RAIL ,339,2839.0,156,0.45934959349593496,233,3.2154471544715446,6.430894308943089,Low,High,Markdown
22173,METAL 4 HOOK HANGER FRENCH CHATEAU,4538,12846.140000000001,714,6.149051490514905,198,43.043360433604335,86.08672086720867,Low,Low,Healthy
22174,PHOTO CUBE,3928,6011.24,303,5.322493224932249,107,37.25745257452574,74.51490514905149,Low,Low,Healthy
22175,PINK OWL SOFT TOY,1750,4867.4800000000005,296,2.3712737127371275,60,16.59891598915989,33.19783197831978,Low,Low,Healthy
22176,BLUE OWL SOFT TOY,1123,3212.8500000000004,217,1.521680216802168,95,10.651761517615176,21.303523035230352,Low,High,Markdown
22177,5 HOOK BLACKBOARD ORGANISER ,300,2579.64,102,0.4065040650406504,65,2.845528455284553,5.691056910569106,Low,High,Markdown
22178,VICTORIAN GLASS HANGING T-LIGHT,37285,45746.75,1442,50.52168021680217,179,353.65176151761517,707.3035230352303,High,Low,Reorder
22179,SET 10 LIGHTS NIGHT OWL,1788,11501.14,401,2.4227642276422765,99,16.959349593495936,33.91869918699187,Low,Low,Healthy
22180,RETRO SPOT LAMP,914,8868.1,358,1.2384823848238482,105,8.669376693766937,17.338753387533874,Low,High,Markdown
22181,SNOWSTORM PHOTO FRAME FRIDGE MAGNET,1485,1212.33,104,2.0121951219512195,111,14.085365853658537,28.170731707317074,Low,Low,Healthy
22182,CAKE STAND VICTORIAN FILIGREE SMALL,359,1229.05,65,0.48644986449864497,167,3.4051490514905147,6.8102981029810294,Low,High,Markdown
22183,CAKE STAND VICTORIAN FILIGREE MED,282,1438.05,63,0.3821138211382114,180,2.6747967479674797,5.349593495934959,Low,High,Markdown
22184,CAKE STAND VICTORIAN FILIGREE LARGE,268,1609.2,71,0.36314363143631434,221,2.5420054200542004,5.084010840108401,Low,High,Markdown
22185,SLATE TILE NATURAL HANGING,3738,5723.6,375,5.065040650406504,261,35.455284552845534,70.91056910569107,Low,Low,Healthy
22186,RED STAR CARD HOLDER,1904,4840.84,284,2.5799457994579944,21,18.05962059620596,36.11924119241192,High,Low,Reorder
22187,GREEN CHRISTMAS TREE CARD HOLDER,1982,5838.0199999999995,290,2.6856368563685638,244,18.799457994579946,37.59891598915989,Low,High,Markdown
22188,BLACK HEART CARD HOLDER,10255,27324.45,487,13.895663956639567,252,97.26964769647697,194.53929539295393,Low,Low,Healthy
22189,CREAM HEART CARD HOLDER,15946,47414.200000000004,1129,21.607046070460704,96,151.24932249322492,302.49864498644985,High,Low,Reorder
22190,LOCAL CAFE MUG,1164,1935.93,124,1.5772357723577235,135,11.040650406504064,22.081300813008127,Low,High,Markdown
22191,EAU DE NIL DINER WALL CLOCK,1933,15764.1,592,2.6192411924119243,173,18.33468834688347,36.66937669376694,Low,High,Markdown
22192,BLUE DINER WALL CLOCK,1373,11358.78,511,1.8604336043360434,122,13.023035230352304,26.04607046070461,Low,High,Markdown
22193,RED DINER WALL CLOCK,1835,14986.09,555,2.486449864498645,213,17.405149051490515,34.81029810298103,Low,High,Markdown
22194,BLACK DINER WALL CLOCK,353,2918.05,142,0.47831978319783197,185,3.348238482384824,6.696476964769648,Low,High,Markdown
22195,HEART MEASURING SPOONS LARGE,4603,7496.07,520,6.237127371273712,109,43.65989159891598,87.31978319783197,Low,Low,Healthy
22196,SMALL HEART MEASURING SPOONS,5785,4860.7,565,7.838753387533876,193,54.87127371273713,109.74254742547426,Low,Low,Healthy
22197,"POPCORN HOLDER , SMALL ",76944,58267.74,1752,104.26016260162602,141,729.8211382113822,1459.6422764227643,High,Low,Reorder
22198,"POPCORN HOLDER , LARGE",6654,10530.7,478,9.016260162601625,162,63.11382113821138,126.22764227642276,Low,Low,Healthy
22199,FRYING PAN RED POLKADOT ,1661,6281.71,273,2.2506775067750677,125,15.754742547425474,31.509485094850948,Low,Low,Healthy
22200,FRYING PAN PINK POLKADOT ,1155,4602.79,230,1.565040650406504,142,10.955284552845528,21.910569105691057,Low,High,Markdown
22201,FRYING PAN BLUE POLKADOT ,411,1581.75,106,0.556910569105691,28,3.8983739837398375,7.796747967479675,Low,Low,Healthy
22202,MILK PAN PINK RETROSPOT,946,3389.1,156,1.2818428184281843,281,8.97289972899729,17.94579945799458,Low,High,Markdown
22203,MILK PAN RED RETROSPOT,1227,4386.64,270,1.6626016260162602,92,11.638211382113822,23.276422764227643,Low,Low,Healthy
22204,MILK PAN BLUE RETROSPOT,413,1439.41,97,0.559620596205962,242,3.9173441734417342,7.8346883468834685,Low,High,Markdown
22207,FRYING PAN UNION FLAG,2858,11283.86,324,3.872628726287263,60,27.10840108401084,54.21680216802168,Low,Low,Healthy
22208,WOOD STAMP SET THANK YOU,2082,2525.87,311,2.821138211382114,223,19.7479674796748,39.4959349593496,Low,High,Markdown
22209,WOOD STAMP SET HAPPY BIRTHDAY,1263,1524.82,193,1.7113821138211383,283,11.979674796747968,23.959349593495936,Low,High,Markdown
22210,WOOD STAMP SET BEST WISHES,1461,1707.56,226,1.9796747967479675,197,13.857723577235772,27.715447154471544,Low,High,Markdown
22211,WOOD STAMP SET FLOWERS,1281,1625.28,202,1.7357723577235773,103,12.15040650406504,24.30081300813008,Low,Low,Healthy
22212,FOUR HOOK  WHITE LOVEBIRDS,3709,7412.31,608,5.0257452574525745,130,35.18021680216802,70.36043360433604,Low,Low,Healthy
22214,CANDLE PLATE LACE WHITE,462,1069.3,52,0.6260162601626016,270,4.382113821138211,8.764227642276422,Low,High,Markdown
22215,CAKE STAND WHITE TWO TIER LACE,1029,8007.3,319,1.3943089430894309,26,9.760162601626016,19.520325203252032,Low,Low,Healthy
22216,T-LIGHT HOLDER WHITE LACE,1069,775.5699999999999,57,1.448509485094851,103,10.139566395663957,20.279132791327914,Low,High,Markdown
22217,T-LIGHT HOLDER HANGING LACE,2176,2336.02,172,2.948509485094851,227,20.639566395663955,41.27913279132791,Low,High,Markdown
22218,CAKE STAND LACE WHITE,1113,4406.75,183,1.508130081300813,41,10.55691056910569,21.11382113821138,Low,Low,Healthy
22219,LOVEBIRD HANGING DECORATION WHITE ,8375,7009.55,726,11.348238482384824,22,79.43766937669376,158.87533875338752,High,Low,Reorder
22220,CAKE STAND LOVEBIRD 2 TIER WHITE,711,6230.049999999999,244,0.9634146341463414,146,6.7439024390243905,13.487804878048781,Low,High,Markdown
22221,CAKE STAND LOVEBIRD 2 TIER PINK,884,6339.0,138,1.1978319783197833,207,8.384823848238483,16.769647696476966,Low,High,Markdown
22222,CAKE PLATE LOVEBIRD WHITE,1219,4512.45,297,1.651761517615176,33,11.562330623306233,23.124661246612465,Low,Low,Healthy
22223,CAKE PLATE LOVEBIRD PINK,559,2060.25,125,0.7574525745257452,31,5.302168021680217,10.604336043360433,Low,Low,Healthy
22224,WHITE LOVEBIRD LANTERN,2105,6016.950000000001,304,2.8523035230352303,106,19.96612466124661,39.93224932249322,Low,Low,Healthy
22227,"DECORATION, HANGING HEART+MIRROR ",5215,3379.55,381,7.06639566395664,31,49.46476964769648,98.92953929539296,High,Low,Reorder
22228,BUNNY WOODEN PAINTED WITH BIRD ,1477,1129.4099999999999,175,2.0013550135501355,44,14.009485094850948,28.018970189701896,Low,Low,Healthy
22229,BUNNY WOODEN PAINTED WITH FLOWER ,860,644.52,114,1.165311653116531,262,8.157181571815718,16.314363143631436,Low,High,Markdown
22230,JIGSAW TREE WITH WATERING CAN,1366,731.02,123,1.8509485094850948,141,12.956639566395664,25.913279132791327,Low,High,Markdown
22231,JIGSAW TREE WITH BIRDHOUSE,1948,2340.58,220,2.6395663956639566,166,18.476964769647697,36.953929539295395,Low,High,Markdown
22232,3 PIECE JIGSAW TOADSTOOLS,1019,1147.03,114,1.380758807588076,74,9.66531165311653,19.33062330623306,Low,Low,Healthy
22233,JIGSAW RABBIT AND BIRDHOUSE,881,1077.35,127,1.1937669376693767,257,8.356368563685637,16.712737127371273,Low,High,Markdown
22236,CAKE STAND 3 TIER MAGIC GARDEN,1074,12951.9,391,1.4552845528455285,192,10.1869918699187,20.3739837398374,Low,High,Markdown
22241,"GARLAND , WOODEN  "" HAPPY EASTER""",3806,4483.06,335,5.157181571815718,240,36.10027100271002,72.20054200542005,Low,Low,Healthy
22242,"HOOK, 5 HANGER , MAGIC TOADSTOOL",4659,7267.349999999999,305,6.313008130081301,138,44.19105691056911,88.38211382113822,Low,Low,Healthy
22243,"HOOK, 5 HANGER ,MAGIC TOADSTOOL RED",7552,11476.8,321,10.233062330623307,202,71.63143631436314,143.26287262872629,Low,Low,Healthy
22244,"HOOK, 3 HANGER ,MAGIC GARDEN",4542,8205.3,281,6.154471544715447,101,43.08130081300813,86.16260162601625,Low,Low,Healthy
22245,"HOOK, 1 HANGER ,MAGIC GARDEN",4371,3563.5499999999997,273,5.9227642276422765,230,41.459349593495936,82.91869918699187,Low,Low,Healthy
22246,"GARLAND, MAGIC GARDEN 1.8M",880,1685.8799999999999,105,1.1924119241192412,169,8.346883468834688,16.693766937669377,Low,High,Markdown
22247,BUNNY DECORATION MAGIC GARDEN,971,792.0699999999999,102,1.315718157181572,56,9.210027100271004,18.42005420054201,Low,Low,Healthy
22248,DECORATION  PINK CHICK MAGIC GARDEN,773,648.73,85,1.0474254742547426,78,7.3319783197831985,14.663956639566397,Low,High,Markdown
22249,DECORATION WHITE CHICK MAGIC GARDEN,1291,1080.71,142,1.7493224932249323,150,12.245257452574526,24.490514905149052,Low,High,Markdown
22250,DECORATION  BUTTERFLY  MAGIC GARDEN,1018,836.18,109,1.3794037940379404,221,9.655826558265582,19.311653116531165,Low,High,Markdown
22251,BIRDHOUSE DECORATION MAGIC GARDEN,1605,1906.69,184,2.1747967479674797,262,15.223577235772357,30.447154471544714,Low,High,Markdown
22252,BIRDCAGE DECORATION MAGIC GARDEN,950,1168.06,112,1.2872628726287263,54,9.010840108401084,18.021680216802167,Low,Low,Healthy
22253,6 CROCHET STRAWBERRIES,937,1096.39,69,1.2696476964769647,112,8.887533875338754,17.775067750677508,Low,High,Markdown
22254,FELT TOADSTOOL LARGE,1294,1581.02,112,1.7533875338753389,226,12.273712737127372,24.547425474254744,Low,High,Markdown
22255,FELT TOADSTOOL  SMALL,998,848.3,87,1.3523035230352303,232,9.466124661246612,18.932249322493224,Low,High,Markdown
22256,FELT FARM ANIMAL CHICKEN,846,1025.58,83,1.146341463414634,178,8.024390243902438,16.048780487804876,Low,High,Markdown
22257,FELT FARM ANIMAL SHEEP,322,243.14,25,0.4363143631436314,43,3.05420054200542,6.10840108401084,Low,High,Markdown
22258,FELT FARM ANIMAL RABBIT,1113,1000.77,71,1.508130081300813,23,10.55691056910569,21.11382113821138,Low,Low,Healthy
22259,FELT FARM ANIMAL HEN,478,358.46,33,0.6476964769647696,239,4.533875338753387,9.067750677506774,Low,High,Markdown
22260,FELT EGG COSY BLUE RABBIT ,1187,973.0699999999999,108,1.60840108401084,39,11.25880758807588,22.51761517615176,Low,Low,Healthy
22261,FELT EGG COSY WHITE RABBIT ,1753,1412.57,150,2.375338753387534,171,16.627371273712736,33.25474254742547,Low,High,Markdown
22262,FELT EGG COSY CHICKEN,1734,1477.02,185,2.3495934959349594,69,16.447154471544714,32.89430894308943,Low,Low,Healthy
22263,FELT EGG COSY LADYBIRD ,722,484.34,43,0.978319783197832,196,6.848238482384824,13.696476964769648,Low,High,Markdown
22264,FELT FARM ANIMAL WHITE BUNNY ,1803,865.7099999999999,88,2.4430894308943087,115,17.101626016260163,34.203252032520325,Low,Low,Healthy
22265,EASTER DECORATION NATURAL CHICK,1781,1129.65,134,2.413279132791328,124,16.892953929539296,33.78590785907859,Low,Low,Healthy
22266,EASTER DECORATION HANGING BUNNY,2476,958.3,123,3.355013550135501,269,23.485094850948506,46.97018970189701,Low,High,Markdown
22267,EASTER DECORATION EGG BUNNY ,1457,1255.43,105,1.9742547425474255,136,13.819783197831978,27.639566395663955,Low,High,Markdown
22268,EASTER DECORATION SITTING BUNNY,2345,1075.55,151,3.1775067750677506,247,22.242547425474253,44.48509485094851,Low,High,Markdown
22269,EGG CUP NATURAL CHICKEN,1400,1194.64,149,1.897018970189702,85,13.279132791327914,26.558265582655828,Low,Low,Healthy
22270,HAPPY EASTER HANGING DECORATION,631,2314.41,129,0.8550135501355014,281,5.98509485094851,11.97018970189702,Low,High,Markdown
22271,FELTCRAFT DOLL ROSIE,4744,13244.460000000001,691,6.428184281842818,262,44.99728997289973,89.99457994579946,Low,Low,Healthy
22272,FELTCRAFT DOLL MARIA,1343,3684.9100000000003,276,1.8197831978319783,205,12.738482384823849,25.476964769647697,Low,High,Markdown
22273,FELTCRAFT DOLL MOLLY,7203,19332.93,701,9.760162601626016,265,68.3211382113821,136.6422764227642,Low,Low,Healthy
22274,FELTCRAFT DOLL EMILY,3675,10227.310000000001,578,4.979674796747967,144,34.857723577235774,69.71544715447155,Low,Low,Healthy
22275,WEEKEND BAG VINTAGE ROSE PAISLEY,902,7315.950000000001,280,1.2222222222222223,287,8.555555555555557,17.111111111111114,Low,High,Markdown
22276,WASH BAG VINTAGE ROSE PAISLEY,1780,4372.5,303,2.4119241192411924,150,16.883468834688347,33.766937669376695,Low,High,Markdown
22277,COSMETIC BAG VINTAGE ROSE PAISLEY,1303,2633.42,189,1.7655826558265582,256,12.359078590785908,24.718157181571815,Low,High,Markdown
22278,OVERNIGHT BAG VINTAGE ROSE PAISLEY,799,3899.05,239,1.0826558265582655,37,7.578590785907859,15.157181571815718,Low,Low,Healthy
22279,POCKET BAG BLUE PAISLEY RED SPOT,1073,1636.86,121,1.453929539295393,59,10.177506775067751,20.355013550135503,Low,Low,Healthy
22280,POCKET BAG PINK PAISELY BROWN SPOT,579,943.03,87,0.7845528455284553,40,5.491869918699187,10.983739837398375,Low,Low,Healthy
22281,EASTER TREE YELLOW BIRDS,423,2192.25,98,0.573170731707317,244,4.012195121951219,8.024390243902438,Low,High,Markdown
22282,12 EGG HOUSE PAINTED WOOD,475,5176.67,143,0.6436314363143631,27,4.505420054200542,9.010840108401084,Low,Low,Healthy
22283,6 EGG HOUSE PAINTED WOOD,923,6881.6900000000005,297,1.2506775067750677,119,8.754742547425474,17.509485094850948,Low,High,Markdown
22284,HEN HOUSE DECORATION,2341,3665.25,233,3.1720867208672088,259,22.20460704607046,44.40921409214092,Low,High,Markdown
22285,"DECORATION HEN ON NEST, HANGING",2631,4028.55,212,3.565040650406504,106,24.955284552845526,49.91056910569105,Low,Low,Healthy
22286,"DECORATION , WOBBLY RABBIT , METAL ",1819,1937.07,144,2.464769647696477,33,17.253387533875337,34.506775067750674,High,Low,Reorder
22287,"DECORATION , WOBBLY CHICKEN, METAL ",1284,1317.66,89,1.7398373983739837,21,12.178861788617885,24.35772357723577,High,Low,Reorder
22288,"DECORATION , HANGING METAL RABBIT",1265,1416.25,86,1.7140921409214092,60,11.998644986449865,23.99728997289973,Low,Low,Healthy
22289,"DECORATION , HANGING METAL CHICKEN",723,738.75,49,0.9796747967479674,130,6.857723577235772,13.715447154471544,Low,High,Markdown
22290,STANDING METAL RABBIT WITH EGG,657,1168.2,68,0.8902439024390244,33,6.2317073170731705,12.463414634146341,Low,Low,Healthy
22291,"SPRING DEC , HANGING CHICK CREAM",3090,4185.3,209,4.186991869918699,250,29.30894308943089,58.61788617886178,Low,Low,Healthy
22292,"SPRING DEC , HANGING CHICK  YELLOW",2638,3529.8999999999996,181,3.5745257452574526,103,25.021680216802167,50.043360433604335,Low,Low,Healthy
22293,"SPRING DEC , HANGING CHICK  GREEN",1905,2582.25,154,2.5813008130081303,149,18.06910569105691,36.13821138211382,Low,Low,Healthy
22294,HEART FILIGREE DOVE  SMALL,16260,19686.6,707,22.03252032520325,250,154.22764227642276,308.4552845528455,High,Low,Reorder
22295,HEART FILIGREE DOVE LARGE,8159,13184.07,620,11.055555555555555,164,77.38888888888889,154.77777777777777,Low,Low,Healthy
22296,HEART IVORY TRELLIS LARGE,9416,15218.08,739,12.75880758807588,47,89.31165311653116,178.62330623306232,High,Low,Reorder
22297,HEART IVORY TRELLIS SMALL,12939,15836.59,646,17.53252032520325,85,122.72764227642276,245.4552845528455,High,Low,Reorder
22299,PIG KEYRING WITH LIGHT & SOUND ,3795,4147.69,128,5.142276422764228,182,35.9959349593496,71.9918699186992,Low,Low,Healthy
22300,COFFEE MUG DOG + BALL DESIGN,3923,9021.390000000001,411,5.315718157181572,248,37.210027100271006,74.42005420054201,Low,Low,Healthy
22301,COFFEE MUG CAT + BIRD DESIGN,4733,10831.29,466,6.413279132791328,280,44.892953929539296,89.78590785907859,Low,Low,Healthy
22302,COFFEE MUG PEARS  DESIGN,4808,10043.41,352,6.514905149051491,183,45.60433604336043,91.20867208672087,Low,Low,Healthy
22303,COFFEE MUG APPLES DESIGN,5310,12179.95,480,7.195121951219512,29,50.36585365853659,100.73170731707317,High,Low,Reorder
22304,COFFEE MUG BLUE PAISLEY DESIGN,2330,4455.110000000001,142,3.1571815718157183,214,22.100271002710027,44.200542005420054,Low,High,Markdown
22305,COFFEE MUG PINK PAISLEY DESIGN,2230,4559.8,126,3.021680216802168,137,21.151761517615178,42.303523035230356,Low,Low,Healthy
22306,SILVER MUG BONE CHINA TREE OF LIFE,1578,2157.17,148,2.138211382113821,289,14.967479674796747,29.934959349593495,Low,High,Markdown
22307,GOLD MUG BONE CHINA TREE OF LIFE,1153,1640.4099999999999,101,1.562330623306233,99,10.936314363143632,21.872628726287264,Low,High,Markdown
22308,TEA COSY BLUE STRIPE,515,1273.39,98,0.6978319783197832,112,4.884823848238482,9.769647696476964,Low,High,Markdown
22309,TEA COSY RED  STRIPE,1208,2850.93,169,1.6368563685636857,285,11.4579945799458,22.9159891598916,Low,High,Markdown
22310,KNITTED MUG COSY IVORY COLOUR ,1489,2299.29,110,2.0176151761517613,276,14.12330623306233,28.24661246612466,Low,High,Markdown
22311,OFFICE MUG WARMER BLACK+SILVER ,1937,5576.95,190,2.624661246612466,152,18.372628726287264,36.74525745257453,Low,Low,Healthy
22312,OFFICE MUG WARMER POLKADOT,995,3186.7900000000004,188,1.348238482384824,295,9.437669376693767,18.875338753387535,Low,High,Markdown
22313,OFFICE MUG WARMER PINK,952,2899.54,106,1.2899728997289972,283,9.02981029810298,18.05962059620596,Low,High,Markdown
22314,OFFICE MUG WARMER CHOC+BLUE,1020,3315.5400000000004,180,1.3821138211382114,190,9.674796747967479,19.349593495934958,Low,High,Markdown
22315,200 RED + WHITE BENDY STRAWS,1930,2325.86,296,2.6151761517615175,20,18.306233062330623,36.612466124661246,High,Low,Reorder
22316,200 BENDY SKULL STRAWS,1224,1370.4,95,1.6585365853658536,83,11.609756097560975,23.21951219512195,Low,Low,Healthy
22317,FIVE CATS HANGING DECORATION,450,1324.0200000000002,96,0.6097560975609756,140,4.2682926829268295,8.536585365853659,Low,High,Markdown
22318,FIVE HEART HANGING DECORATION,1461,4281.150000000001,286,1.9796747967479675,126,13.857723577235772,27.715447154471544,Low,High,Markdown
22319,HAIRCLIPS FORTIES FABRIC ASSORTED,2957,1635.01,163,4.006775067750677,194,28.04742547425474,56.09485094850948,Low,Low,Healthy
22320,BIRDS MOBILE VINTAGE DESIGN,578,3390.46,169,0.7831978319783198,223,5.482384823848239,10.964769647696478,Low,High,Markdown
22321,BIRD DECORATION RED SPOT,2224,1870.12,157,3.013550135501355,184,21.094850948509485,42.18970189701897,Low,High,Markdown
22322,BIRD DECORATION GREEN  SPOT,1060,900.9999999999999,92,1.4363143631436315,139,10.05420054200542,20.10840108401084,Low,High,Markdown
22323,PINK POLKADOT KIDS BAG,570,1383.8999999999999,73,0.7723577235772358,63,5.40650406504065,10.8130081300813,Low,High,Markdown
22324,BLUE POLKADOT KIDS BAG,543,1314.81,67,0.7357723577235772,175,5.150406504065041,10.300813008130081,Low,High,Markdown
22325,MOBILE VINTAGE HEARTS ,439,2137.35,155,0.5948509485094851,226,4.163956639566395,8.32791327913279,Low,High,Markdown
22326,"ROUND SNACK BOXES ,SET4, WOODLAND ",14696,40414.520000000004,1147,19.913279132791327,127,139.3929539295393,278.7859078590786,High,Low,Reorder
22327,ROUND SNACK BOXES SET OF 4 SKULLS,2628,7440.6,464,3.5609756097560976,270,24.926829268292682,49.853658536585364,Low,High,Markdown
22328,"ROUND SNACK BOXES ,SET 4, FRUITS ",12440,33918.04,990,16.85636856368564,149,117.99457994579947,235.98915989159894,High,Low,Reorder
22329,ROUND CONTAINER SET OF 5 RETROSPOT,4791,7468.15,421,6.491869918699187,39,45.44308943089431,90.88617886178862,High,Low,Reorder
22330,72 ROUND PINK DOILIES,115,166.75,15,0.15582655826558264,20,1.0907859078590785,2.181571815718157,Low,High,Markdown
22331,WOODLAND PARTY BAG + STICKER SET,3460,5456.36,345,4.688346883468835,138,32.81842818428184,65.63685636856368,Low,Low,Healthy
22332,SKULLS PARTY BAG + STICKER SET,4065,6264.049999999999,334,5.508130081300813,54,38.55691056910569,77.11382113821138,High,Low,Reorder
22333,RETRO SPORT PARTY BAG + STICKER SET,9798,15014.779999999999,597,13.276422764227643,217,92.9349593495935,185.869918699187,Low,Low,Healthy
22334,DINOSAUR PARTY BAG + STICKER SET,2196,3460.24,246,2.975609756097561,264,20.829268292682926,41.65853658536585,Low,High,Markdown
22335,HEART DECORATION PAINTED ZINC ,8034,4895.1,336,10.886178861788618,78,76.20325203252033,152.40650406504065,High,Low,Reorder
22336,DOVE DECORATION PAINTED ZINC ,4442,2014.76,150,6.018970189701897,180,42.13279132791328,84.26558265582656,Low,Low,Healthy
22337,ANGEL DECORATION PAINTED ZINC ,2165,1292.05,82,2.9336043360433606,198,20.535230352303525,41.07046070460705,Low,High,Markdown
22338,STAR DECORATION PAINTED ZINC ,5509,1763.25,180,7.464769647696477,225,52.25338753387534,104.50677506775068,Low,Low,Healthy
22339,CHRISTMAS TREE PAINTED ZINC ,3308,1235.54,102,4.482384823848238,31,31.376693766937667,62.75338753387533,High,Low,Reorder
22340,NOEL GARLAND PAINTED ZINC ,1345,1027.41,95,1.8224932249322494,295,12.757452574525747,25.514905149051494,Low,High,Markdown
22341,LOVE GARLAND PAINTED ZINC ,3332,5252.599999999999,139,4.514905149051491,200,31.604336043360437,63.208672086720874,Low,Low,Healthy
22342,HOME GARLAND PAINTED ZINC ,1608,2029.2,115,2.178861788617886,261,15.252032520325201,30.504065040650403,Low,High,Markdown
22343,PARTY PIZZA DISH RED WHITE SPOT ,2982,1785.54,132,4.040650406504065,235,28.28455284552846,56.56910569105692,Low,Low,Healthy
22344,PARTY PIZZA DISH PINK+WHITE SPOT ,1344,626.04,84,1.8211382113821137,270,12.747967479674797,25.495934959349594,Low,High,Markdown
22345,PARTY PIZZA DISH BLUE+WHITE SPOT ,1299,598.41,82,1.7601626016260163,145,12.321138211382115,24.64227642276423,Low,High,Markdown
22346,PARTY PIZZA DISH GREEN+WHITE SPOT ,1129,509.71,61,1.529810298102981,236,10.708672086720867,21.417344173441734,Low,High,Markdown
22347,PIZZA SLICE DISH,2641,2936.4500000000003,76,3.578590785907859,204,25.05013550135501,50.10027100271002,Low,Low,Healthy
22348,TEA BAG PLATE RED SPOTTY ,11899,9667.21,690,16.12330623306233,58,112.86314363143632,225.72628726287263,High,Low,Reorder
22349,"DOG BOWL , CHASING BALL DESIGN",2383,9052.75,318,3.2289972899728996,242,22.602981029810298,45.205962059620596,Low,High,Markdown
22350,CAT BOWL ,2592,6598.56,251,3.5121951219512195,203,24.585365853658537,49.170731707317074,Low,Low,Healthy
22351,DOTCOMGIFTSHOP TEA TOWEL,12,19.8,1,0.016260162601626018,197,0.11382113821138212,0.22764227642276424,Low,High,Markdown
22352,LUNCHBOX WITH CUTLERY RETROSPOT ,6690,15883.39,836,9.065040650406504,170,63.45528455284553,126.91056910569105,Low,Low,Healthy
22353,LUNCHBOX WITH CUTLERY FAIRY CAKES ,2800,6713.400000000001,371,3.794037940379404,145,26.558265582655828,53.116531165311656,Low,Low,Healthy
22354,RETRO SPOT PADDED SEAT CUSHION,2080,7465.42,237,2.8184281842818426,253,19.7289972899729,39.4579945799458,Low,High,Markdown
22355,"CHARLOTTE BAG , SUKI DESIGN",19483,15502.35,1191,26.399728997289973,27,184.7981029810298,369.5962059620596,High,Low,Reorder
22356,"CHARLOTTE BAG , PINK/WHITE SPOTS",16623,13323.29,1108,22.524390243902438,148,157.67073170731706,315.3414634146341,High,Low,Reorder
22357,KINGS CHOICE BISCUIT TIN,1873,8044.09,316,2.537940379403794,283,17.76558265582656,35.53116531165312,Low,High,Markdown
22358,KINGS CHOICE TEA CADDY ,2286,6468.580000000001,384,3.097560975609756,176,21.682926829268293,43.36585365853659,Low,Low,Healthy
22359,GLASS JAR KINGS CHOICE,1227,3755.77,155,1.6626016260162602,24,11.638211382113822,23.276422764227643,Low,Low,Healthy
22360,"GLASS JAR, ENGLISH CONFECTIONERY",2286,6254.700000000001,303,3.097560975609756,105,21.682926829268293,43.36585365853659,Low,Low,Healthy
22361,GLASS JAR DAISY FRESH COTTON WOOL,1535,4242.650000000001,264,2.0799457994579944,194,14.55962059620596,29.11924119241192,Low,High,Markdown
22362,GLASS JAR PEACOCK BATH SALTS,658,1893.9800000000002,177,0.8915989159891599,212,6.241192411924119,12.482384823848237,Low,High,Markdown
22363,GLASS JAR MARMALADE ,735,2034.2900000000002,128,0.9959349593495935,138,6.971544715447155,13.94308943089431,Low,High,Markdown
22364,GLASS JAR DIGESTIVE BISCUITS,1893,5556.55,224,2.565040650406504,237,17.955284552845526,35.91056910569105,Low,High,Markdown
22365,DOORMAT RESPECTABLE HOUSE,2221,13762.55,348,3.0094850948509486,133,21.06639566395664,42.13279132791328,Low,Low,Healthy
22366,DOORMAT AIRMAIL ,2370,14935.06,434,3.2113821138211383,164,22.479674796747968,44.959349593495936,Low,Low,Healthy
22367,CHILDS APRON SPACEBOY DESIGN,7702,14294.64,1003,10.436314363143632,45,73.05420054200542,146.10840108401084,High,Low,Reorder
22371,AIRLINE BAG VINTAGE TOKYO 78,1522,6962.48,505,2.062330623306233,155,14.436314363143632,28.872628726287264,Low,High,Markdown
22372,AIRLINE BAG VINTAGE WORLD CHAMPION ,526,2554.08,228,0.7127371273712737,251,4.989159891598916,9.978319783197833,Low,High,Markdown
22374,AIRLINE BAG VINTAGE JET SET RED,894,4273.34,341,1.2113821138211383,95,8.479674796747968,16.959349593495936,Low,High,Markdown
22375,AIRLINE BAG VINTAGE JET SET BROWN,471,2171.25,194,0.6382113821138211,20,4.467479674796747,8.934959349593495,Low,Low,Healthy
22376,AIRLINE BAG VINTAGE JET SET WHITE,449,2148.09,191,0.6084010840108401,166,4.258807588075881,8.517615176151763,Low,High,Markdown
22377,BOTTLE BAG RETROSPOT ,3212,5741.29,288,4.35230352303523,161,30.46612466124661,60.93224932249322,Low,Low,Healthy
22378,WALL TIDY RETROSPOT ,3046,4850.66,288,4.127371273712737,72,28.89159891598916,57.78319783197832,Low,Low,Healthy
22379,RECYCLING BAG RETROSPOT ,14259,27893.78,1013,19.321138211382113,88,135.2479674796748,270.4959349593496,High,Low,Reorder
22380,TOY TIDY SPACEBOY  ,4654,9044.0,549,6.306233062330623,109,44.143631436314365,88.28726287262873,Low,Low,Healthy
22381,TOY TIDY PINK RETROSPOT  ,8657,16980.58,791,11.730352303523036,239,82.11246612466125,164.2249322493225,Low,Low,Healthy
22382,LUNCHBAG SPACEBOY DESIGN ,19478,31154.3,1919,26.392953929539296,211,184.75067750677508,369.50135501355015,High,Low,Reorder
22383,LUNCHBAG SUKI  DESIGN ,23871,38007.55,2004,32.34552845528455,82,226.41869918699186,452.8373983739837,High,Low,Reorder
22384,LUNCHBAG PINK RETROSPOT,20247,32293.95,1845,27.434959349593495,92,192.04471544715446,384.0894308943089,High,Low,Reorder
22385,JUMBO BAG SPACEBOY DESIGN,16383,29810.15,971,22.19918699186992,180,155.39430894308944,310.7886178861789,High,Low,Reorder
22386,JUMBO BAG PINK WITH WHITE SPOTS,37338,67769.76,1767,50.59349593495935,188,354.1544715447154,708.3089430894308,High,Low,Reorder
22389,PAPERWEIGHT SAVE THE PLANET,624,1160.16,80,0.8455284552845529,108,5.91869918699187,11.83739837398374,Low,High,Markdown
22390,PAPERWEIGHT CHILDHOOD MEMORIES,795,1378.22,73,1.0772357723577235,195,7.5406504065040645,15.081300813008129,Low,High,Markdown
22391,PAPERWEIGHT HOME SWEET HOME,305,545.3100000000001,50,0.4132791327913279,288,2.892953929539295,5.78590785907859,Low,High,Markdown
22393,PAPERWEIGHT VINTAGE COLLAGE,800,1289.23,89,1.084010840108401,92,7.588075880758807,15.176151761517614,Low,High,Markdown
22394,PAPERWEIGHT KINGS CHOICE ,337,499.34999999999997,47,0.45663956639566394,264,3.196476964769648,6.392953929539296,Low,High,Markdown
22395,PAPERWEIGHT VINTAGE PAISLEY,214,313.86,33,0.2899728997289973,96,2.0298102981029813,4.059620596205963,Low,High,Markdown
22396,MAGNETS PACK OF 4 RETRO PHOTO,1830,1342.94,159,2.4796747967479673,178,17.35772357723577,34.71544715447154,Low,High,Markdown
22398,MAGNETS PACK OF 4 SWALLOWS,4186,3573.95,394,5.672086720867209,117,39.704607046070464,79.40921409214093,Low,Low,Healthy
22399,MAGNETS PACK OF 4 CHILDHOOD MEMORY,3996,4659.84,255,5.414634146341464,121,37.90243902439025,75.8048780487805,Low,Low,Healthy
22400,MAGNETS PACK OF 4 HOME SWEET HOME,2440,2024.81,224,3.306233062330623,151,23.14363143631436,46.28726287262872,Low,Low,Healthy
22402,MAGNETS PACK OF 4 VINTAGE COLLAGE,3398,2962.81,239,4.6043360433604335,121,32.230352303523034,64.46070460704607,Low,Low,Healthy
22403,MAGNETS PACK OF 4 VINTAGE LABELS ,1601,1040.83,161,2.169376693766938,38,15.185636856368564,30.37127371273713,Low,Low,Healthy
22405,MONEY BOX POCKET MONEY DESIGN,1597,1884.05,192,2.1639566395663956,101,15.14769647696477,30.29539295392954,Low,Low,Healthy
22406,MONEY BOX KINGS CHOICE DESIGN,2416,2987.78,174,3.2737127371273713,298,22.9159891598916,45.8319783197832,Low,High,Markdown
22407,MONEY BOX FIRST ADE DESIGN,427,496.08,65,0.5785907859078591,148,4.0501355013550135,8.100271002710027,Low,High,Markdown
22408,MONEY BOX CONFECTIONERY DESIGN,626,741.35,76,0.8482384823848238,108,5.9376693766937665,11.875338753387533,Low,High,Markdown
22409,MONEY BOX BISCUITS DESIGN,1638,2172.8999999999996,123,2.2195121951219514,232,15.53658536585366,31.07317073170732,Low,High,Markdown
22410,MONEY BOX HOUSEKEEPING DESIGN,1328,1582.73,170,1.7994579945799458,162,12.59620596205962,25.19241192411924,Low,High,Markdown
22411,JUMBO SHOPPER VINTAGE RED PAISLEY,24295,45059.13,1680,32.920054200542005,84,230.44037940379403,460.88075880758805,High,Low,Reorder
22412,METAL SIGN NEIGHBOURHOOD WITCH ,2286,4661.1,308,3.097560975609756,95,21.682926829268293,43.36585365853659,Low,Low,Healthy
22413,METAL SIGN TAKE IT OR LEAVE IT ,6814,18863.02,766,9.233062330623307,218,64.63143631436314,129.26287262872629,Low,Low,Healthy
22414,DOORMAT NEIGHBOURHOOD WITCH ,1122,6275.2,162,1.5203252032520325,162,10.642276422764228,21.284552845528456,Low,High,Markdown
22415,WHITE TISSUE REAM,317,2520.15,204,0.42953929539295393,112,3.0067750677506777,6.013550135501355,Low,High,Markdown
22416,36 DOILIES SPACEBOY DESIGN ,1943,2702.15,154,2.6327913279132793,243,18.429539295392956,36.85907859078591,Low,High,Markdown
22417,PACK OF 60 SPACEBOY CAKE CASES,20867,10465.49,911,28.275067750677508,121,197.92547425474254,395.8509485094851,High,Low,Reorder
22418,10 COLOUR SPACEBOY PEN,11916,9898.5,473,16.146341463414632,286,113.02439024390243,226.04878048780486,Low,Low,Healthy
22419,LIPSTICK PEN RED,5641,2350.86,287,7.643631436314363,129,53.50542005420054,107.01084010840108,Low,Low,Healthy
22420,LIPSTICK PEN BABY PINK,1818,758.87,149,2.4634146341463414,284,17.24390243902439,34.48780487804878,Low,High,Markdown
22421,LIPSTICK PEN FUSCHIA,3725,1526.48,239,5.047425474254743,22,35.3319783197832,70.6639566395664,High,Low,Reorder
22422,TOOTHPASTE TUBE PEN,2080,1088.1000000000001,149,2.8184281842818426,104,19.7289972899729,39.4579945799458,Low,Low,Healthy
22423,REGENCY CAKESTAND 3 TIER,24124,277656.25,3317,32.68834688346883,136,228.81842818428183,457.63685636856366,High,Low,Reorder
22424,ENAMEL BREAD BIN CREAM,1300,15621.65,559,1.7615176151761518,240,12.330623306233063,24.661246612466126,Low,High,Markdown
22425,ENAMEL COLLANDER CREAM,807,3879.26,261,1.0934959349593496,173,7.654471544715447,15.308943089430894,Low,High,Markdown
22426,ENAMEL WASH BOWL CREAM,1182,4073.3,273,1.6016260162601625,172,11.211382113821138,22.422764227642276,Low,High,Markdown
22427,ENAMEL FLOWER JUG CREAM,3039,17471.23,702,4.117886178861789,31,28.825203252032523,57.650406504065046,High,Low,Reorder
22428,ENAMEL FIRE BUCKET CREAM,421,2910.9300000000003,158,0.5704607046070461,152,3.9932249322493227,7.9864498644986455,Low,High,Markdown
22429,ENAMEL MEASURING JUG CREAM,2149,8867.29,526,2.9119241192411924,247,20.383468834688347,40.766937669376695,Low,High,Markdown
22430,ENAMEL WATERING CAN CREAM,1288,5916.4400000000005,303,1.7452574525745257,290,12.21680216802168,24.43360433604336,Low,High,Markdown
22431,WATERING CAN BLUE ELEPHANT,3179,6004.75,498,4.3075880758807585,62,30.15311653116531,60.30623306233062,Low,Low,Healthy
22432,WATERING CAN PINK BUNNY,3388,6204.5,430,4.590785907859079,40,32.13550135501355,64.2710027100271,High,Low,Reorder
22433,WATERING CAN GREEN DINOSAUR,2676,4833.92,352,3.6260162601626016,126,25.382113821138212,50.764227642276424,Low,Low,Healthy
22434,BALLOON PUMP WITH 10 BALLOONS,2521,4654.13,262,3.415989159891599,136,23.911924119241192,47.823848238482384,Low,Low,Healthy
22435,SET OF 9 HEART SHAPED BALLOONS,4716,5783.04,445,6.390243902439025,143,44.73170731707317,89.46341463414635,Low,Low,Healthy
22436,12 COLOURED PARTY BALLOONS,4157,2637.85,255,5.632791327913279,222,39.42953929539295,78.8590785907859,Low,Low,Healthy
22437,SET OF 9 BLACK SKULL BALLOONS,6332,5197.6,358,8.579945799457995,70,60.05962059620597,120.11924119241193,High,Low,Reorder
22438,BALLOON ART MAKE YOUR OWN FLOWERS,1323,1636.65,129,1.7926829268292683,290,12.548780487804878,25.097560975609756,Low,High,Markdown
22439,6 ROCKET BALLOONS ,3699,2431.95,307,5.012195121951219,296,35.08536585365853,70.17073170731706,Low,Low,Healthy
22440,BALLOON WATER BOMB PACK OF 35,8296,3224.52,258,11.24119241192412,160,78.68834688346884,157.37669376693768,Low,Low,Healthy
22441,GROW YOUR OWN BASIL IN ENAMEL MUG,2515,5215.5,390,3.407859078590786,294,23.855013550135503,47.710027100271006,Low,High,Markdown
22442,GROW YOUR OWN FLOWERS SET OF 3,858,4653.66,164,1.1626016260162602,71,8.138211382113822,16.276422764227643,Low,High,Markdown
22443,GROW YOUR OWN HERBS SET OF 3,648,4945.4400000000005,238,0.8780487804878049,46,6.146341463414634,12.292682926829269,Low,Low,Healthy
22444,GROW YOUR OWN PLANT IN A CAN ,8960,10976.56,328,12.140921409214092,176,84.98644986449865,169.9728997289973,Low,Low,Healthy
22445,PENCIL CASE LIFE IS BEAUTIFUL,1174,3417.5000000000005,212,1.5907859078590787,258,11.13550135501355,22.2710027100271,Low,High,Markdown
22446,PIN CUSHION RUSSIAN DOLL PINK,333,1009.19,84,0.45121951219512196,175,3.158536585365854,6.317073170731708,Low,High,Markdown
22447,PIN CUSHION RUSSIAN DOLL BLUE,181,579.0500000000001,48,0.24525745257452575,155,1.7168021680216803,3.4336043360433606,Low,High,Markdown
22448,PIN CUSHION RUSSIAN DOLL RED,733,2309.4100000000003,104,0.9932249322493225,163,6.952574525745257,13.905149051490515,Low,High,Markdown
22449,SILK PURSE RUSSIAN DOLL PINK,1176,3886.53,234,1.5934959349593496,125,11.154471544715447,22.308943089430894,Low,High,Markdown
22450,SILK PURSE RUSSIAN DOLL BLUE,802,2660.3,166,1.0867208672086721,177,7.607046070460704,15.214092140921409,Low,High,Markdown
22451,SILK PURSE RUSSIAN DOLL RED,1243,4048.8500000000004,197,1.684281842818428,165,11.789972899728996,23.57994579945799,Low,High,Markdown
22452,MEASURING TAPE RUSSIAN DOLL PINK,901,2559.7500000000005,165,1.2208672086720866,21,8.546070460704607,17.092140921409214,Low,Low,Healthy
22453,MEASURING TAPE RUSSIAN DOLL BLUE,687,1952.2500000000002,109,0.9308943089430894,96,6.516260162601626,13.032520325203253,Low,High,Markdown
22454,MEASURING TAPE RUSSIAN DOLL RED,1354,3744.7000000000003,163,1.834688346883469,151,12.842818428184282,25.685636856368564,Low,High,Markdown
22456,NATURAL SLATE CHALKBOARD LARGE ,4016,17637.16,595,5.441734417344174,109,38.09214092140922,76.18428184281844,Low,Low,Healthy
22457,NATURAL SLATE HEART CHALKBOARD ,14187,40276.170000000006,1637,19.223577235772357,282,134.5650406504065,269.130081300813,Low,Low,Healthy
22458,CAST IRON HOOK GARDEN FORK,1487,3599.6099999999997,151,2.0149051490514904,127,14.104336043360433,28.208672086720867,Low,High,Markdown
22459,CAST IRON HOOK GARDEN TROWEL,1336,3164.96,148,1.8102981029810299,93,12.67208672086721,25.34417344173442,Low,Low,Healthy
22460,EMBOSSED GLASS TEALIGHT HOLDER,4259,5162.34,289,5.7710027100271,58,40.397018970189706,80.79403794037941,High,Low,Reorder
22461,SAVOY ART DECO CLOCK,394,3214.2999999999997,130,0.5338753387533876,178,3.7371273712737128,7.4742547425474255,Low,High,Markdown
22464,HANGING METAL HEART LANTERN,7388,11530.56,645,10.010840108401084,90,70.07588075880759,140.15176151761517,High,Low,Reorder
22465,HANGING METAL STAR LANTERN,4325,6656.83,386,5.860433604336043,260,41.0230352303523,82.0460704607046,Low,Low,Healthy
22466,FAIRY TALE COTTAGE NIGHTLIGHT,5120,9106.8,308,6.937669376693767,55,48.56368563685637,97.12737127371274,High,Low,Reorder
22467,GUMBALL COAT RACK,11460,26149.13,928,15.528455284552846,103,108.69918699186992,217.39837398373984,High,Low,Reorder
22468,BABUSHKA LIGHTS STRING OF 10,1630,10229.64,335,2.2086720867208673,282,15.460704607046072,30.921409214092144,Low,High,Markdown
22469,HEART OF WICKER SMALL,26193,43316.54,1779,35.49186991869919,191,248.4430894308943,496.8861788617886,High,Low,Reorder
22470,HEART OF WICKER LARGE,17104,49859.5,1743,23.176151761517616,192,162.2330623306233,324.4661246612466,High,Low,Reorder
22471,TV DINNER TRAY AIR HOSTESS ,553,2017.33,122,0.7493224932249323,66,5.245257452574526,10.490514905149052,Low,High,Markdown
22472,TV DINNER TRAY DOLLY GIRL,1049,4644.27,203,1.4214092140921408,160,9.949864498644986,19.899728997289973,Low,High,Markdown
22473,TV DINNER TRAY VINTAGE PAISLEY,732,2580.44,166,0.991869918699187,137,6.943089430894308,13.886178861788617,Low,High,Markdown
22474,SPACEBOY TV DINNER TRAY,894,3928.14,189,1.2113821138211383,296,8.479674796747968,16.959349593495936,Low,High,Markdown
22475,SKULL DESIGN TV DINNER TRAY,690,3052.9,200,0.9349593495934959,233,6.544715447154472,13.089430894308943,Low,High,Markdown
22476,EMPIRE UNION JACK TV DINNER TRAY,1221,4079.47,188,1.6544715447154472,239,11.58130081300813,23.16260162601626,Low,High,Markdown
22477,WATERING CAN GARDEN MARKER,2243,2967.45,183,3.0392953929539295,45,21.275067750677508,42.550135501355015,Low,Low,Healthy
22478,BIRDHOUSE GARDEN MARKER ,2537,3336.85,216,3.437669376693767,28,24.06368563685637,48.12737127371274,High,Low,Reorder
22479,DAISY GARDEN MARKER,1832,2453.7,154,2.4823848238482387,290,17.37669376693767,34.75338753387534,Low,High,Markdown
22480,RED TEA TOWEL CLASSIC DESIGN,2272,2730.56,245,3.078590785907859,29,21.55013550135501,43.10027100271002,High,Low,Reorder
22481,BLACK TEA TOWEL CLASSIC DESIGN,1110,1130.24,166,1.5040650406504066,140,10.528455284552846,21.056910569105693,Low,High,Markdown
22482,BLUE TEA TOWEL CLASSIC DESIGN,2233,2627.09,201,3.0257452574525745,144,21.180216802168022,42.360433604336045,Low,Low,Healthy
22483,RED GINGHAM TEDDY BEAR ,1812,5080.68,302,2.4552845528455283,189,17.1869918699187,34.3739837398374,Low,High,Markdown
22485,SET OF 2 WOODEN MARKET CRATES,995,12146.25,341,1.348238482384824,91,9.437669376693767,18.875338753387535,Low,High,Markdown
22486,PLASMATRONIC LAMP,85,698.89,25,0.11517615176151762,171,0.8062330623306233,1.6124661246612466,Low,High,Markdown
22487,WHITE WOOD GARDEN PLANT LADDER,1519,14256.96,808,2.0582655826558267,227,14.407859078590787,28.815718157181575,Low,High,Markdown
22488,NATURAL SLATE RECTANGLE CHALKBOARD,6453,10285.61,653,8.74390243902439,68,61.207317073170735,122.41463414634147,High,Low,Reorder
22489,PACK OF 12 TRADITIONAL CRAYONS,17090,6889.77,609,23.15718157181572,173,162.10027100271003,324.20054200542006,High,Low,Reorder
22491,PACK OF 12 COLOURED PENCILS,7322,5831.36,360,9.92140921409214,87,69.44986449864498,138.89972899728997,High,Low,Reorder
22492,MINI PAINT SET VINTAGE ,42695,26614.79,635,57.85230352303523,69,404.9661246612466,809.9322493224932,High,Low,Reorder
22493,PAINT YOUR OWN CANVAS SET,4505,7107.33,352,6.1043360433604335,171,42.730352303523034,85.46070460704607,Low,Low,Healthy
22494,EMERGENCY FIRST AID TIN ,2502,3099.4,294,3.3902439024390243,38,23.73170731707317,47.46341463414634,High,Low,Reorder
22495,SET OF 2 ROUND TINS CAMEMBERT ,879,2322.3300000000004,189,1.1910569105691058,119,8.33739837398374,16.67479674796748,Low,High,Markdown
22496,SET OF 2 ROUND TINS DUTCH CHEESE,698,1790.5400000000002,174,0.94579945799458,79,6.62059620596206,13.24119241192412,Low,High,Markdown
22497,SET OF 2 TINS VINTAGE BATHROOM ,838,3511.5,205,1.1355013550135502,186,7.948509485094851,15.897018970189702,Low,High,Markdown
22498,WOODEN REGATTA BUNTING,991,5704.45,294,1.3428184281842819,221,9.399728997289973,18.799457994579946,Low,High,Markdown
22499,WOODEN UNION JACK BUNTING,3165,18251.280000000002,632,4.288617886178862,165,30.020325203252035,60.04065040650407,Low,Low,Healthy
22500,SET OF 2 TINS JARDIN DE PROVENCE,553,2383.85,177,0.7493224932249323,183,5.245257452574526,10.490514905149052,Low,High,Markdown
22501,PICNIC BASKET WICKER LARGE,2055,18794.25,497,2.7845528455284554,261,19.491869918699187,38.983739837398375,Low,High,Markdown
22502,PICNIC BASKET WICKER SMALL,3046,54565.1,568,4.127371273712737,88,28.89159891598916,57.78319783197832,Low,Low,Healthy
22503,CABIN BAG VINTAGE PAISLEY,105,2417.15,35,0.14227642276422764,194,0.9959349593495934,1.9918699186991868,Low,High,Markdown
22504,CABIN BAG VINTAGE RETROSPOT,269,5976.95,76,0.36449864498644985,68,2.551490514905149,5.102981029810298,Low,High,Markdown
22505,MEMO BOARD COTTAGE DESIGN,3605,16599.89,655,4.884823848238482,127,34.19376693766937,68.38753387533875,Low,Low,Healthy
22507,MEMO BOARD RETROSPOT  DESIGN,5208,23083.44,737,7.056910569105691,245,49.39837398373984,98.79674796747967,Low,Low,Healthy
22508,DOORSTOP RETROSPOT HEART,2695,10283.5,577,3.651761517615176,180,25.56233062330623,51.12466124661246,Low,Low,Healthy
22509,SEWING BOX RETROSPOT DESIGN ,372,4640.4,172,0.5040650406504065,138,3.5284552845528454,7.056910569105691,Low,High,Markdown
22510,DOORSTOP RUSSIAN DOLL GINGHAM,308,766.36,82,0.4173441734417344,168,2.921409214092141,5.842818428184282,Low,High,Markdown
22511,DOORSTOP RUSSIAN DOLL RETROSPOT,387,976.85,101,0.524390243902439,169,3.6707317073170733,7.341463414634147,Low,High,Markdown
22512,DOORSTOP RACING CAR DESIGN,375,888.23,63,0.508130081300813,162,3.5569105691056913,7.1138211382113825,Low,High,Markdown
22513,DOORSTOP FOOTBALL DESIGN,556,1675.96,143,0.7533875338753387,179,5.273712737127371,10.547425474254743,Low,High,Markdown
22514,CHILDS GARDEN SPADE BLUE,1022,1978.68,193,1.3848238482384825,30,9.693766937669377,19.387533875338754,Low,Low,Healthy
22515,CHILDS GARDEN SPADE PINK,990,1908.48,166,1.3414634146341464,157,9.390243902439025,18.78048780487805,Low,High,Markdown
22516,CHILDS GARDEN RAKE BLUE,786,1490.58,126,1.065040650406504,97,7.455284552845528,14.910569105691057,Low,High,Markdown
22517,CHILDS GARDEN RAKE PINK,772,1458.18,125,1.046070460704607,96,7.3224932249322485,14.644986449864497,Low,High,Markdown
22518,CHILDS GARDEN BRUSH BLUE,1304,2515.38,201,1.7669376693766938,273,12.368563685636857,24.737127371273715,Low,High,Markdown
22519,CHILDS GARDEN BRUSH PINK,1320,2554.98,203,1.7886178861788617,277,12.520325203252032,25.040650406504064,Low,High,Markdown
22520,CHILDS GARDEN TROWEL BLUE ,2185,1840.09,327,2.9607046070460705,282,20.724932249322492,41.449864498644985,Low,High,Markdown
22521,CHILDS GARDEN TROWEL PINK,2196,1846.32,324,2.975609756097561,104,20.829268292682926,41.65853658536585,Low,Low,Healthy
22522,CHILDS GARDEN FORK BLUE ,2185,1815.1299999999999,307,2.9607046070460705,165,20.724932249322492,41.449864498644985,Low,Low,Healthy
22523,CHILDS GARDEN FORK PINK,2122,1783.4199999999998,313,2.875338753387534,61,20.127371273712736,40.25474254742547,Low,Low,Healthy
22524,CHILDRENS GARDEN GLOVES BLUE,1735,2142.91,232,2.350948509485095,144,16.456639566395665,32.91327913279133,Low,High,Markdown
22525,CHILDRENS GARDEN GLOVES PINK,1741,2145.85,240,2.359078590785908,186,16.513550135501355,33.02710027100271,Low,High,Markdown
22526,WHEELBARROW FOR CHILDREN ,518,6133.62,187,0.7018970189701897,260,4.913279132791328,9.826558265582657,Low,High,Markdown
22528,GARDENERS KNEELING PAD,5363,6329.83,449,7.266937669376694,299,50.86856368563686,101.73712737127371,Low,Low,Healthy
22529,MAGIC DRAWING SLATE GO TO THE FAIR ,2391,956.7,138,3.2398373983739837,207,22.678861788617887,45.357723577235774,Low,High,Markdown
22530,MAGIC DRAWING SLATE DOLLY GIRL ,9630,3862.44,375,13.048780487804878,38,91.34146341463415,182.6829268292683,High,Low,Reorder
22531,MAGIC DRAWING SLATE CIRCUS PARADE  ,7696,3134.4,336,10.42818428184282,87,72.99728997289974,145.99457994579947,High,Low,Reorder
22532,MAGIC DRAWING SLATE LEAP FROG ,2836,1081.68,156,3.8428184281842817,237,26.899728997289973,53.799457994579946,Low,High,Markdown
22533,MAGIC DRAWING SLATE BAKE A CAKE ,4447,1719.42,198,6.0257452574525745,121,42.18021680216802,84.36043360433604,Low,Low,Healthy
22534,MAGIC DRAWING SLATE SPACEBOY ,12269,4954.26,467,16.624661246612465,61,116.37262872628726,232.74525745257452,High,Low,Reorder
22535,MAGIC DRAWING SLATE BUNNIES ,4283,1709.58,257,5.803523035230352,186,40.62466124661246,81.24932249322492,Low,Low,Healthy
22536,MAGIC DRAWING SLATE PURDEY,9026,3537.7200000000003,327,12.230352303523036,128,85.61246612466125,171.2249322493225,High,Low,Reorder
22537,MAGIC DRAWING SLATE DINOSAUR,5707,2304.78,285,7.733062330623306,55,54.13143631436314,108.26287262872629,High,Low,Reorder
22538,MINI JIGSAW GO TO THE FAIR,1409,580.74,62,1.9092140921409213,251,13.36449864498645,26.7289972899729,Low,High,Markdown
22539,MINI JIGSAW DOLLY GIRL,5512,2150.5699999999997,169,7.468834688346884,248,52.28184281842819,104.56368563685638,Low,Low,Healthy
22540,MINI JIGSAW CIRCUS PARADE ,6063,2337.06,151,8.215447154471544,183,57.508130081300806,115.01626016260161,Low,Low,Healthy
22541,MINI JIGSAW LEAP FROG,1192,471.56,40,1.6151761517615175,92,11.306233062330623,22.612466124661246,Low,Low,Healthy
22543,MINI JIGSAW BAKE A CAKE ,3198,1242.25,87,4.333333333333333,155,30.333333333333332,60.666666666666664,Low,Low,Healthy
22544,MINI JIGSAW SPACEBOY,9209,3613.4,261,12.478319783197833,89,87.34823848238483,174.69647696476966,High,Low,Reorder
22545,MINI JIGSAW BUNNIES,3354,1339.53,132,4.544715447154472,215,31.8130081300813,63.6260162601626,Low,Low,Healthy
22546,MINI JIGSAW FIDO,4309,1707.43,135,5.838753387533876,288,40.87127371273713,81.74254742547426,Low,Low,Healthy
22547,MINI JIGSAW DINOSAUR ,1864,752.43,109,2.5257452574525745,68,17.680216802168022,35.360433604336045,Low,Low,Healthy
22548,HEADS AND TAILS SPORTING FUN,3315,3873.1,375,4.491869918699187,149,31.44308943089431,62.88617886178862,Low,Low,Healthy
22549,PICTURE DOMINOES,6222,8813.74,540,8.43089430894309,24,59.01626016260163,118.03252032520327,High,Low,Reorder
22550,HOLIDAY FUN LUDO,1921,6869.0,346,2.602981029810298,46,18.220867208672086,36.44173441734417,Low,Low,Healthy
22551,PLASTERS IN TIN SPACEBOY,14623,23194.95,1156,19.814363143631436,179,138.70054200542006,277.4010840108401,High,Low,Reorder
22553,PLASTERS IN TIN SKULLS,7363,11913.75,905,9.976964769647697,168,69.83875338753388,139.67750677506777,Low,Low,Healthy
22554,PLASTERS IN TIN WOODLAND ANIMALS,12824,20471.68,1097,17.37669376693767,283,121.63685636856368,243.27371273712737,Low,Low,Healthy
22555,PLASTERS IN TIN STRONGMAN,11276,18021.44,867,15.279132791327914,249,106.9539295392954,213.9078590785908,Low,Low,Healthy
22556,PLASTERS IN TIN CIRCUS PARADE ,13112,20950.16,1100,17.766937669376695,219,124.36856368563687,248.73712737127374,High,Low,Reorder
22557,PLASTERS IN TIN VINTAGE PAISLEY ,9827,15614.59,991,13.315718157181571,69,93.21002710027099,186.42005420054198,High,Low,Reorder
22558,CLOTHES PEGS RETROSPOT PACK 24 ,13410,18411.74,1017,18.170731707317074,86,127.19512195121952,254.39024390243904,High,Low,Reorder
22559,SEASIDE FRISBEE ,1410,1701.3600000000001,136,1.910569105691057,77,13.3739837398374,26.7479674796748,Low,Low,Healthy
22560,TRADITIONAL MODELLING CLAY,14393,16851.64,655,19.50271002710027,278,136.5189701897019,273.0379403794038,Low,Low,Healthy
22561,WOODEN SCHOOL COLOURING SET,11158,17861.22,838,15.119241192411923,149,105.83468834688347,211.66937669376694,High,Low,Reorder
22562,MONSTERS STENCIL CRAFT,3938,4600.54,362,5.336043360433604,234,37.352303523035225,74.70460704607045,Low,Low,Healthy
22563,HAPPY STENCIL CRAFT,5857,6756.4,481,7.936314363143631,191,55.55420054200542,111.10840108401084,Low,Low,Healthy
22564,ALPHABET STENCIL CRAFT,4526,5137.01,312,6.132791327913279,277,42.92953929539295,85.8590785907859,Low,Low,Healthy
22565,FELTCRAFT HAIRBANDS PINK + WHITE ,1897,1610.8899999999999,220,2.5704607046070462,121,17.993224932249323,35.986449864498645,Low,Low,Healthy
22566,"FELTCRAFT HAIRBAND S/2, PINK/PURPLE",2750,2251.7,250,3.7262872628726287,228,26.0840108401084,52.1680216802168,Low,High,Markdown
22567,20 DOLLY PEGS RETROSPOT,5385,6568.75,431,7.296747967479675,135,51.077235772357724,102.15447154471545,Low,Low,Healthy
22568,FELTCRAFT CUSHION OWL,5312,19128.13,771,7.197831978319783,283,50.38482384823848,100.76964769647697,Low,Low,Healthy
22569,FELTCRAFT CUSHION BUTTERFLY,5357,18865.21,679,7.2588075880758804,169,50.81165311653116,101.62330623306232,Low,Low,Healthy
22570,FELTCRAFT CUSHION RABBIT,5420,19282.55,677,7.3441734417344176,55,51.40921409214092,102.81842818428184,High,Low,Reorder
22571,ROCKING HORSE RED CHRISTMAS ,5293,4336.8099999999995,379,7.172086720867209,227,50.204607046070464,100.40921409214093,Low,Low,Healthy
22572,ROCKING HORSE GREEN CHRISTMAS ,3115,2560.39,264,4.220867208672087,125,29.54607046070461,59.09214092140922,Low,Low,Healthy
22573,STAR WOODEN CHRISTMAS DECORATION,4502,3739.3399999999997,290,6.100271002710027,177,42.701897018970186,85.40379403794037,Low,Low,Healthy
22574,HEART WOODEN CHRISTMAS DECORATION,4684,3980.62,309,6.3468834688346885,140,44.42818428184282,88.85636856368563,Low,Low,Healthy
22575,METAL MERRY CHRISTMAS WREATH,2807,5321.849999999999,299,3.803523035230352,74,26.624661246612465,53.24932249322493,Low,Low,Healthy
22576,SWALLOW WOODEN CHRISTMAS DECORATION,2905,2456.77,243,3.9363143631436315,31,27.55420054200542,55.10840108401084,High,Low,Reorder
22577,WOODEN HEART CHRISTMAS SCANDINAVIAN,13005,6155.45,727,17.621951219512194,164,123.35365853658536,246.7073170731707,High,Low,Reorder
22578,WOODEN STAR CHRISTMAS SCANDINAVIAN,12252,5394.48,664,16.601626016260163,155,116.21138211382114,232.4227642276423,High,Low,Reorder
22579,WOODEN TREE CHRISTMAS SCANDINAVIAN,6662,3242.74,460,9.02710027100271,22,63.18970189701898,126.37940379403796,High,Low,Reorder
22580,ADVENT CALENDAR GINGHAM SACK,1785,10338.230000000001,388,2.4186991869918697,163,16.93089430894309,33.86178861788618,Low,High,Markdown
22581,WOOD STOCKING CHRISTMAS SCANDISPOT,2998,2282.2799999999997,263,4.062330623306233,49,28.43631436314363,56.87262872628726,High,Low,Reorder
22582,PACK OF 6 SWEETIE GIFT BOXES,2459,6025.360000000001,252,3.331978319783198,256,23.323848238482388,46.647696476964775,Low,High,Markdown
22583,PACK OF 6 HANDBAG GIFT BOXES,1764,4455.6,284,2.3902439024390243,298,16.73170731707317,33.46341463414634,Low,High,Markdown
22584,PACK OF 6 PANNETONE GIFT BOXES,5019,12239.390000000001,512,6.800813008130081,134,47.60569105691057,95.21138211382114,Low,Low,Healthy
22585,PACK OF 6 BIRDY GIFT TAGS,16784,19950.85,950,22.742547425474253,123,159.19783197831978,318.39566395663957,High,Low,Reorder
22586,FELTCRAFT HAIRBAND PINK AND BLUE,1975,1660.03,235,2.676151761517615,137,18.733062330623305,37.46612466124661,Low,Low,Healthy
22587,"FELTCRAFT HAIRBAND, S/2, RED/BLUE",1995,1658.31,245,2.703252032520325,24,18.922764227642276,37.84552845528455,High,Low,Reorder
22588,CARDHOLDER GINGHAM HEART,2643,6756.17,400,3.5813008130081303,267,25.06910569105691,50.13821138211382,Low,High,Markdown
22589,CARDHOLDER GINGHAM STAR,1225,3197.39,197,1.6598915989159893,140,11.619241192411925,23.23848238482385,Low,High,Markdown
22591,CARDHOLDER GINGHAM CHRISTMAS TREE,1284,3474.14,174,1.7398373983739837,168,12.178861788617885,24.35772357723577,Low,High,Markdown
22592,CARDHOLDER HOLLY WREATH METAL,1814,6730.6,251,2.4579945799457996,103,17.205962059620596,34.41192411924119,Low,Low,Healthy
22593,CHRISTMAS GINGHAM STAR,5067,4246.11,311,6.865853658536586,250,48.0609756097561,96.1219512195122,Low,Low,Healthy
22594,CHRISTMAS GINGHAM TREE,4354,3661.12,290,5.899728997289973,180,41.298102981029814,82.59620596205963,Low,Low,Healthy
22595,CHRISTMAS GINGHAM HEART,12076,9817.66,640,16.363143631436316,291,114.54200542005421,229.08401084010842,Low,Low,Healthy
22596,CHRISTMAS STAR WISH LIST CHALKBOARD,6080,5853.92,402,8.238482384823849,57,57.66937669376694,115.33875338753388,High,Low,Reorder
22597,CHRISTMAS MUSICAL ZINC HEART ,4181,2271.23,205,5.6653116531165315,245,39.65718157181572,79.31436314363144,Low,Low,Healthy
22598,CHRISTMAS MUSICAL ZINC TREE,1562,881.72,93,2.116531165311653,161,14.815718157181571,29.631436314363143,Low,High,Markdown
22599,CHRISTMAS MUSICAL ZINC STAR,2562,1374.74,131,3.4715447154471546,170,24.30081300813008,48.60162601626016,Low,Low,Healthy
22600,CHRISTMAS RETROSPOT STAR WOOD,4594,3793.3599999999997,345,6.224932249322493,133,43.57452574525745,87.1490514905149,Low,Low,Healthy
22601,CHRISTMAS RETROSPOT ANGEL WOOD,4923,4016.0699999999997,330,6.670731707317073,256,46.69512195121951,93.39024390243902,Low,Low,Healthy
22602,CHRISTMAS RETROSPOT HEART WOOD,6067,4936.99,405,8.220867208672086,85,57.5460704607046,115.0921409214092,High,Low,Reorder
22603,CHRISTMAS RETROSPOT TREE WOOD,3949,3239.65,301,5.350948509485095,277,37.456639566395665,74.91327913279133,Low,Low,Healthy
22604,SET OF 4 NAPKIN CHARMS CUTLERY,1924,4512.61,221,2.607046070460705,268,18.249322493224934,36.49864498644987,Low,High,Markdown
22605,WOODEN CROQUET GARDEN SET,1710,20813.809999999998,548,2.317073170731707,199,16.21951219512195,32.4390243902439,Low,High,Markdown
22606,WOODEN SKITTLES GARDEN SET,1022,13722.74,337,1.3848238482384825,209,9.693766937669377,19.387533875338754,Low,High,Markdown
22607,WOODEN ROUNDERS GARDEN SET ,2406,20978.47,643,3.2601626016260163,173,22.821138211382113,45.642276422764226,Low,Low,Healthy
22608,PENS ASSORTED FUNKY JEWELED ,5401,1406.29,98,7.318428184281843,215,51.2289972899729,102.4579945799458,Low,Low,Healthy
22609,PENS ASSORTED SPACEBALL,6758,2221.1,152,9.157181571815718,281,64.10027100271003,128.20054200542006,Low,Low,Healthy
22610,PENS ASSORTED FUNNY FACE,12170,4764.98,223,16.490514905149052,162,115.43360433604336,230.86720867208672,High,Low,Reorder
22611,VINTAGE UNION JACK SHOPPING BAG,896,4227.6,185,1.2140921409214092,120,8.498644986449865,16.99728997289973,Low,High,Markdown
22612,TEA COSY VINTAGE UNION JACK,988,3885.93,96,1.3387533875338753,263,9.371273712737127,18.742547425474253,Low,High,Markdown
22613,PACK OF 20 SPACEBOY NAPKINS,2962,2302.48,226,4.013550135501355,31,28.09485094850949,56.18970189701898,High,Low,Reorder
22614,PACK OF 12 SPACEBOY TISSUES,5427,1673.6499999999999,298,7.353658536585366,258,51.47560975609756,102.95121951219512,Low,Low,Healthy
22615,PACK OF 12 CIRCUS PARADE TISSUES ,3643,1084.09,136,4.936314363143631,68,34.55420054200542,69.10840108401084,High,Low,Reorder
22616,PACK OF 12 LONDON TISSUES ,37084,10519.359999999999,633,50.24932249322493,61,351.7452574525745,703.490514905149,High,Low,Reorder
22617,BAKING SET SPACEBOY DESIGN,4165,19719.21,883,5.643631436314363,185,39.50542005420054,79.01084010840108,Low,Low,Healthy
22618,COOKING SET RETROSPOT,696,6609.839999999999,224,0.943089430894309,101,6.6016260162601625,13.203252032520325,Low,High,Markdown
22619,SET OF 6 SOLDIER SKITTLES,3778,14010.85,577,5.119241192411924,177,35.83468834688347,71.66937669376694,Low,Low,Healthy
22620,4 TRADITIONAL SPINNING TOPS,7559,9763.68,654,10.242547425474255,235,71.69783197831978,143.39566395663957,Low,Low,Healthy
22621,TRADITIONAL KNITTING NANCY,8365,12780.57,719,11.33468834688347,177,79.34281842818429,158.68563685636857,Low,Low,Healthy
22622,BOX OF VINTAGE ALPHABET BLOCKS,2833,27251.26,511,3.8387533875338753,153,26.87127371273713,53.74254742547426,Low,Low,Healthy
22623,BOX OF VINTAGE JIGSAW BLOCKS ,2195,11129.42,500,2.9742547425474255,86,20.819783197831978,41.639566395663955,Low,Low,Healthy
22624,IVORY KITCHEN SCALES,2916,24137.48,1065,3.951219512195122,26,27.65853658536585,55.3170731707317,High,Low,Reorder
22625,RED KITCHEN SCALES,2360,19149.63,781,3.1978319783197833,33,22.384823848238483,44.769647696476966,High,Low,Reorder
22626,BLACK KITCHEN SCALES,802,6619.43,305,1.0867208672086721,92,7.607046070460704,15.214092140921409,Low,High,Markdown
22627,MINT KITCHEN SCALES,1476,12219.99,558,2.0,182,14.0,28.0,Low,High,Markdown
22628,PICNIC BOXES SET OF 3 RETROSPOT ,1515,7051.25,250,2.0528455284552845,85,14.369918699186991,28.739837398373982,Low,Low,Healthy
22629,SPACEBOY LUNCH BOX ,20271,36150.99,1108,27.46747967479675,149,192.27235772357724,384.5447154471545,High,Low,Reorder
22630,DOLLY GIRL LUNCH BOX,17340,30921.64,998,23.495934959349594,225,164.47154471544715,328.9430894308943,High,Low,Reorder
22631,CIRCUS PARADE LUNCHBOX ,5872,10793.779999999999,469,7.956639566395664,295,55.696476964769644,111.39295392953929,Low,Low,Healthy
22632,HAND WARMER RED POLKA DOT,10170,20148.72,721,13.78048780487805,275,96.46341463414635,192.9268292682927,Low,Low,Healthy
22633,HAND WARMER UNION JACK,8364,16857.36,790,11.333333333333334,285,79.33333333333334,158.66666666666669,Low,Low,Healthy
22634,CHILDS BREAKFAST SET SPACEBOY ,1627,15021.4,464,2.2046070460704605,44,15.432249322493224,30.864498644986448,Low,Low,Healthy
22635,CHILDS BREAKFAST SET DOLLY GIRL ,1598,14787.949999999999,450,2.165311653116531,272,15.157181571815718,30.314363143631436,Low,High,Markdown
22636,CHILDS BREAKFAST SET CIRCUS PARADE,1565,12716.380000000001,460,2.1205962059620598,183,14.84417344173442,29.68834688346884,Low,High,Markdown
22637,PIGGY BANK RETROSPOT ,4278,10377.02,496,5.796747967479675,114,40.577235772357724,81.15447154471545,Low,Low,Healthy
22638,SET OF 4 NAPKIN CHARMS CROWNS ,357,640.12,59,0.483739837398374,289,3.386178861788618,6.772357723577236,Low,High,Markdown
22639,SET OF 4 NAPKIN CHARMS HEARTS,1598,3776.2200000000003,248,2.165311653116531,129,15.157181571815718,30.314363143631436,Low,Low,Healthy
22640,SET OF 4 NAPKIN CHARMS 3 KEYS ,298,629.82,69,0.4037940379403794,257,2.8265582655826558,5.6531165311653115,Low,High,Markdown
22641,SET OF 4 NAPKIN CHARMS INSTRUMENT,267,606.77,53,0.3617886178861789,44,2.532520325203252,5.065040650406504,Low,High,Markdown
22642,SET OF 4 NAPKIN CHARMS STARS   ,959,2230.7000000000003,130,1.2994579945799458,160,9.09620596205962,18.19241192411924,Low,High,Markdown
22643,SET OF 4 NAPKIN CHARMS LEAVES   ,405,882.99,76,0.5487804878048781,136,3.8414634146341466,7.682926829268293,Low,High,Markdown
22644,CERAMIC CHERRY CAKE MONEY BANK,4583,6016.429999999999,465,6.210027100271002,44,43.47018970189701,86.94037940379403,High,Low,Reorder
22645,CERAMIC HEART FAIRY CAKE MONEY BANK,4683,6401.29,556,6.345528455284553,98,44.41869918699187,88.83739837398375,Low,Low,Healthy
22646,CERAMIC STRAWBERRY CAKE MONEY BANK,8514,11187.26,697,11.536585365853659,87,80.75609756097562,161.51219512195124,High,Low,Reorder
22647,CERAMIC LOVE HEART MONEY BANK,1042,866.5,68,1.4119241192411924,192,9.883468834688347,19.766937669376695,Low,High,Markdown
22649,STRAWBERRY FAIRY CAKE TEAPOT,2219,10657.15,414,3.0067750677506777,31,21.047425474254744,42.09485094850949,High,Low,Reorder
22650,CERAMIC PIRATE CHEST MONEY BANK,1689,2403.45,221,2.2886178861788617,147,16.020325203252032,32.040650406504064,Low,High,Markdown
22651,GENTLEMAN SHIRT REPAIR KIT ,2923,2356.63,150,3.9607046070460705,115,27.724932249322492,55.449864498644985,Low,Low,Healthy
22652,TRAVEL SEWING KIT,9353,14859.81,716,12.673441734417343,111,88.71409214092141,177.42818428184282,High,Low,Reorder
22653,BUTTON BOX ,2198,4158.36,231,2.978319783197832,160,20.848238482384822,41.696476964769644,Low,Low,Healthy
22654,DELUXE SEWING KIT ,2045,11611.27,440,2.7710027100271004,50,19.397018970189702,38.794037940379404,Low,Low,Healthy
22655,VINTAGE RED KITCHEN CABINET,75,12550.0,52,0.1016260162601626,39,0.7113821138211383,1.4227642276422765,Low,High,Markdown
22656,VINTAGE BLUE KITCHEN CABINET,45,9290.0,37,0.06097560975609756,165,0.4268292682926829,0.8536585365853658,Low,High,Markdown
22657,HEN & 2 CHICKS IN BASKET,59,50.15,7,0.07994579945799458,179,0.559620596205962,1.119241192411924,Low,High,Markdown
22659,LUNCHBOX I LOVE LONDON,15157,26598.67,764,20.537940379403793,62,143.76558265582656,287.5311653116531,High,Low,Reorder
22660,DOORMAT I LOVE LONDON,831,5136.67,148,1.1260162601626016,273,7.882113821138211,15.764227642276422,Low,High,Markdown
22661,CHARLOTTE BAG DOLLY GIRL DESIGN,8034,6365.84,536,10.886178861788618,149,76.20325203252033,152.40650406504065,High,Low,Reorder
22662,LUNCH BAG DOLLY GIRL DESIGN,9715,15305.19,872,13.163956639566395,79,92.14769647696477,184.29539295392954,High,Low,Reorder
22663,JUMBO BAG DOLLY GIRL DESIGN,5367,10206.78,526,7.272357723577236,170,50.90650406504065,101.8130081300813,Low,Low,Healthy
22664,TOY TIDY DOLLY GIRL DESIGN,1304,2474.38,178,1.7669376693766938,24,12.368563685636857,24.737127371273715,High,Low,Reorder
22665,RECIPE BOX BLUE SKETCHBOOK DESIGN,2535,7172.81,507,3.434959349593496,285,24.044715447154474,48.08943089430895,Low,High,Markdown
22666,RECIPE BOX PANTRY YELLOW DESIGN,9600,27222.52,1277,13.008130081300813,149,91.0569105691057,182.1138211382114,High,Low,Reorder
22667,RECIPE BOX RETRO SPOT DESIGN,4793,13376.150000000001,820,6.494579945799458,286,45.46205962059621,90.92411924119241,Low,Low,Healthy
22668,PINK BABY BUNTING,3290,9236.86,381,4.457994579945799,197,31.205962059620596,62.41192411924119,Low,Low,Healthy
22669,RED BABY BUNTING ,2165,6266.75,334,2.9336043360433606,272,20.535230352303525,41.07046070460705,Low,High,Markdown
22670,FRENCH WC SIGN BLUE METAL,4283,5136.36,315,5.803523035230352,75,40.62466124661246,81.24932249322492,High,Low,Reorder
22671,FRENCH LAUNDRY SIGN BLUE METAL,1618,2599.46,190,2.192411924119241,102,15.346883468834687,30.693766937669373,Low,Low,Healthy
22672,FRENCH BATHROOM SIGN BLUE METAL,2723,4382.67,298,3.68970189701897,118,25.82791327913279,51.65582655826558,Low,Low,Healthy
22673,FRENCH GARDEN SIGN BLUE METAL,1280,1577.34,168,1.7344173441734418,168,12.140921409214092,24.281842818428185,Low,High,Markdown
22674,FRENCH TOILET SIGN BLUE METAL,2267,2741.48,243,3.0718157181571817,175,21.50271002710027,43.00542005420054,Low,Low,Healthy
22675,FRENCH KITCHEN SIGN BLUE METAL,2146,2599.91,226,2.907859078590786,209,20.355013550135503,40.710027100271006,Low,High,Markdown
22676,"FRENCH BLUE METAL DOOR SIGN, 1",1679,2102.39,221,2.2750677506775068,282,15.925474254742547,31.850948509485093,Low,High,Markdown
22677,"FRENCH BLUE METAL DOOR SIGN, 2",1435,1793.76,189,1.9444444444444444,99,13.61111111111111,27.22222222222222,Low,Low,Healthy
22678,"FRENCH BLUE METAL DOOR SIGN, 3",1285,1608.68,172,1.7411924119241193,271,12.188346883468835,24.37669376693767,Low,High,Markdown
22679,"FRENCH BLUE METAL DOOR SIGN, 4",1154,1444.32,156,1.5636856368563685,116,10.94579945799458,21.89159891598916,Low,High,Markdown
22680,"FRENCH BLUE METAL DOOR SIGN, 5",1240,1551.22,163,1.6802168021680217,279,11.761517615176151,23.523035230352303,Low,High,Markdown
22681,"FRENCH BLUE METAL DOOR SIGN, 6",1072,1341.82,132,1.4525745257452574,279,10.168021680216802,20.336043360433603,Low,High,Markdown
22682,"FRENCH BLUE METAL DOOR SIGN, 7",1096,1370.61,138,1.4850948509485096,122,10.395663956639567,20.791327913279133,Low,High,Markdown
22683,"FRENCH BLUE METAL DOOR SIGN, 8",1045,1308.07,137,1.415989159891599,59,9.911924119241194,19.823848238482388,Low,Low,Healthy
22684,"FRENCH BLUE METAL DOOR SIGN, 9",931,1163.15,115,1.2615176151761518,292,8.830623306233063,17.661246612466126,Low,High,Markdown
22685,"FRENCH BLUE METAL DOOR SIGN, 0",1027,1283.15,127,1.39159891598916,120,9.74119241192412,19.48238482384824,Low,High,Markdown
22686,"FRENCH BLUE METAL DOOR SIGN, No",1246,1480.95,116,1.6883468834688347,240,11.818428184281842,23.636856368563684,Low,High,Markdown
22687,DOORMAT CHRISTMAS VILLAGE,837,4966.929999999999,113,1.1341463414634145,143,7.939024390243902,15.878048780487804,Low,High,Markdown
22688,DOORMAT PEACE ON EARTH BLUE,856,4621.360000000001,85,1.1598915989159893,250,8.119241192411925,16.23848238482385,Low,High,Markdown
22689,DOORMAT MERRY CHRISTMAS RED ,1004,7171.64,211,1.3604336043360434,197,9.523035230352304,19.04607046070461,Low,High,Markdown
22690,DOORMAT HOME SWEET HOME BLUE ,2493,15329.57,401,3.3780487804878048,82,23.646341463414632,47.292682926829265,Low,Low,Healthy
22691,DOORMAT WELCOME SUNRISE,718,4602.26,182,0.9728997289972899,135,6.8102981029810294,13.620596205962059,Low,High,Markdown
22692,DOORMAT WELCOME TO OUR HOME,1935,13103.81,460,2.6219512195121952,210,18.353658536585368,36.707317073170735,Low,High,Markdown
22693,GROW A FLYTRAP OR SUNFLOWER IN TIN,17242,18798.98,281,23.363143631436316,81,163.5420054200542,327.0840108401084,High,Low,Reorder
22694,WICKER STAR ,4428,9115.800000000001,720,6.0,275,42.0,84.0,Low,Low,Healthy
22695,WICKER WREATH SMALL,1378,1822.02,184,1.867208672086721,26,13.070460704607047,26.140921409214094,High,Low,Reorder
22696,WICKER WREATH LARGE,1360,2577.2599999999998,245,1.8428184281842819,174,12.899728997289973,25.799457994579946,Low,High,Markdown
22697,GREEN REGENCY TEACUP AND SAUCER,8674,23979.74,946,11.753387533875339,111,82.27371273712737,164.54742547425474,High,Low,Reorder
22698,PINK REGENCY TEACUP AND SAUCER,7552,20713.640000000003,755,10.233062330623307,33,71.63143631436314,143.26287262872629,High,Low,Reorder
22699,ROSES REGENCY TEACUP AND SAUCER ,12149,33037.350000000006,1070,16.462059620596207,248,115.23441734417345,230.4688346883469,Low,Low,Healthy
22700,BLACK AND WHITE DOG BOWL,1377,3114.27,92,1.8658536585365855,105,13.060975609756099,26.121951219512198,Low,Low,Healthy
22701,PINK DOG BOWL,552,954.7800000000001,86,0.7479674796747967,152,5.235772357723577,10.471544715447154,Low,High,Markdown
22702,BLACK AND WHITE CAT BOWL,1573,3097.7999999999997,82,2.131436314363144,202,14.920054200542006,29.840108401084013,Low,High,Markdown
22703,PINK CAT BOWL,310,547.92,74,0.42005420054200543,81,2.940379403794038,5.880758807588076,Low,High,Markdown
22704,WRAP RED APPLES ,8650,3553.0,293,11.720867208672086,238,82.0460704607046,164.0921409214092,Low,Low,Healthy
22705,WRAP GREEN PEARS ,3700,1554.0,147,5.013550135501355,265,35.09485094850949,70.18970189701898,Low,Low,Healthy
22706,WRAP COWBOYS  ,4215,1690.3,123,5.711382113821138,249,39.979674796747965,79.95934959349593,Low,Low,Healthy
22707,WRAP MONSTER FUN ,2150,903.0,81,2.913279132791328,98,20.392953929539296,40.78590785907859,Low,Low,Healthy
22708,WRAP DOLLY GIRL,5300,2130.0,158,7.181571815718157,168,50.2710027100271,100.5420054200542,Low,Low,Healthy
22709,WRAP WEDDING DAY,2775,1089.5,76,3.7601626016260163,157,26.321138211382113,52.642276422764226,Low,Low,Healthy
22710,WRAP I LOVE LONDON ,7104,2787.68,168,9.626016260162602,84,67.38211382113822,134.76422764227644,High,Low,Reorder
22711,WRAP CIRCUS PARADE,5302,2178.84,178,7.184281842818428,32,50.289972899728994,100.57994579945799,High,Low,Reorder
22712,CARD DOLLY GIRL ,7009,2777.73,345,9.497289972899729,232,66.48102981029811,132.96205962059622,Low,Low,Healthy
22713,CARD I LOVE LONDON ,5625,2214.2799999999997,240,7.621951219512195,261,53.353658536585364,106.70731707317073,Low,Low,Healthy
22714,CARD BIRTHDAY COWBOY,5097,2016.93,253,6.90650406504065,232,48.34552845528455,96.6910569105691,Low,Low,Healthy
22715,CARD WEDDING DAY,2646,1081.08,168,3.5853658536585367,200,25.097560975609756,50.19512195121951,Low,Low,Healthy
22716,CARD CIRCUS PARADE,5020,2066.43,341,6.802168021680217,192,47.61517615176152,95.23035230352303,Low,Low,Healthy
22717,CARD DOG AND BALL ,2322,949.32,152,3.1463414634146343,179,22.024390243902438,44.048780487804876,Low,Low,Healthy
22718,CARD CAT AND TREE ,2460,1020.24,170,3.3333333333333335,183,23.333333333333336,46.66666666666667,Low,Low,Healthy
22719,"GUMBALL COATHOOK., BLACK & WHITE ",1215,1370.55,109,1.646341463414634,207,11.524390243902438,23.048780487804876,Low,High,Markdown
22720,SET OF 3 CAKE TINS PANTRY DESIGN ,7010,33298.3,1146,9.498644986449865,210,66.49051490514906,132.9810298102981,Low,Low,Healthy
22721,SET OF 3 CAKE TINS SKETCHBOOK,908,3942.82,246,1.2303523035230353,275,8.612466124661246,17.224932249322492,Low,High,Markdown
22722,SET OF 6 SPICE TINS PANTRY DESIGN,5366,20506.300000000003,654,7.2710027100271,202,50.897018970189706,101.79403794037941,Low,Low,Healthy
22723,SET OF 6 HERB TINS SKETCHBOOK,1054,3686.1400000000003,235,1.4281842818428185,136,9.997289972899729,19.994579945799458,Low,High,Markdown
22725,ALARM CLOCK BAKELIKE CHOCOLATE,2266,8367.84,419,3.0704607046070462,215,21.493224932249323,42.986449864498645,Low,High,Markdown
22726,ALARM CLOCK BAKELIKE GREEN,6713,24898.96,1041,9.09620596205962,53,63.673441734417345,127.34688346883469,High,Low,Reorder
22727,ALARM CLOCK BAKELIKE RED ,8512,30703.09,1144,11.533875338753388,71,80.73712737127371,161.47425474254743,High,Low,Reorder
22728,ALARM CLOCK BAKELIKE PINK,5833,21369.98,772,7.903794037940379,131,55.326558265582655,110.65311653116531,Low,Low,Healthy
22729,ALARM CLOCK BAKELIKE ORANGE,2797,10300.44,500,3.789972899728997,271,26.52981029810298,53.05962059620596,Low,High,Markdown
22730,ALARM CLOCK BAKELIKE IVORY,3451,12951.5,616,4.676151761517615,101,32.733062330623305,65.46612466124661,Low,Low,Healthy
22731,3D CHRISTMAS STAMPS STICKERS ,2696,3329.68,203,3.6531165311653115,251,25.571815718157183,51.143631436314365,Low,High,Markdown
22732,3D VINTAGE CHRISTMAS STICKERS ,3467,4263.59,243,4.697831978319783,246,32.88482384823848,65.76964769647697,Low,Low,Healthy
22733,3D STICKERS TRADITIONAL CHRISTMAS ,3276,4080.04,253,4.439024390243903,252,31.07317073170732,62.14634146341464,Low,Low,Healthy
22734,SET OF 6 RIBBONS VINTAGE CHRISTMAS,8849,21490.170000000002,599,11.990514905149052,240,83.93360433604336,167.86720867208672,Low,Low,Healthy
22735,RIBBON REEL SOCKS AND MITTENS,1318,2146.38,159,1.7859078590785908,61,12.501355013550135,25.00271002710027,Low,Low,Healthy
22736,"RIBBON REEL, MAKING SNOWMEN ",2334,3834.2599999999998,298,3.16260162601626,40,22.13821138211382,44.27642276422764,High,Low,Reorder
22737,RIBBON REEL CHRISTMAS PRESENT ,2998,4925.54,381,4.062330623306233,61,28.43631436314363,56.87262872628726,Low,Low,Healthy
22738,RIBBON REEL SNOWY VILLAGE,4012,6431.68,352,5.436314363143631,132,38.05420054200542,76.10840108401084,Low,Low,Healthy
22739,"RIBBON REEL, XMAS SOCK/BAUBLE",3644,6024.84,426,4.937669376693767,124,34.56368563685637,69.12737127371274,Low,Low,Healthy
22740,POLKA DOT PEN,12599,10378.429999999998,205,17.071815718157183,211,119.50271002710028,239.00542005420056,High,Low,Reorder
22741,FUNKY DIVA PEN,10297,8672.109999999999,196,13.952574525745257,36,97.6680216802168,195.3360433604336,High,Low,Reorder
22742,MAKE YOUR OWN PLAYTIME CARD KIT,960,2227.4400000000005,161,1.3008130081300813,139,9.105691056910569,18.211382113821138,Low,High,Markdown
22743,MAKE YOUR OWN FLOWERPOWER CARD KIT,1309,3334.51,263,1.7737127371273713,148,12.415989159891598,24.831978319783197,Low,High,Markdown
22744,MAKE YOUR OWN MONSOON CARD KIT,1391,3489.4900000000002,254,1.8848238482384825,149,13.193766937669377,26.387533875338754,Low,High,Markdown
22745,POPPY'S PLAYHOUSE BEDROOM ,3330,6820.150000000001,556,4.512195121951219,79,31.585365853658534,63.17073170731707,Low,Low,Healthy
22746,POPPY'S PLAYHOUSE LIVINGROOM ,2589,5292.02,460,3.508130081300813,67,24.556910569105693,49.113821138211385,Low,Low,Healthy
22747,POPPY'S PLAYHOUSE BATHROOM,1870,3789.0,327,2.5338753387533877,48,17.737127371273715,35.47425474254743,Low,Low,Healthy
22748,POPPY'S PLAYHOUSE KITCHEN,3498,7192.01,616,4.739837398373984,116,33.17886178861789,66.35772357723577,Low,Low,Healthy
22749,FELTCRAFT PRINCESS CHARLOTTE DOLL,3407,12407.83,621,4.616531165311653,29,32.31571815718157,64.63143631436314,High,Low,Reorder
22750,FELTCRAFT PRINCESS LOLA DOLL,3039,11094.51,597,4.117886178861789,261,28.825203252032523,57.650406504065046,Low,High,Markdown
22751,FELTCRAFT PRINCESS OLIVIA DOLL,2195,7965.29,414,2.9742547425474255,251,20.819783197831978,41.639566395663955,Low,High,Markdown
22752,SET 7 BABUSHKA NESTING BOXES,3273,25620.99,577,4.434959349593496,296,31.04471544715447,62.08943089430894,Low,High,Markdown
22753,SMALL YELLOW BABUSHKA NOTEBOOK ,2176,1662.09,331,2.948509485094851,222,20.639566395663955,41.27913279132791,Low,High,Markdown
22754,SMALL RED BABUSHKA NOTEBOOK ,3671,2635.81,379,4.9742547425474255,266,34.81978319783198,69.63956639566396,Low,Low,Healthy
22755,SMALL PURPLE BABUSHKA NOTEBOOK ,3543,2624.6,395,4.800813008130081,283,33.60569105691057,67.21138211382114,Low,Low,Healthy
22756,LARGE YELLOW BABUSHKA NOTEBOOK ,1127,1231.21,172,1.52710027100271,233,10.68970189701897,21.37940379403794,Low,High,Markdown
22757,LARGE RED BABUSHKA NOTEBOOK ,2532,2703.73,223,3.430894308943089,219,24.016260162601625,48.03252032520325,Low,High,Markdown
22758,LARGE PURPLE BABUSHKA NOTEBOOK  ,2292,2299.64,221,3.105691056910569,98,21.739837398373982,43.479674796747965,Low,Low,Healthy
22759,SET OF 3 NOTEBOOKS IN PARCEL,8860,14138.4,634,12.005420054200542,192,84.03794037940379,168.07588075880759,Low,Low,Healthy
22760,"TRAY, BREAKFAST IN BED",337,4041.1499999999996,103,0.45663956639566394,88,3.196476964769648,6.392953929539296,Low,High,Markdown
22761,CHEST 7 DRAWER MA CAMPAGNE,45,1083.75,31,0.06097560975609756,106,0.4268292682926829,0.8536585365853658,Low,High,Markdown
22762,CUPBOARD 3 DRAWER MA CAMPAGNE,177,2531.75,107,0.23983739837398374,120,1.6788617886178863,3.3577235772357725,Low,High,Markdown
22763,KEY CABINET MA CAMPAGNE,645,5089.59,119,0.8739837398373984,27,6.117886178861789,12.235772357723578,Low,Low,Healthy
22764,"RUSTIC WOODEN CABINET, GLASS DOORS",181,3362.5699999999997,24,0.24525745257452575,219,1.7168021680216803,3.4336043360433606,Low,High,Markdown
22765,NEWSPAPER STAND,300,3210.2999999999997,42,0.4065040650406504,106,2.845528455284553,5.691056910569106,Low,High,Markdown
22766,PHOTO FRAME CORNICE,4246,12280.18,580,5.753387533875339,62,40.27371273712737,80.54742547425474,High,Low,Reorder
22767,TRIPLE PHOTO FRAME CORNICE ,977,9035.63,279,1.3238482384823849,128,9.266937669376695,18.53387533875339,Low,High,Markdown
22768,FAMILY PHOTO FRAME CORNICE,1114,10310.19,320,1.5094850948509486,171,10.56639566395664,21.13279132791328,Low,High,Markdown
22769,CHALKBOARD KITCHEN ORGANISER,164,3198.8,35,0.2222222222222222,36,1.5555555555555554,3.1111111111111107,Low,High,Markdown
22770,MIRROR CORNICE,100,1477.3999999999999,63,0.13550135501355012,152,0.9485094850948509,1.8970189701897018,Low,High,Markdown
22771,CLEAR DRAWER KNOB ACRYLIC EDWARDIAN,6571,7947.11,383,8.90379403794038,167,62.326558265582655,124.65311653116531,Low,Low,Healthy
22772,PINK DRAWER KNOB ACRYLIC EDWARDIAN,3800,4496.91,214,5.149051490514905,296,36.043360433604335,72.08672086720867,Low,Low,Healthy
22773,GREEN DRAWER KNOB ACRYLIC EDWARDIAN,2130,2591.46,171,2.886178861788618,251,20.203252032520325,40.40650406504065,Low,High,Markdown
22774,RED DRAWER KNOB ACRYLIC EDWARDIAN,2483,2918.71,135,3.36449864498645,247,23.551490514905147,47.102981029810294,Low,High,Markdown
22775,PURPLE DRAWERKNOB ACRYLIC EDWARDIAN,2973,3620.06,183,4.028455284552845,158,28.19918699186992,56.39837398373984,Low,Low,Healthy
22776,SWEETHEART CAKESTAND 3 TIER,1560,14710.0,595,2.113821138211382,230,14.796747967479675,29.59349593495935,Low,High,Markdown
22777,GLASS CLOCHE LARGE,422,3341.3500000000004,76,0.5718157181571816,47,4.002710027100271,8.005420054200542,Low,High,Markdown
22778,GLASS CLOCHE SMALL,894,3271.46,144,1.2113821138211383,70,8.479674796747968,16.959349593495936,Low,Low,Healthy
22779,WOODEN OWLS LIGHT GARLAND ,1730,6610.1,191,2.3441734417344176,280,16.40921409214092,32.81842818428184,Low,High,Markdown
22780,LIGHT GARLAND BUTTERFILES PINK,1617,6142.09,177,2.1910569105691056,280,15.337398373983739,30.674796747967477,Low,High,Markdown
22781,GUMBALL MAGAZINE RACK,768,5633.54,225,1.0406504065040652,27,7.284552845528456,14.569105691056912,Low,Low,Healthy
22782,SET 3 WICKER STORAGE BASKETS ,254,3712.2999999999997,84,0.34417344173441733,157,2.409214092140921,4.818428184281842,Low,High,Markdown
22783,SET 3 WICKER OVAL BASKETS W LIDS,481,6277.17,44,0.6517615176151762,57,4.5623306233062335,9.124661246612467,Low,High,Markdown
22784,LANTERN CREAM GAZEBO ,1474,6932.82,323,1.997289972899729,130,13.981029810298104,27.962059620596207,Low,High,Markdown
22785,CUSHION COVER PINK UNION FLAG,359,1751.29,95,0.48644986449864497,239,3.4051490514905147,6.8102981029810294,Low,High,Markdown
22786,PILLOWCUSHION COVER PINK UNION JACK,214,1207.3400000000001,75,0.2899728997289973,242,2.0298102981029813,4.059620596205963,Low,High,Markdown
22788,BROCANTE COAT RACK,459,3609.95,68,0.6219512195121951,155,4.353658536585366,8.707317073170731,Low,High,Markdown
22789,T-LIGHT HOLDER SWEETHEART HANGING,1201,2292.09,180,1.627371273712737,275,11.39159891598916,22.78319783197832,Low,High,Markdown
22790,"MIRROR, ARCHED GEORGIAN",200,3884.000000000001,1,0.27100271002710025,68,1.8970189701897018,3.7940379403794036,Low,High,Markdown
22791,T-LIGHT GLASS FLUTED ANTIQUE,8698,9985.630000000001,332,11.785907859078591,97,82.50135501355014,165.00271002710028,High,Low,Reorder
22792,FLUTED ANTIQUE CANDLE HOLDER,2951,2421.25,171,3.9986449864498645,124,27.990514905149052,55.981029810298104,Low,Low,Healthy
22794,SWEETHEART WIRE MAGAZINE RACK,362,2851.5,183,0.4905149051490515,188,3.4336043360433606,6.867208672086721,Low,High,Markdown
22795,SWEETHEART RECIPE BOOK STAND,1465,9465.55,402,1.9850948509485096,236,13.895663956639567,27.791327913279133,Low,High,Markdown
22796,PHOTO FRAME 3 CLASSIC HANGING,771,7484.4,293,1.0447154471544715,138,7.3130081300813,14.6260162601626,Low,High,Markdown
22797,CHEST OF DRAWERS GINGHAM HEART ,222,3711.24,125,0.3008130081300813,209,2.1056910569105693,4.211382113821139,Low,High,Markdown
22798,ANTIQUE GLASS DRESSING TABLE POT,2172,6228.360000000001,258,2.9430894308943087,274,20.601626016260163,41.203252032520325,Low,High,Markdown
22799,SWEETHEART WIRE FRUIT BOWL,241,1853.1,96,0.3265582655826558,285,2.285907859078591,4.571815718157182,Low,High,Markdown
22800,ANTIQUE TALL SWIRLGLASS TRINKET POT,1003,3709.63,189,1.3590785907859078,168,9.513550135501355,19.02710027100271,Low,High,Markdown
22801,ANTIQUE GLASS PEDESTAL BOWL,1144,4175.85,226,1.5501355013550135,183,10.850948509485095,21.70189701897019,Low,High,Markdown
22802,FAUX FUR CHOCOLATE THROW,86,1454.7,46,0.11653116531165311,159,0.8157181571815718,1.6314363143631436,Low,High,Markdown
22803,IVORY EMBROIDERED QUILT ,51,1915.65,30,0.06910569105691057,277,0.483739837398374,0.967479674796748,Low,High,Markdown
22804,CANDLEHOLDER PINK HANGING HEART,4892,12876.880000000001,587,6.6287262872628725,288,46.40108401084011,92.80216802168022,Low,Low,Healthy
22805,BLUE DRAWER KNOB ACRYLIC EDWARDIAN,1848,2266.68,148,2.5040650406504064,200,17.528455284552845,35.05691056910569,Low,High,Markdown
22806,SET OF 6 T-LIGHTS WEDDING CAKE ,410,1049.9,44,0.5555555555555556,179,3.8888888888888893,7.777777777777779,Low,High,Markdown
22807,SET OF 6 T-LIGHTS TOADSTOOLS,1192,3257.0400000000004,183,1.6151761517615175,245,11.306233062330623,22.612466124661246,Low,High,Markdown
22808,SET OF 6 T-LIGHTS EASTER CHICKS,394,1098.9,61,0.5338753387533876,30,3.7371273712737128,7.4742547425474255,Low,Low,Healthy
22809,SET OF 6 T-LIGHTS SANTA,2452,7053.760000000001,327,3.3224932249322494,29,23.257452574525747,46.51490514905149,High,Low,Reorder
22810,SET OF 6 T-LIGHTS SNOWMEN,2079,6088.130000000001,280,2.817073170731707,290,19.71951219512195,39.4390243902439,Low,High,Markdown
22811,SET OF 6 T-LIGHTS CACTI ,891,2310.9300000000003,69,1.2073170731707317,292,8.451219512195122,16.902439024390244,Low,High,Markdown
22812,PACK 3 BOXES CHRISTMAS PANNETONE,4325,8162.2699999999995,351,5.860433604336043,202,41.0230352303523,82.0460704607046,Low,Low,Healthy
22813,PACK 3 BOXES BIRD PANNETONE ,3790,7076.28,290,5.13550135501355,172,35.948509485094846,71.89701897018969,Low,Low,Healthy
22814,CARD PARTY GAMES ,2126,858.36,135,2.8807588075880757,143,20.16531165311653,40.33062330623306,Low,Low,Healthy
22815,CARD PSYCHEDELIC APPLES,2566,1060.44,165,3.4769647696476964,133,24.338753387533874,48.67750677506775,Low,Low,Healthy
22816,CARD MOTORBIKE SANTA,5948,2438.4,299,8.059620596205962,297,56.417344173441734,112.83468834688347,Low,Low,Healthy
22817,CARD SUKI BIRTHDAY,2578,1056.84,169,3.4932249322493223,232,24.452574525745256,48.90514905149051,Low,High,Markdown
22818,CARD CHRISTMAS VILLAGE,5574,2319.48,288,7.5528455284552845,191,52.86991869918699,105.73983739837398,Low,Low,Healthy
22819,"BIRTHDAY CARD, RETRO SPOT",2568,1052.64,168,3.4796747967479673,193,24.35772357723577,48.71544715447154,Low,Low,Healthy
22820,GIFT BAG BIRTHDAY,1172,761.98,76,1.5880758807588076,132,11.116531165311653,22.233062330623305,Low,High,Markdown
22821,GIFT BAG PSYCHEDELIC APPLES,1300,845.36,103,1.7615176151761518,141,12.330623306233063,24.661246612466126,Low,High,Markdown
22822,CREAM WALL PLANTER HEART SHAPED,562,3169.41,168,0.7615176151761518,51,5.330623306233063,10.661246612466126,Low,High,Markdown
22823,CHEST NATURAL WOOD 20 DRAWERS,32,3655.0,18,0.04336043360433604,241,0.3035230352303523,0.6070460704607046,Low,High,Markdown
22824,3 TIER SWEETHEART GARDEN SHELF,61,2153.9500000000003,48,0.08265582655826559,138,0.5785907859078592,1.1571815718157183,Low,High,Markdown
22825,DECORATIVE PLANT POT WITH FRIEZE,96,751.2,34,0.13008130081300814,58,0.910569105691057,1.821138211382114,Low,High,Markdown
22826,LOVE SEAT ANTIQUE WHITE METAL,58,6210.0,41,0.07859078590785908,287,0.5501355013550135,1.100271002710027,Low,High,Markdown
22827,GIANT SEVENTEEN DRAWER SIDEBOARD,46,7150.0,35,0.06233062330623306,252,0.4363143631436314,0.8726287262872628,Low,High,Markdown
22828,REGENCY MIRROR WITH SHUTTERS,17,2565.0,11,0.023035230352303523,37,0.16124661246612465,0.3224932249322493,Low,High,Markdown
22829,BROCANTE SHELF WITH HOOKS,224,2156.2999999999997,104,0.3035230352303523,168,2.124661246612466,4.249322493224932,Low,High,Markdown
22830,UTILTY CABINET WITH HOOKS,178,3623.2,16,0.24119241192411925,168,1.6883468834688347,3.3766937669376693,Low,High,Markdown
22831,WHITE BROCANTE SOAP DISH,751,2157.8500000000004,118,1.0176151761517616,145,7.123306233062331,14.246612466124661,Low,High,Markdown
22832,SWEETHEART WIRE WALL TIDY,177,1875.55,77,0.23983739837398374,257,1.6788617886178863,3.3577235772357725,Low,High,Markdown
22833,HALL CABINET WITH 3 DRAWERS,118,4013.59,11,0.15989159891598917,154,1.119241192411924,2.238482384823848,Low,High,Markdown
22834,HAND WARMER BABUSHKA DESIGN,6486,9962.630000000001,484,8.788617886178862,170,61.520325203252035,123.04065040650407,Low,Low,Healthy
22835,HOT WATER BOTTLE I AM SO POORLY,4638,21398.28,815,6.284552845528455,255,43.99186991869919,87.98373983739837,Low,Low,Healthy
22837,HOT WATER BOTTLE BABUSHKA ,3229,14425.25,368,4.375338753387534,243,30.627371273712736,61.25474254742547,Low,Low,Healthy
22838,3 TIER CAKE TIN RED AND CREAM,872,11850.78,228,1.1815718157181572,222,8.2710027100271,16.5420054200542,Low,High,Markdown
22839,"CAKE TIN, 3 TIER MINT/IVORY",489,6735.3099999999995,188,0.6626016260162602,275,4.638211382113822,9.276422764227643,Low,High,Markdown
22840,ROUND CAKE TIN VINTAGE RED,1292,9632.68,377,1.7506775067750677,105,12.254742547425474,24.509485094850948,Low,Low,Healthy
22841,ROUND CAKE TIN VINTAGE GREEN,751,5691.7300000000005,286,1.0176151761517616,169,7.123306233062331,14.246612466124661,Low,High,Markdown
22842,BISCUIT TIN VINTAGE RED,798,5068.1,219,1.08130081300813,254,7.569105691056911,15.138211382113822,Low,High,Markdown
22843,BISCUIT TIN VINTAGE GREEN,574,3598.48,162,0.7777777777777778,41,5.444444444444445,10.88888888888889,Low,Low,Healthy
22844,VINTAGE CREAM DOG FOOD CONTAINER,1036,8515.99,366,1.4037940379403795,288,9.826558265582657,19.653116531165313,Low,High,Markdown
22845,VINTAGE CREAM CAT FOOD CONTAINER,875,5257.78,295,1.1856368563685638,277,8.299457994579946,16.59891598915989,Low,High,Markdown
22846,BREAD BIN DINER STYLE RED ,774,11929.91,311,1.048780487804878,48,7.341463414634147,14.682926829268293,Low,Low,Healthy
22847,"BREAD BIN, DINER STYLE, IVORY",1094,17018.54,445,1.4823848238482384,232,10.376693766937668,20.753387533875337,Low,High,Markdown
22848,BREAD BIN DINER STYLE PINK,358,5467.55,133,0.48509485094850946,69,3.395663956639566,6.791327913279132,Low,High,Markdown
22849,"BREAD BIN, DINER STYLE, MINT",382,5872.66,151,0.5176151761517616,114,3.6233062330623307,7.246612466124661,Low,High,Markdown
22850,BREAD BIN DINER STYLE BLACK,8,123.6,1,0.01084010840108401,107,0.07588075880758807,0.15176151761517614,Low,High,Markdown
22851,SET 20 NAPKINS FAIRY CAKES DESIGN ,4992,3931.8599999999997,451,6.764227642276423,63,47.34959349593496,94.69918699186992,High,Low,Reorder
22852,ENAMEL DOG BOWL CREAM,528,2212.9,142,0.7154471544715447,297,5.008130081300813,10.016260162601625,Low,High,Markdown
22853,ENAMEL CAT BOWL CREAM,600,1923.0,128,0.8130081300813008,190,5.691056910569106,11.382113821138212,Low,High,Markdown
22854,CREAM SWEETHEART EGG HOLDER,1093,5177.95,216,1.481029810298103,208,10.36720867208672,20.73441734417344,Low,High,Markdown
22855,FINE WICKER HEART ,4612,5541.56,345,6.249322493224932,203,43.74525745257453,87.49051490514906,Low,Low,Healthy
22856,ASSORTED EASTER DECORATIONS  BELLS,872,980.5600000000001,27,1.1815718157181572,22,8.2710027100271,16.5420054200542,Low,Low,Healthy
22857,ASSORTED EASTER GIFT TAGS,1226,1004.66,62,1.6612466124661247,210,11.628726287262873,23.257452574525747,Low,High,Markdown
22858,EASTER TIN KEEPSAKE,1086,1727.1,112,1.4715447154471544,137,10.300813008130081,20.601626016260163,Low,High,Markdown
22859,EASTER TIN BUNNY BOUQUET,1188,1895.4,132,1.6097560975609757,38,11.26829268292683,22.53658536585366,Low,Low,Healthy
22860,EASTER TIN CHICKS PINK DAISY,580,957.0,88,0.7859078590785907,42,5.5013550135501355,11.002710027100271,Low,Low,Healthy
22861,EASTER TIN CHICKS IN GARDEN,292,481.8,38,0.3956639566395664,49,2.7696476964769645,5.539295392953929,Low,High,Markdown
22862,LOVE HEART NAPKIN BOX ,708,2993.0,184,0.959349593495935,127,6.715447154471545,13.43089430894309,Low,High,Markdown
22863,SOAP DISH BROCANTE,1070,3002.9,148,1.4498644986449865,147,10.149051490514905,20.29810298102981,Low,High,Markdown
22864,MUG AND COASTER SET RED CIRCLES,378,158.76,2,0.5121951219512195,248,3.5853658536585367,7.170731707317073,Low,High,Markdown
22865,HAND WARMER OWL DESIGN,13675,27514.63,1058,18.52981029810298,130,129.70867208672087,259.41734417344173,High,Low,Reorder
22866,HAND WARMER SCOTTY DOG DESIGN,11667,23436.660000000003,939,15.808943089430894,155,110.66260162601625,221.3252032520325,High,Low,Reorder
22867,HAND WARMER BIRD DESIGN,11000,22168.33,907,14.905149051490515,205,104.3360433604336,208.6720867208672,High,Low,Reorder
22868,"NUMBER TILE COTTAGE GARDEN, 0 ",111,216.45,14,0.15040650406504066,163,1.0528455284552847,2.1056910569105693,Low,High,Markdown
22869,"NUMBER TILE COTTAGE GARDEN, 1",133,259.34999999999997,27,0.1802168021680217,91,1.2615176151761518,2.5230352303523036,Low,High,Markdown
22870,"NUMBER TILE COTTAGE GARDEN, 2",125,243.74999999999997,19,0.16937669376693767,148,1.1856368563685638,2.3712737127371275,Low,High,Markdown
22871,"NUMBER TILE COTTAGE GARDEN, 3 ",108,210.6,12,0.14634146341463414,280,1.024390243902439,2.048780487804878,Low,High,Markdown
22872,"NUMBER TILE COTTAGE GARDEN, 4",115,224.25,18,0.15582655826558264,22,1.0907859078590785,2.181571815718157,Low,High,Markdown
22873,"NUMBER TILE COTTAGE GARDEN, 5",107,208.64999999999998,18,0.14498644986449866,123,1.0149051490514907,2.0298102981029813,Low,High,Markdown
22874,"NUMBER TILE COTTAGE GARDEN, 6",114,222.29999999999998,17,0.15447154471544716,243,1.08130081300813,2.16260162601626,Low,High,Markdown
22875,"NUMBER TILE COTTAGE GARDEN, 7",110,214.49999999999997,18,0.14905149051490515,29,1.043360433604336,2.086720867208672,Low,High,Markdown
22876,"NUMBER TILE COTTAGE GARDEN, 8",108,210.6,13,0.14634146341463414,250,1.024390243902439,2.048780487804878,Low,High,Markdown
22877,"NUMBER TILE COTTAGE GARDEN, 9",118,230.1,20,0.15989159891598917,238,1.119241192411924,2.238482384823848,Low,High,Markdown
22878,"NUMBER TILE COTTAGE GARDEN, No",98,205.8,16,0.13279132791327913,85,0.929539295392954,1.859078590785908,Low,High,Markdown
22879,"NUMBER TILE VINTAGE FONT, 0",71,88.65,10,0.09620596205962059,131,0.6734417344173441,1.3468834688346882,Low,High,Markdown
22880,"NUMBER TILE VINTAGE FONT, 1",81,108.14999999999999,14,0.10975609756097561,32,0.7682926829268293,1.5365853658536586,Low,High,Markdown
22881,"NUMBER TILE VINTAGE FONT, 2",89,123.75,15,0.12059620596205962,105,0.8441734417344173,1.6883468834688347,Low,High,Markdown
22882,NUMBER TILE VINTAGE FONT 3,99,143.25,26,0.13414634146341464,253,0.9390243902439025,1.878048780487805,Low,High,Markdown
22883,"NUMBER TILE VINTAGE FONT, 4",86,117.89999999999999,12,0.11653116531165311,109,0.8157181571815718,1.6314363143631436,Low,High,Markdown
22884,NUMBER TILE VINTAGE FONT 5,86,117.89999999999999,19,0.11653116531165311,73,0.8157181571815718,1.6314363143631436,Low,High,Markdown
22885,NUMBER TILE VINTAGE FONT 6 ,93,131.55,17,0.12601626016260162,31,0.8821138211382114,1.7642276422764227,Low,High,Markdown
22886,"NUMBER TILE VINTAGE FONT, 7",82,110.1,14,0.1111111111111111,228,0.7777777777777777,1.5555555555555554,Low,High,Markdown
22887,"NUMBER TILE VINTAGE FONT, 8",78,102.3,14,0.10569105691056911,33,0.7398373983739838,1.4796747967479675,Low,High,Markdown
22888,NUMBER TILE VINTAGE FONT 9 ,66,77.14,10,0.08943089430894309,140,0.6260162601626016,1.2520325203252032,Low,High,Markdown
22889,"NUMBER TILE VINTAGE FONT, No ",167,208.98000000000002,10,0.22628726287262874,39,1.5840108401084012,3.1680216802168024,Low,High,Markdown
22890,NOVELTY BISCUITS CAKE STAND 3 TIER,767,7164.469999999999,230,1.0392953929539295,94,7.275067750677506,14.550135501355012,Low,High,Markdown
22891,TEA FOR ONE POLKADOT,549,2362.0099999999998,155,0.7439024390243902,262,5.2073170731707314,10.414634146341463,Low,High,Markdown
22892,SALT AND PEPPER SHAKERS TOADSTOOLS,3477,4236.81,274,4.711382113821138,242,32.979674796747965,65.95934959349593,Low,Low,Healthy
22893,MINI CAKE STAND T-LIGHT HOLDER,2006,819.48,93,2.7181571815718155,89,19.02710027100271,38.05420054200542,Low,Low,Healthy
22894,TABLECLOTH RED APPLES DESIGN ,541,4861.95,173,0.7330623306233063,230,5.131436314363144,10.262872628726289,Low,High,Markdown
22895,SET OF 2 TEA TOWELS APPLE AND PEARS,2752,8091.740000000001,354,3.7289972899728996,120,26.102981029810298,52.205962059620596,Low,Low,Healthy
22896,PEG BAG APPLE DESIGN,1970,4680.37,291,2.669376693766938,205,18.685636856368564,37.37127371273713,Low,High,Markdown
22897,OVEN MITT APPLE DESIGN,1886,2683.2599999999998,248,2.5555555555555554,151,17.888888888888886,35.77777777777777,Low,Low,Healthy
22898,CHILDRENS APRON APPLE DESIGN,2916,5455.099999999999,374,3.951219512195122,130,27.65853658536585,55.3170731707317,Low,Low,Healthy
22899,CHILDRENS APRON DOLLY GIRL ,2669,5367.08,354,3.616531165311653,151,25.31571815718157,50.63143631436314,Low,Low,Healthy
22900, SET 2 TEA TOWELS I LOVE LONDON ,5458,15566.6,507,7.3956639566395665,39,51.769647696476966,103.53929539295393,High,Low,Reorder
22902,TOTE BAG I LOVE LONDON,1610,3091.54,140,2.1815718157181574,43,15.271002710027101,30.542005420054203,Low,Low,Healthy
22903,CALENDAR FAMILY FAVORITES,704,1924.88,54,0.9539295392953929,246,6.677506775067751,13.355013550135501,Low,High,Markdown
22904,CALENDAR PAPER CUT DESIGN,3195,9110.29,398,4.329268292682927,173,30.304878048780488,60.609756097560975,Low,Low,Healthy
22905,CALENDAR IN SEASON DESIGN,935,2541.6400000000003,143,1.2669376693766938,249,8.868563685636857,17.737127371273715,Low,High,Markdown
22906,12 MESSAGE CARDS WITH ENVELOPES,2960,4716.0,346,4.010840108401084,221,28.075880758807585,56.15176151761517,Low,Low,Healthy
22907,PACK OF 20 NAPKINS PANTRY DESIGN,8141,6497.87,675,11.031165311653117,57,77.21815718157183,154.43631436314365,High,Low,Reorder
22908,PACK OF 20 NAPKINS RED APPLES,5430,4246.44,410,7.357723577235772,279,51.5040650406504,103.0081300813008,Low,Low,Healthy
22909,SET OF 20 VINTAGE CHRISTMAS NAPKINS,15376,12124.119999999999,889,20.834688346883468,207,145.84281842818427,291.68563685636855,High,Low,Reorder
22910,PAPER CHAIN KIT VINTAGE CHRISTMAS,16469,44998.270000000004,1233,22.31571815718157,76,156.210027100271,312.420054200542,High,Low,Reorder
22911,PAPER CHAIN KIT LONDON,817,2292.9900000000002,143,1.1070460704607046,39,7.749322493224932,15.498644986449865,Low,Low,Healthy
22912,YELLOW COAT RACK PARIS FASHION,296,1351.44,98,0.4010840108401084,292,2.807588075880759,5.615176151761518,Low,High,Markdown
22913,RED COAT RACK PARIS FASHION,425,1914.39,105,0.575880758807588,138,4.031165311653116,8.062330623306233,Low,High,Markdown
22914,BLUE COAT RACK PARIS FASHION,529,2429.19,149,0.7168021680216802,90,5.017615176151761,10.035230352303522,Low,High,Markdown
22915,ASSORTED BOTTLE TOP  MAGNETS ,3054,1157.28,141,4.138211382113822,23,28.96747967479675,57.9349593495935,High,Low,Reorder
22916,HERB MARKER THYME,1861,1197.65,193,2.521680216802168,240,17.651761517615178,35.303523035230356,Low,High,Markdown
22917,HERB MARKER ROSEMARY,1902,1224.3,198,2.5772357723577235,33,18.040650406504064,36.08130081300813,High,Low,Reorder
22918,HERB MARKER PARSLEY,1816,1148.4,194,2.4607046070460705,22,17.224932249322492,34.449864498644985,High,Low,Reorder
22919,HERB MARKER MINT,1709,1098.8500000000001,197,2.3157181571815717,235,16.210027100271002,32.420054200542005,Low,High,Markdown
22920,HERB MARKER BASIL,3370,2027.0000000000002,195,4.56639566395664,248,31.964769647696478,63.929539295392956,Low,Low,Healthy
22921,HERB MARKER CHIVES ,1688,1085.2,173,2.2872628726287263,205,16.010840108401084,32.02168021680217,Low,High,Markdown
22922,FRIDGE MAGNETS US DINER ASSORTED,1968,1592.6999999999998,99,2.6666666666666665,74,18.666666666666664,37.33333333333333,Low,Low,Healthy
22923,FRIDGE MAGNETS LES ENFANTS ASSORTED,1491,1204.9499999999998,84,2.0203252032520327,273,14.14227642276423,28.28455284552846,Low,High,Markdown
22924,FRIDGE MAGNETS LA VIE EN ROSE,1374,1121.1,81,1.8617886178861789,43,13.032520325203253,26.065040650406505,Low,Low,Healthy
22925,BLUE GIANT GARDEN THERMOMETER,465,2743.77,171,0.6300813008130082,181,4.410569105691057,8.821138211382115,Low,High,Markdown
22926,IVORY GIANT GARDEN THERMOMETER,649,3753.55,201,0.8794037940379403,177,6.1558265582655824,12.311653116531165,Low,High,Markdown
22927,GREEN GIANT GARDEN THERMOMETER,428,2474.6,140,0.5799457994579946,101,4.059620596205963,8.119241192411925,Low,High,Markdown
22928,YELLOW GIANT GARDEN THERMOMETER,259,1583.17,91,0.3509485094850949,178,2.456639566395664,4.913279132791328,Low,High,Markdown
22929,SCHOOL DESK AND CHAIR ,23,1459.75,17,0.03116531165311653,207,0.2181571815718157,0.4363143631436314,Low,High,Markdown
22930,BAKING MOULD HEART MILK CHOCOLATE,1040,2513.12,145,1.4092140921409213,79,9.86449864498645,19.7289972899729,Low,Low,Healthy
22931,BAKING MOULD HEART WHITE CHOCOLATE,792,1873.51,110,1.0731707317073171,230,7.51219512195122,15.02439024390244,Low,High,Markdown
22932,BAKING MOULD TOFFEE CUP CHOCOLATE,872,1950.9,64,1.1815718157181572,171,8.2710027100271,16.5420054200542,Low,High,Markdown
22933,BAKING MOULD EASTER EGG MILK CHOC,876,2272.2000000000003,91,1.1869918699186992,128,8.308943089430894,16.617886178861788,Low,High,Markdown
22934,BAKING MOULD EASTER EGG WHITE CHOC,560,1527.2,69,0.7588075880758808,95,5.311653116531166,10.623306233062332,Low,High,Markdown
22935,BAKING MOULD ROSE MILK CHOCOLATE,673,1964.25,52,0.9119241192411924,49,6.3834688346883475,12.766937669376695,Low,Low,Healthy
22936,BAKING MOULD ROSE WHITE CHOCOLATE,258,766.88,33,0.34959349593495936,136,2.4471544715447155,4.894308943089431,Low,High,Markdown
22937,BAKING MOULD CHOCOLATE CUPCAKES,939,2420.09,136,1.2723577235772359,211,8.90650406504065,17.8130081300813,Low,High,Markdown
22938,CUPCAKE LACE PAPER SET 6,3631,6722.629999999999,251,4.920054200542006,38,34.44037940379404,68.88075880758808,High,Low,Reorder
22939,APRON APPLE DELIGHT,671,3222.33,152,0.9092140921409214,192,6.36449864498645,12.7289972899729,Low,High,Markdown
22940,FELTCRAFT CHRISTMAS FAIRY,3286,13462.18,547,4.452574525745257,247,31.168021680216803,62.33604336043361,Low,Low,Healthy
22941,CHRISTMAS LIGHTS 10 REINDEER,2487,19590.9,406,3.369918699186992,202,23.589430894308943,47.17886178861789,Low,Low,Healthy
22942,CHRISTMAS LIGHTS 10 SANTAS ,1181,8912.95,217,1.600271002710027,132,11.20189701897019,22.40379403794038,Low,High,Markdown
22943,CHRISTMAS LIGHTS 10 VINTAGE BAUBLES,2258,10432.08,286,3.059620596205962,202,21.417344173441734,42.83468834688347,Low,High,Markdown
22944,CHRISTMAS METAL POSTCARD WITH BELLS,4185,2813.03,102,5.670731707317073,165,39.69512195121951,79.39024390243902,Low,Low,Healthy
22945,CHRISTMAS METAL TAGS ASSORTED ,7369,6025.21,278,9.98509485094851,135,69.89566395663957,139.79132791327913,High,Low,Reorder
22946,WOODEN ADVENT CALENDAR CREAM,869,12588.45,208,1.1775067750677506,132,8.242547425474253,16.485094850948506,Low,High,Markdown
22947,WOODEN ADVENT CALENDAR RED,773,8459.95,162,1.0474254742547426,270,7.3319783197831985,14.663956639566397,Low,High,Markdown
22948,METAL DECORATION NAUGHTY CHILDREN ,1971,1724.31,130,2.6707317073170733,270,18.695121951219512,37.390243902439025,Low,High,Markdown
22949,36 DOILIES DOLLY GIRL,1971,2742.75,143,2.6707317073170733,137,18.695121951219512,37.390243902439025,Low,Low,Healthy
22950,36 DOILIES VINTAGE CHRISTMAS,8215,11186.949999999999,307,11.131436314363144,180,77.92005420054201,155.84010840108402,Low,Low,Healthy
22951,72 CAKE CASES DOLLY GIRL DESIGN,10650,5455.46,517,14.43089430894309,217,101.01626016260163,202.03252032520325,Low,Low,Healthy
22952,72 CAKE CASES VINTAGE CHRISTMAS,30144,14997.359999999999,904,40.84552845528455,279,285.91869918699183,571.8373983739837,High,Low,Reorder
22953,BIRTHDAY PARTY CORDON BARRIER TAPE,713,867.52,99,0.9661246612466124,167,6.762872628726287,13.525745257452574,Low,High,Markdown
22954,HEN PARTY CORDON BARRIER TAPE,200,250.0,37,0.27100271002710025,259,1.8970189701897018,3.7940379403794036,Low,High,Markdown
22955,36 FOIL STAR CAKE CASES ,1404,2740.04,156,1.9024390243902438,66,13.317073170731707,26.634146341463413,Low,Low,Healthy
22956,36 FOIL HEART CAKE CASES,2438,4699.370000000001,225,3.303523035230352,217,23.124661246612465,46.24932249322493,Low,High,Markdown
22957,SET 3 PAPER VINTAGE CHICK PAPER EGG,1746,4872.3,196,2.3658536585365852,66,16.560975609756095,33.12195121951219,Low,Low,Healthy
22959,WRAP CHRISTMAS VILLAGE,9688,3960.96,281,13.127371273712738,97,91.89159891598916,183.78319783197833,High,Low,Reorder
22960,JAM MAKING SET WITH JARS,8454,33833.72,903,11.455284552845528,143,80.1869918699187,160.3739837398374,High,Low,Reorder
22961,JAM MAKING SET PRINTED,15867,22328.95,903,21.5,94,150.5,301.0,High,Low,Reorder
22962,JAM JAR WITH PINK LID,4141,3293.65,257,5.611111111111111,156,39.27777777777777,78.55555555555554,Low,Low,Healthy
22963,JAM JAR WITH BLUE LID,3476,2752.58,222,4.710027100271002,109,32.97018970189701,65.94037940379403,Low,Low,Healthy
22964,3 PIECE SPACEBOY COOKIE CUTTER SET,2635,5288.740000000001,321,3.5704607046070462,80,24.993224932249323,49.986449864498645,Low,Low,Healthy
22965,3 TRADITIONAl BISCUIT CUTTERS  SET,1777,3618.32,228,2.407859078590786,157,16.855013550135503,33.710027100271006,Low,High,Markdown
22966,GINGERBREAD MAN COOKIE CUTTER,7946,9497.91,610,10.766937669376693,69,75.36856368563686,150.73712737127371,High,Low,Reorder
22967,SET 3 SONG BIRD PAPER EGGS ASSORTED,1159,3224.65,131,1.570460704607046,278,10.993224932249323,21.986449864498645,Low,High,Markdown
22968,ROSE COTTAGE KEEPSAKE BOX ,1036,9409.199999999999,243,1.4037940379403795,126,9.826558265582657,19.653116531165313,Low,High,Markdown
22969,HOMEMADE JAM SCENTED CANDLES,14012,20204.8,577,18.986449864498645,132,132.90514905149053,265.81029810298105,High,Low,Reorder
22970,LONDON BUS COFFEE MUG,4213,9582.15,276,5.708672086720867,273,39.96070460704607,79.92140921409214,Low,Low,Healthy
22971,QUEENS GUARD COFFEE MUG,2365,5603.570000000001,233,3.2046070460704605,137,22.432249322493224,44.86449864498645,Low,Low,Healthy
22972,CHILDREN'S SPACEBOY MUG,1794,2921.06,191,2.430894308943089,217,17.016260162601625,34.03252032520325,Low,High,Markdown
22973,CHILDRENS CIRCUS PARADE MUG,1290,2086.18,120,1.7479674796747968,70,12.235772357723578,24.471544715447155,Low,Low,Healthy
22974,CHILDRENS DOLLY GIRL MUG,1550,2502.54,163,2.100271002710027,264,14.70189701897019,29.40379403794038,Low,High,Markdown
22975,SPACEBOY CHILDRENS EGG CUP,1156,1453.47,147,1.5663956639566397,54,10.964769647696478,21.929539295392956,Low,Low,Healthy
22976,CIRCUS PARADE CHILDRENS EGG CUP ,1083,1358.59,118,1.467479674796748,88,10.272357723577237,20.544715447154474,Low,Low,Healthy
22977,DOLLY GIRL CHILDRENS EGG CUP,953,1192.46,116,1.2913279132791329,68,9.03929539295393,18.07859078590786,Low,Low,Healthy
22978,PANTRY ROLLING PIN,2406,9180.53,197,3.2601626016260163,93,22.821138211382113,45.642276422764226,Low,Low,Healthy
22979,PANTRY WASHING UP BRUSH,3913,5785.71,304,5.302168021680217,211,37.11517615176152,74.23035230352303,Low,Low,Healthy
22980,PANTRY SCRUBBING BRUSH,2286,3656.94,242,3.097560975609756,280,21.682926829268293,43.36585365853659,Low,High,Markdown
22981,PANTRY APPLE CORER,435,601.9499999999999,72,0.5894308943089431,89,4.126016260162602,8.252032520325203,Low,High,Markdown
22982,PANTRY PASTRY BRUSH,1044,1307.05,146,1.4146341463414633,109,9.902439024390244,19.804878048780488,Low,High,Markdown
22983,"CARD, BILLBOARD FONT",6388,2618.19,409,8.655826558265582,279,60.59078590785908,121.18157181571816,Low,Low,Healthy
22984,"CARD, GINGHAM ROSE ",3206,1295.5,184,4.3441734417344176,145,30.40921409214092,60.81842818428184,Low,Low,Healthy
22985,"WRAP, BILLBOARD FONTS DESIGN",4690,1881.8,133,6.355013550135501,250,44.48509485094851,88.97018970189701,Low,Low,Healthy
22986,GINGHAM ROSE WRAP,5791,2388.22,203,7.8468834688346885,148,54.92818428184282,109.85636856368563,Low,Low,Healthy
22987,"WRAP , SUMMER ROSE DESIGN",250,105.0,10,0.33875338753387535,299,2.3712737127371275,4.742547425474255,Low,High,Markdown
22988,SOLDIERS EGG CUP ,9033,10415.22,349,12.239837398373984,119,85.6788617886179,171.3577235772358,High,Low,Reorder
22989,SET 2 PANTRY DESIGN TEA TOWELS,2693,8310.17,311,3.649051490514905,201,25.543360433604335,51.08672086720867,Low,Low,Healthy
22990,COTTON APRON PANTRY DESIGN,602,2670.54,140,0.8157181571815718,193,5.710027100271002,11.420054200542005,Low,High,Markdown
22991,GIRAFFE WOODEN RULER,3708,6816.84,234,5.024390243902439,207,35.170731707317074,70.34146341463415,Low,Low,Healthy
22992,REVOLVER WOODEN RULER ,4914,8944.439999999999,285,6.658536585365853,76,46.609756097560975,93.21951219512195,High,Low,Reorder
22993,SET OF 4 PANTRY JELLY MOULDS,11769,14151.42,866,15.947154471544716,50,111.630081300813,223.260162601626,High,Low,Reorder
22994,TRAVEL CARD WALLET RETROSPOT,2104,882.24,160,2.850948509485095,103,19.956639566395665,39.91327913279133,Low,Low,Healthy
22995,TRAVEL CARD WALLET SUKI,2228,932.88,183,3.0189701897018972,171,21.13279132791328,42.26558265582656,Low,Low,Healthy
22996,TRAVEL CARD WALLET VINTAGE TICKET,4540,1875.12,292,6.151761517615176,55,43.06233062330623,86.12466124661246,High,Low,Reorder
22997,TRAVEL CARD WALLET UNION JACK,2477,1038.9,181,3.356368563685637,232,23.494579945799458,46.989159891598916,Low,High,Markdown
22998,TRAVEL CARD WALLET KEEP CALM,11645,4641.32,437,15.779132791327914,125,110.4539295392954,220.9078590785908,High,Low,Reorder
22999,TRAVEL CARD WALLET RETRO PETALS,2809,1178.34,185,3.806233062330623,239,26.64363143631436,53.28726287262872,Low,High,Markdown
23000,TRAVEL CARD WALLET TRANSPORT,3042,1274.76,205,4.121951219512195,182,28.853658536585368,57.707317073170735,Low,Low,Healthy
23002,TRAVEL CARD WALLET SKULLS,2052,860.4,140,2.7804878048780486,239,19.46341463414634,38.92682926829268,Low,High,Markdown
23003,TRAVEL CARD WALLET VINTAGE ROSE ,541,225.78,52,0.7330623306233063,289,5.131436314363144,10.262872628726289,Low,High,Markdown
23004,TRAVEL CARD WALLET PANTRY,1853,779.9,123,2.510840108401084,139,17.57588075880759,35.15176151761518,Low,Low,Healthy
23005,TRAVEL CARD WALLET I LOVE LONDON,4346,1767.72,175,5.888888888888889,201,41.22222222222223,82.44444444444446,Low,Low,Healthy
23006,TRAVEL CARD WALLET FLOWER MEADOW,1693,709.62,130,2.294037940379404,125,16.058265582655828,32.116531165311656,Low,Low,Healthy
23007, SPACEBOY BABY GIFT SET,449,7048.549999999999,142,0.6084010840108401,236,4.258807588075881,8.517615176151763,Low,High,Markdown
23008,DOLLY GIRL BABY GIFT SET,419,6534.049999999999,120,0.5677506775067751,224,3.9742547425474255,7.948509485094851,Low,High,Markdown
23009,I LOVE LONDON BABY GIFT SET,209,3262.5499999999997,61,0.28319783197831977,89,1.9823848238482384,3.964769647696477,Low,High,Markdown
23010,CIRCUS PARADE BABY GIFT SET,285,4444.75,89,0.3861788617886179,63,2.703252032520325,5.40650406504065,Low,High,Markdown
23012,GLASS APOTHECARY BOTTLE PERFUME,1014,3763.6400000000003,198,1.3739837398373984,247,9.617886178861788,19.235772357723576,Low,High,Markdown
23013,GLASS APOTHECARY BOTTLE TONIC,865,3211.09,180,1.1720867208672088,203,8.20460704607046,16.40921409214092,Low,High,Markdown
23014,GLASS APOTHECARY BOTTLE ELIXIR,798,2951.78,160,1.08130081300813,126,7.569105691056911,15.138211382113822,Low,High,Markdown
23015,CORDIAL GLASS JUG,36,297.0,15,0.04878048780487805,103,0.34146341463414637,0.6829268292682927,Low,High,Markdown
23016,GLASS TWIST BON BON JAR,69,512.85,19,0.09349593495934959,269,0.6544715447154471,1.3089430894308942,Low,High,Markdown
23017,APOTHECARY MEASURING JAR,64,751.4000000000001,21,0.08672086720867209,40,0.6070460704607046,1.2140921409214092,Low,High,Markdown
23018,LARGE APOTHECARY MEASURING JAR ,50,587.2,20,0.06775067750677506,215,0.47425474254742545,0.9485094850948509,Low,High,Markdown
23019,SMALL APOTHECARY MEASURING JAR ,81,629.05,28,0.10975609756097561,197,0.7682926829268293,1.5365853658536586,Low,High,Markdown
23020,GLASS  SONGBIRD STORAGE JAR,176,2092.0,72,0.23848238482384823,26,1.6693766937669376,3.3387533875338753,Low,High,Markdown
23021,GLASS BONNE JAM JAR,117,475.95000000000005,25,0.15853658536585366,89,1.1097560975609757,2.2195121951219514,Low,High,Markdown
23022,SMALL BONNE JAM JAR  T-LIGHT HOLDER,416,795.6800000000001,21,0.5636856368563685,146,3.9457994579945797,7.891598915989159,Low,High,Markdown
23023,RIDGED BONNE JAM JAR T-LIGHT HOLDER,260,411.44,23,0.3523035230352303,179,2.4661246612466123,4.932249322493225,Low,High,Markdown
23024,LARGE BONNE JAM JAR  T-LIGHT HOLDER,254,662.0600000000001,10,0.34417344173441733,267,2.409214092140921,4.818428184281842,Low,High,Markdown
23025,DRAWER KNOB VINTAGE GLASS BALL,317,669.61,46,0.42953929539295393,222,3.0067750677506777,6.013550135501355,Low,High,Markdown
23026,DRAWER KNOB VINTAGE GLASS STAR,503,1016.97,53,0.6815718157181572,167,4.7710027100271,9.5420054200542,Low,High,Markdown
23027,DRAWER KNOB VINTAGE GLASS HEXAGON,287,596.96,27,0.3888888888888889,162,2.7222222222222223,5.444444444444445,Low,High,Markdown
23028,DRAWER KNOB CRACKLE GLAZE BLUE,1241,1990.29,114,1.6815718157181572,218,11.7710027100271,23.5420054200542,Low,High,Markdown
23029,DRAWER KNOB CRACKLE GLAZE GREEN,1284,2080.2,138,1.7398373983739837,173,12.178861788617885,24.35772357723577,Low,High,Markdown
23031,DRAWER KNOB CRACKLE GLAZE PINK,1228,1987.8,138,1.6639566395663956,161,11.64769647696477,23.29539295392954,Low,High,Markdown
23032,DRAWER KNOB CRACKLE GLAZE IVORY,2250,3606.9,182,3.048780487804878,184,21.34146341463415,42.6829268292683,Low,High,Markdown
23033,DRAWER KNOB CERAMIC RED,679,943.75,59,0.9200542005420054,40,6.440379403794037,12.880758807588075,Low,Low,Healthy
23034,DRAWER KNOB CERAMIC BLACK,935,1314.95,78,1.2669376693766938,101,8.868563685636857,17.737127371273715,Low,High,Markdown
23035,DRAWER KNOB CERAMIC IVORY,2071,2915.5899999999997,166,2.806233062330623,88,19.64363143631436,39.28726287262872,Low,Low,Healthy
23036,T-LIGHT HOLDER SILVER PETIT FOUR ,182,227.5,15,0.24661246612466126,150,1.7262872628726287,3.4525745257452574,Low,High,Markdown
23037,CANDLE HOLDER SILVER MADELINE,193,315.29,18,0.26151761517615174,106,1.8306233062330621,3.6612466124661243,Low,High,Markdown
23038,T-LIGHT HOLDER SILVER SAUCER,41,38.03,6,0.05555555555555555,237,0.38888888888888884,0.7777777777777777,Low,High,Markdown
23039,T-LIGHT HOLDER SILVER HEART HANDLE,192,370.79999999999995,22,0.2601626016260163,180,1.821138211382114,3.642276422764228,Low,High,Markdown
23040,PAPER LANTERN 9 POINT SNOW STAR ,246,1318.5,36,0.3333333333333333,197,2.333333333333333,4.666666666666666,Low,High,Markdown
23041,PAPER LANTERN 9 POINT SNOW STAR,260,1079.0,48,0.3523035230352303,136,2.4661246612466123,4.932249322493225,Low,High,Markdown
23042,PAPER LANTERN 7 POINT SNOW STAR,99,658.35,25,0.13414634146341464,215,0.9390243902439025,1.878048780487805,Low,High,Markdown
23043,PAPER LANTERN 9 POINT HOLLY STAR 40,75,468.75,19,0.1016260162601626,105,0.7113821138211383,1.4227642276422765,Low,High,Markdown
23044,PAPER LANTERN 9 POINT HOLLY STAR S,100,415.0,24,0.13550135501355012,100,0.9485094850948509,1.8970189701897018,Low,High,Markdown
23045,PAPER LANTERN 5 POINT STAR MOON 30,116,481.40000000000003,23,0.15718157181571815,171,1.100271002710027,2.200542005420054,Low,High,Markdown
23046,PAPER LANTERN 9 POINT DELUXE STAR,347,2091.55,34,0.470189701897019,80,3.2913279132791327,6.582655826558265,Low,High,Markdown
23047,PAPER LANTERN 5 POINT SEQUIN STAR,58,333.5,25,0.07859078590785908,80,0.5501355013550135,1.100271002710027,Low,High,Markdown
23048,SET OF 10 LANTERNS FAIRY LIGHT STAR,560,2248.14,85,0.7588075880758808,47,5.311653116531166,10.623306233062332,Low,High,Markdown
23049,RECYCLED ACAPULCO MAT RED,435,3572.75,169,0.5894308943089431,62,4.126016260162602,8.252032520325203,Low,High,Markdown
23050,RECYCLED ACAPULCO MAT GREEN,459,3763.55,176,0.6219512195121951,188,4.353658536585366,8.707317073170731,Low,High,Markdown
23051,RECYCLED ACAPULCO MAT BLUE,335,2741.35,133,0.453929539295393,105,3.177506775067751,6.355013550135502,Low,High,Markdown
23052,RECYCLED ACAPULCO MAT TURQUOISE,571,4694.75,221,0.7737127371273713,196,5.415989159891599,10.831978319783198,Low,High,Markdown
23053,RECYCLED ACAPULCO MAT PINK,318,2589.9,129,0.43089430894308944,36,3.0162601626016263,6.032520325203253,Low,High,Markdown
23054,RECYCLED ACAPULCO MAT LAVENDER,266,2189.7,109,0.3604336043360434,117,2.5230352303523036,5.046070460704607,Low,High,Markdown
23055,IVORY CHANDELIER T-LIGHT HOLDER,560,1286.72,36,0.7588075880758808,217,5.311653116531166,10.623306233062332,Low,High,Markdown
23056,FLOWERS CHANDELIER T-LIGHT HOLDER,866,2789.66,37,1.1734417344173442,117,8.214092140921409,16.428184281842817,Low,High,Markdown
23057,GEMSTONE CHANDELIER T-LIGHT HOLDER,674,1646.14,41,0.9132791327913279,84,6.392953929539296,12.785907859078591,Low,High,Markdown
23058,CHRISTMAS HANGING SNOWFLAKE,486,421.02000000000004,44,0.6585365853658537,24,4.609756097560976,9.219512195121952,Low,Low,Healthy
23060,HEART BEADED TRELLIS DECORATION,244,507.52000000000004,39,0.33062330623306235,21,2.3143631436314367,4.628726287262873,Low,High,Markdown
23061,VINTAGE EMBOSSED HEART,946,1177.46,88,1.2818428184281843,41,8.97289972899729,17.94579945799458,Low,Low,Healthy
23064,CINDERELLA CHANDELIER ,220,3617.6000000000004,22,0.2981029810298103,131,2.086720867208672,4.173441734417344,Low,High,Markdown
23065,LARGE DECO JEWELLERY STAND,256,3102.8,92,0.34688346883468835,76,2.4281842818428183,4.856368563685637,Low,High,Markdown
23066,SMALL DECO JEWELLERY STAND,245,1963.65,76,0.3319783197831978,85,2.323848238482385,4.64769647696477,Low,High,Markdown
23067,HANGING ENGRAVED METAL HEART,274,1137.1000000000001,71,0.3712737127371274,117,2.5989159891598916,5.197831978319783,Low,High,Markdown
23068,ALUMINIUM STAMPED HEART,801,1927.2500000000002,130,1.0853658536585367,163,7.597560975609756,15.195121951219512,Low,High,Markdown
23069,EDWARDIAN PHOTO FRAME,87,543.75,31,0.11788617886178862,144,0.8252032520325203,1.6504065040650406,Low,High,Markdown
23070,EDWARDIAN HEART PHOTO FRAME,147,610.0500000000001,33,0.1991869918699187,186,1.3943089430894309,2.7886178861788617,Low,High,Markdown
23071,MARIE ANTOIENETT TRINKET BOX GOLD,313,1180.1,17,0.4241192411924119,105,2.9688346883468832,5.9376693766937665,Low,High,Markdown
23072,MARIE ANTOINETTE TRINKET BOX SILVER,326,1099.0,22,0.44173441734417346,95,3.0921409214092144,6.184281842818429,Low,High,Markdown
23073,GEORGIAN TRINKET BOX,141,1681.5,59,0.1910569105691057,78,1.3373983739837398,2.6747967479674797,Low,High,Markdown
23074,EMBOSSED HEART TRINKET BOX,221,444.02000000000004,35,0.2994579945799458,157,2.0962059620596207,4.1924119241192415,Low,High,Markdown
23075,DOUBLE CERAMIC PARLOUR HOOK,465,1910.55,77,0.6300813008130082,118,4.410569105691057,8.821138211382115,Low,High,Markdown
23076,ICE CREAM SUNDAE LIP GLOSS,7896,9638.16,248,10.699186991869919,211,74.89430894308943,149.78861788617886,Low,Low,Healthy
23077,DOUGHNUT LIP GLOSS ,9642,11615.7,308,13.065040650406504,262,91.45528455284553,182.91056910569105,Low,Low,Healthy
23078,ICE CREAM PEN LIP GLOSS ,6607,8077.31,213,8.952574525745257,68,62.6680216802168,125.3360433604336,High,Low,Reorder
23079,TOADSTOOL BEDSIDE LIGHT ,248,2198.6,104,0.33604336043360433,51,2.3523035230352303,4.7046070460704605,Low,High,Markdown
23080,RED METAL BOX TOP SECRET,998,7920.78,221,1.3523035230352303,296,9.466124661246612,18.932249322493224,Low,High,Markdown
23081,GREEN METAL BOX ARMY SUPPLIES,453,3606.39,115,0.6138211382113821,39,4.296747967479675,8.59349593495935,Low,High,Markdown
23082,SET 6 PAPER TABLE LANTERN HEARTS ,2260,8110.68,263,3.062330623306233,173,21.43631436314363,42.87262872628726,Low,Low,Healthy
23083,SET 6 PAPER TABLE LANTERN STARS ,1859,6735.88,209,2.5189701897018972,87,17.63279132791328,35.26558265582656,Low,Low,Healthy
23084,RABBIT NIGHT LIGHT,27153,51251.24,801,36.792682926829265,233,257.54878048780483,515.0975609756097,High,Low,Reorder
23085,ANTIQUE SILVER BAUBLE LAMP  ,369,3437.7000000000003,72,0.5,162,3.5,7.0,Low,High,Markdown
23086,ZINC  STAR T-LIGHT HOLDER ,1191,1367.79,36,1.613821138211382,251,11.296747967479675,22.59349593495935,Low,High,Markdown
23087,ZINC  HEART T-LIGHT HOLDER,830,997.1800000000001,49,1.1246612466124661,232,7.872628726287263,15.745257452574526,Low,High,Markdown
23088,ZINC HEART FLOWER T-LIGHT HOLDER,760,947.18,57,1.029810298102981,98,7.208672086720868,14.417344173441736,Low,High,Markdown
23089,GLASS BON BON JAR,2135,3495.27,134,2.892953929539295,233,20.250677506775066,40.50135501355013,Low,High,Markdown
23090,VINTAGE GLASS T-LIGHT HOLDER,2129,1722.7900000000002,122,2.8848238482384825,135,20.193766937669377,40.387533875338754,Low,Low,Healthy
23091,ZINC HERB GARDEN CONTAINER,559,3419.5,192,0.7574525745257452,111,5.302168021680217,10.604336043360433,Low,High,Markdown
23092,LARGE ANTIQUE WHITE PHOTO FRAME,507,3568.26,125,0.6869918699186992,289,4.808943089430894,9.617886178861788,Low,High,Markdown
23093,SMALL PARISIENNE HEART PHOTO FRAME ,915,2122.67,123,1.2398373983739837,187,8.678861788617885,17.35772357723577,Low,High,Markdown
23094,LE GRAND TRAY CHIC SET,147,1837.5,74,0.1991869918699187,77,1.3943089430894309,2.7886178861788617,Low,High,Markdown
23096,PETIT TRAY CHIC,993,1606.73,117,1.3455284552845528,45,9.41869918699187,18.83739837398374,Low,Low,Healthy
23099,FRENCH CARRIAGE LANTERN,132,858.9000000000001,54,0.17886178861788618,85,1.2520325203252032,2.5040650406504064,Low,High,Markdown
23100,SILVER BELLS TABLE DECORATION,2090,2562.1,213,2.831978319783198,267,19.823848238482388,39.647696476964775,Low,High,Markdown
23101,SILVER STARS TABLE DECORATION,1942,1569.6200000000001,190,2.631436314363144,273,18.42005420054201,36.84010840108402,Low,High,Markdown
23102,SILVER HEARTS TABLE DECORATION,1231,995.33,139,1.6680216802168022,63,11.676151761517616,23.352303523035232,Low,Low,Healthy
23103,BELL HEART DECORATION,3931,6442.95,316,5.326558265582656,116,37.28590785907859,74.57181571815718,Low,Low,Healthy
23104,IVORY PANTRY HANGING LAMP ,116,1355.5,44,0.15718157181571815,61,1.100271002710027,2.200542005420054,Low,High,Markdown
23106,ZINC HEARTS PLANT POT HOLDER,283,769.27,50,0.38346883468834686,246,2.684281842818428,5.368563685636856,Low,High,Markdown
23107,WHITE WIRE PLANT POT HOLDER,340,919.8000000000001,61,0.46070460704607047,281,3.2249322493224932,6.4498644986449865,Low,High,Markdown
23108,SET OF 10 LED DOLLY LIGHTS,2192,12972.73,351,2.970189701897019,186,20.791327913279133,41.582655826558266,Low,High,Markdown
23109,LED TEA LIGHTS,2310,6484.9,228,3.130081300813008,298,21.910569105691057,43.82113821138211,Low,High,Markdown
23110,PARISIENNE KEY CABINET ,662,3673.7,219,0.8970189701897019,108,6.279132791327913,12.558265582655826,Low,High,Markdown
23111,PARISIENNE SEWING BOX,296,3464.8,124,0.4010840108401084,197,2.807588075880759,5.615176151761518,Low,High,Markdown
23112,PARISIENNE CURIO CABINET,471,3437.3,183,0.6382113821138211,216,4.467479674796747,8.934959349593495,Low,High,Markdown
23113,PANTRY CHOPPING BOARD,1138,5695.860000000001,43,1.5420054200542006,286,10.794037940379404,21.588075880758808,Low,High,Markdown
23114,VINTAGE LEAF CHOPPING BOARD  ,144,684.0,41,0.1951219512195122,287,1.3658536585365855,2.731707317073171,Low,High,Markdown
23115,RED APPLES CHOPPING BOARD   ,144,684.0,38,0.1951219512195122,93,1.3658536585365855,2.731707317073171,Low,High,Markdown
23116,VEGETABLE GARDEN CHOPPING BOARD,70,317.70000000000005,17,0.0948509485094851,27,0.6639566395663957,1.3279132791327914,Low,High,Markdown
23117,POPPY FIELDS CHOPPING BOARD,85,420.75,39,0.11517615176151762,183,0.8062330623306233,1.6124661246612466,Low,High,Markdown
23118,PARISIENNE JEWELLERY DRAWER ,765,5399.02,225,1.0365853658536586,104,7.2560975609756095,14.512195121951219,Low,High,Markdown
23119,PACK OF 6 LARGE FRUIT STRAWS ,2155,1275.71,116,2.9200542005420056,91,20.44037940379404,40.88075880758808,Low,Low,Healthy
23120,PACK OF 6 SMALL FRUIT STRAWS,1617,644.58,79,2.1910569105691056,74,15.337398373983739,30.674796747967477,Low,Low,Healthy
23121,PACK OF 6 COCKTAIL PARASOL STRAWS,2460,958.32,87,3.3333333333333335,66,23.333333333333336,46.66666666666667,Low,Low,Healthy
23122,PARTY CHARMS 50 PIECES,2091,1552.65,94,2.8333333333333335,257,19.833333333333336,39.66666666666667,Low,High,Markdown
23123,COCKTAIL SWORDS 50 PIECES,899,705.2500000000001,68,1.2181571815718157,123,8.52710027100271,17.05420054200542,Low,High,Markdown
23124,18PC WOODEN CUTLERY SET DISPOSABLE,503,595.15,24,0.6815718157181572,229,4.7710027100271,9.5420054200542,Low,High,Markdown
23125,6PC WOOD PLATE SET DISPOSABLE,405,443.25,16,0.5487804878048781,61,3.8414634146341466,7.682926829268293,Low,High,Markdown
23126,DOLLCRAFT GIRL AMELIE KIT,1084,5272.28,271,1.4688346883468835,287,10.281842818428185,20.56368563685637,Low,High,Markdown
23127,DOLLCRAFT GIRL NICOLE,713,3506.3900000000003,182,0.9661246612466124,282,6.762872628726287,13.525745257452574,Low,High,Markdown
23128,FELTCRAFT BOY JEAN-PAUL KIT,431,2085.13,129,0.5840108401084011,278,4.088075880758808,8.176151761517616,Low,High,Markdown
23129,HEART SHAPED HOLLY WREATH,942,3933.1800000000003,165,1.2764227642276422,133,8.934959349593495,17.86991869918699,Low,High,Markdown
23130,MISTLETOE HEART WREATH GREEN,918,3748.42,167,1.2439024390243902,59,8.707317073170731,17.414634146341463,Low,Low,Healthy
23131,MISTLETOE HEART WREATH CREAM,893,3632.63,108,1.2100271002710028,239,8.47018970189702,16.94037940379404,Low,High,Markdown
23132,SMALL IVORY HEART WALL ORGANISER,1008,4989.08,141,1.3658536585365855,148,9.560975609756099,19.121951219512198,Low,High,Markdown
23133,LARGE IVORY HEART WALL ORGANISER,759,5142.91,134,1.0284552845528456,27,7.19918699186992,14.39837398373984,Low,Low,Healthy
23134,LARGE ZINC HEART WALL ORGANISER,1064,6414.48,37,1.4417344173441735,120,10.092140921409214,20.18428184281843,Low,High,Markdown
23135,SMALL ZINC HEART WALL ORGANISER,1538,5378.8,42,2.084010840108401,195,14.588075880758808,29.176151761517616,Low,High,Markdown
23136,IVORY WIRE SWEETHEART LETTER TRAY,127,467.05,44,0.17208672086720866,126,1.2046070460704605,2.409214092140921,Low,High,Markdown
23137,ZINC WIRE SWEETHEART LETTER TRAY,80,253.24,20,0.10840108401084012,120,0.7588075880758808,1.5176151761517616,Low,High,Markdown
23138,SINGLE WIRE HOOK IVORY HEART,870,1201.8999999999999,75,1.1788617886178863,279,8.252032520325203,16.504065040650406,Low,High,Markdown
23139,SINGLE WIRE HOOK PINK HEART,406,502.38,22,0.5501355013550135,265,3.850948509485095,7.70189701897019,Low,High,Markdown
23140,TRIPLE WIRE HOOK IVORY HEART,160,658.54,35,0.21680216802168023,294,1.5176151761517616,3.035230352303523,Low,High,Markdown
23141,TRIPLE WIRE HOOK PINK HEART,68,215.0,18,0.0921409214092141,51,0.6449864498644986,1.2899728997289972,Low,High,Markdown
23142,IVORY WIRE KITCHEN ORGANISER,116,1137.65,36,0.15718157181571815,156,1.100271002710027,2.200542005420054,Low,High,Markdown
23143,ZINC WIRE KITCHEN ORGANISER,25,156.8,12,0.03387533875338753,31,0.23712737127371272,0.47425474254742545,Low,High,Markdown
23144,ZINC T-LIGHT HOLDER STARS SMALL,4894,3879.98,237,6.631436314363143,35,46.420054200542005,92.84010840108401,High,Low,Reorder
23145,ZINC T-LIGHT HOLDER STAR LARGE,2054,1919.3400000000001,150,2.78319783197832,148,19.48238482384824,38.96476964769648,Low,Low,Healthy
23146,TRIPLE HOOK ANTIQUE IVORY ROSE,778,2526.02,211,1.0542005420054201,82,7.379403794037941,14.758807588075882,Low,High,Markdown
23147,SINGLE ANTIQUE ROSE HOOK IVORY,1843,2669.95,250,2.497289972899729,128,17.481029810298104,34.96205962059621,Low,Low,Healthy
23148,MINIATURE ANTIQUE ROSE HOOK IVORY,2113,1752.3500000000001,234,2.8631436314363143,40,20.0420054200542,40.0840108401084,High,Low,Reorder
23149,ANTIQUE IVORY WIRE BOWL SMALL,97,241.53,19,0.13143631436314362,177,0.9200542005420054,1.8401084010840107,Low,High,Markdown
23150,IVORY SWEETHEART SOAP DISH,139,346.11,40,0.18834688346883469,288,1.3184281842818428,2.6368563685636857,Low,High,Markdown
23151,ZINC SWEETHEART SOAP DISH,59,104.41,19,0.07994579945799458,181,0.559620596205962,1.119241192411924,Low,High,Markdown
23152,IVORY SWEETHEART WIRE LETTER RACK ,541,1998.51,149,0.7330623306233063,279,5.131436314363144,10.262872628726289,Low,High,Markdown
23153,ZINC SWEETHEART WIRE LETTER RACK,248,923.63,78,0.33604336043360433,121,2.3523035230352303,4.7046070460704605,Low,High,Markdown
23154,SET OF 4 JAM JAR MAGNETS,2441,4922.01,214,3.307588075880759,242,23.153116531165313,46.30623306233063,Low,High,Markdown
23155,KNICKERBOCKERGLORY MAGNET ASSORTED ,2094,1669.38,111,2.83739837398374,78,19.86178861788618,39.72357723577236,Low,Low,Healthy
23156,SET OF 5 MINI GROCERY MAGNETS,1631,3297.2200000000003,184,2.210027100271003,266,15.47018970189702,30.94037940379404,Low,High,Markdown
23157,SET OF 6 NATIVITY MAGNETS ,2530,5031.55,145,3.4281842818428183,147,23.99728997289973,47.99457994579946,Low,Low,Healthy
23158,SET OF 5 LUCKY CAT MAGNETS ,2536,5117.32,187,3.4363143631436315,44,24.05420054200542,48.10840108401084,High,Low,Reorder
23159,SET OF 5 PANCAKE DAY MAGNETS,2255,4562.7300000000005,195,3.0555555555555554,150,21.388888888888886,42.77777777777777,Low,Low,Healthy
23160,REGENCY TEA SPOON,1392,1651.8,60,1.886178861788618,215,13.203252032520325,26.40650406504065,Low,High,Markdown
23161,REGENCY CAKE FORK,1608,1896.6,68,2.178861788617886,173,15.252032520325201,30.504065040650403,Low,High,Markdown
23162,REGENCY TEA STRAINER,1362,4789.24,142,1.8455284552845528,152,12.91869918699187,25.83739837398374,Low,High,Markdown
23163,REGENCY SUGAR TONGS,1714,3949.7000000000003,134,2.3224932249322494,246,16.257452574525747,32.51490514905149,Low,High,Markdown
23164,REGENCY CAKE SLICE,564,2579.21,80,0.7642276422764228,208,5.349593495934959,10.699186991869919,Low,High,Markdown
23165,LARGE CERAMIC TOP STORAGE JAR,2950,4617.9,220,3.997289972899729,284,27.981029810298104,55.96205962059621,Low,High,Markdown
23166,MEDIUM CERAMIC TOP STORAGE JAR,77916,81416.73000000001,195,105.57723577235772,153,739.040650406504,1478.081300813008,High,Low,Reorder
23167,SMALL CERAMIC TOP STORAGE JAR ,5666,4184.18,177,7.677506775067751,230,53.74254742547426,107.48509485094851,Low,Low,Healthy
23168,CLASSIC SUGAR DISPENSER,2849,3284.42,220,3.8604336043360434,79,27.023035230352303,54.046070460704605,Low,Low,Healthy
23169,CLASSIC GLASS SWEET JAR,1451,5829.65,262,1.9661246612466126,232,13.762872628726289,27.525745257452577,Low,High,Markdown
23170,REGENCY TEA PLATE ROSES ,6563,10170.99,328,8.892953929539296,235,62.25067750677507,124.50135501355014,Low,Low,Healthy
23171,REGENCY TEA PLATE GREEN ,5966,9184.9,270,8.084010840108402,245,56.58807588075881,113.17615176151762,Low,Low,Healthy
23172,REGENCY TEA PLATE PINK,3688,5793.28,224,4.997289972899729,150,34.981029810298104,69.96205962059621,Low,Low,Healthy
23173,REGENCY TEAPOT ROSES ,2662,23033.52,354,3.607046070460705,95,25.249322493224934,50.49864498644987,Low,Low,Healthy
23174,REGENCY SUGAR BOWL GREEN,2954,11567.24,268,4.002710027100271,296,28.018970189701896,56.03794037940379,Low,High,Markdown
23175,REGENCY MILK JUG PINK ,3062,8995.0,272,4.149051490514905,175,29.043360433604335,58.08672086720867,Low,Low,Healthy
23176,ABC TREASURE BOOK BOX ,2088,4373.26,186,2.8292682926829267,267,19.804878048780488,39.609756097560975,Low,High,Markdown
23177,TREASURE ISLAND BOOK BOX,2428,5029.8,214,3.289972899728997,237,23.02981029810298,46.05962059620596,Low,High,Markdown
23178,JAM CLOCK MAGNET,309,838.47,55,0.4186991869918699,209,2.930894308943089,5.861788617886178,Low,High,Markdown
23179,CLOCK MAGNET MUM'S KITCHEN,304,837.88,40,0.41192411924119243,182,2.883468834688347,5.766937669376694,Low,High,Markdown
23180,MUM'S KITCHEN CLOCK,104,471.90000000000003,36,0.14092140921409213,199,0.9864498644986449,1.9728997289972898,Low,High,Markdown
23181,BULL DOG BOTTLE TOP WALL CLOCK,185,1484.25,69,0.2506775067750677,53,1.754742547425474,3.509485094850948,Low,High,Markdown
23182,TOILET SIGN OCCUPIED OR VACANT,3378,2807.69,254,4.5772357723577235,60,32.040650406504064,64.08130081300813,High,Low,Reorder
23183,MOTHER'S KITCHEN SPOON REST ,178,690.71,58,0.24119241192411925,94,1.6883468834688347,3.3766937669376693,Low,High,Markdown
23184,BULL DOG BOTTLE OPENER,778,3749.5,197,1.0542005420054201,298,7.379403794037941,14.758807588075882,Low,High,Markdown
23185,FRENCH STYLE STORAGE JAR JAM,317,114.85,30,0.42953929539295393,195,3.0067750677506777,6.013550135501355,Low,High,Markdown
23186,FRENCH STYLE STORAGE JAR CAFE ,1982,819.4599999999999,70,2.6856368563685638,169,18.799457994579946,37.59891598915989,Low,High,Markdown
23187,FRENCH STYLE STORAGE JAR BONBONS,2338,695.06,74,3.168021680216802,292,22.176151761517612,44.352303523035225,Low,High,Markdown
23188,VINTAGE  2 METER FOLDING RULER,3096,5100.16,282,4.195121951219512,127,29.365853658536587,58.73170731707317,Low,Low,Healthy
23189,SET OF 12 FORK CANDLES,1215,3319.35,113,1.646341463414634,158,11.524390243902438,23.048780487804876,Low,High,Markdown
23190,BUNDLE OF 3 SCHOOL EXERCISE BOOKS  ,1678,2691.14,179,2.2737127371273713,290,15.915989159891598,31.831978319783197,Low,High,Markdown
23191,BUNDLE OF 3 RETRO NOTE BOOKS,2159,3492.35,245,2.9254742547425474,231,20.478319783197833,40.956639566395665,Low,High,Markdown
23192,BUNDLE OF 3 ALPHABET EXERCISE BOOKS,3269,5197.17,312,4.429539295392954,291,31.006775067750677,62.013550135501355,Low,High,Markdown
23193,BUFFALO BILL TREASURE BOOK BOX,1847,3750.57,137,2.502710027100271,85,17.518970189701896,35.03794037940379,Low,Low,Healthy
23194,GYMKHANNA TREASURE BOOK BOX,1750,3679.67,170,2.3712737127371275,267,16.59891598915989,33.19783197831978,Low,High,Markdown
23196,RETRO LEAVES MAGNETIC NOTEPAD,1756,2479.0,233,2.3794037940379402,175,16.65582655826558,33.31165311653116,Low,High,Markdown
23197,SKETCHBOOK MAGNETIC SHOPPING LIST,1354,1950.74,183,1.834688346883469,66,12.842818428184282,25.685636856368564,Low,Low,Healthy
23198,PANTRY MAGNETIC  SHOPPING LIST,3063,4341.19,374,4.150406504065041,220,29.052845528455286,58.10569105691057,Low,Low,Healthy
23199,JUMBO BAG APPLES,13875,26426.3,718,18.80081300813008,167,131.60569105691056,263.2113821138211,High,Low,Reorder
23200,JUMBO BAG PEARS,6729,13034.92,470,9.117886178861788,143,63.825203252032516,127.65040650406503,Low,Low,Healthy
23201,JUMBO BAG ALPHABET,12533,24160.44,752,16.98238482384824,20,118.87669376693768,237.75338753387535,High,Low,Reorder
23202,JUMBO BAG VINTAGE LEAF,10695,20921.55,772,14.491869918699187,266,101.4430894308943,202.8861788617886,Low,Low,Healthy
23203,JUMBO BAG DOILEY PATTERNS,19498,37646.94,1080,26.420054200542005,147,184.94037940379403,369.88075880758805,High,Low,Reorder
23204,CHARLOTTE BAG APPLES DESIGN,7039,5632.15,425,9.537940379403794,210,66.76558265582656,133.53116531165313,Low,Low,Healthy
23205,CHARLOTTE BAG VINTAGE ALPHABET ,5150,4105.0199999999995,345,6.978319783197832,86,48.84823848238482,97.69647696476964,High,Low,Reorder
23206,LUNCH BAG APPLE DESIGN,11530,18220.5,866,15.62330623306233,23,109.36314363143632,218.72628726287263,High,Low,Reorder
23207,LUNCH BAG ALPHABET DESIGN,7533,11994.41,647,10.207317073170731,162,71.45121951219512,142.90243902439025,Low,Low,Healthy
23208,LUNCH BAG VINTAGE LEAF DESIGN,6191,9950.35,597,8.38888888888889,210,58.72222222222223,117.44444444444446,Low,Low,Healthy
23209,LUNCH BAG DOILEY PATTERN ,12985,20786.21,1006,17.594850948509485,40,123.1639566395664,246.3279132791328,High,Low,Reorder
23210,WHITE ROCKING HORSE HAND PAINTED,2750,3311.5,154,3.7262872628726287,246,26.0840108401084,52.1680216802168,Low,High,Markdown
23211,RED ROCKING HORSE HAND PAINTED,2206,2631.5,116,2.989159891598916,136,20.92411924119241,41.84823848238482,Low,Low,Healthy
23212,HEART WREATH DECORATION WITH BELL,2175,2577.63,145,2.9471544715447155,161,20.63008130081301,41.26016260162602,Low,Low,Healthy
23213,STAR WREATH DECORATION WITH BELL,1594,1921.94,121,2.1598915989159893,58,15.119241192411925,30.23848238482385,Low,Low,Healthy
23214,JINGLE BELL HEART ANTIQUE GOLD,772,1624.83,92,1.046070460704607,271,7.3224932249322485,14.644986449864497,Low,High,Markdown
23215,JINGLE BELL HEART ANTIQUE SILVER,3544,6955.8,197,4.802168021680217,226,33.61517615176152,67.23035230352303,Low,Low,Healthy
23216,LAUREL HEART ANTIQUE GOLD,518,613.51,40,0.7018970189701897,229,4.913279132791328,9.826558265582657,Low,High,Markdown
23217,LAUREL HEART ANTIQUE SILVER,1290,1567.0,84,1.7479674796747968,134,12.235772357723578,24.471544715447155,Low,High,Markdown
23218,LAUREL STAR ANTIQUE GOLD,372,465.81,33,0.5040650406504065,244,3.5284552845528454,7.056910569105691,Low,High,Markdown
23219,LAUREL STAR ANTIQUE SILVER ,404,504.6,49,0.5474254742547425,153,3.8319783197831976,7.663956639566395,Low,High,Markdown
23220,REINDEER HEART DECORATION GOLD,929,774.4300000000001,77,1.2588075880758807,270,8.811653116531165,17.62330623306233,Low,High,Markdown
23221,REINDEER HEART DECORATION SILVER,1461,1241.5900000000001,110,1.9796747967479675,238,13.857723577235772,27.715447154471544,Low,High,Markdown
23222,CHRISTMAS TREE HANGING GOLD,776,690.64,64,1.051490514905149,110,7.360433604336043,14.720867208672086,Low,High,Markdown
23223,CHRISTMAS TREE HANGING SILVER ,745,670.11,67,1.0094850948509486,65,7.066395663956641,14.132791327913282,Low,High,Markdown
23224,CHERUB HEART DECORATION GOLD,719,620.45,59,0.9742547425474255,57,6.8197831978319785,13.639566395663957,Low,Low,Healthy
23225,CHERUB HEART DECORATION SILVER ,1296,1089.6000000000001,69,1.7560975609756098,161,12.292682926829269,24.585365853658537,Low,High,Markdown
23226,FILIGREE HEART DAISY WHITE,1199,1478.59,71,1.6246612466124661,119,11.372628726287264,22.745257452574528,Low,High,Markdown
23227,FILIGREE HEART BUTTERFLY WHITE ,1592,1947.06,87,2.1571815718157183,209,15.100271002710029,30.200542005420058,Low,High,Markdown
23228,FILIGREE HEART BIRD WHITE ,1397,1726.3,78,1.8929539295392954,54,13.250677506775068,26.501355013550135,Low,Low,Healthy
23229,VINTAGE DONKEY TAIL GAME ,1804,6336.43,219,2.4444444444444446,166,17.111111111111114,34.22222222222223,Low,High,Markdown
23230,WRAP ALPHABET DESIGN,7925,3196.5,232,10.738482384823849,49,75.16937669376694,150.33875338753387,High,Low,Reorder
23231,WRAP DOILEY DESIGN,7225,2986.5,257,9.789972899728998,103,68.52981029810299,137.05962059620597,High,Low,Reorder
23232,WRAP VINTAGE PETALS  DESIGN,8526,3436.92,238,11.552845528455284,289,80.869918699187,161.739837398374,Low,Low,Healthy
23233,WRAP POPPIES  DESIGN,5175,2105.5,158,7.012195121951219,173,49.08536585365853,98.17073170731706,Low,Low,Healthy
23234,BISCUIT TIN VINTAGE CHRISTMAS,1632,4567.38,232,2.2113821138211383,121,15.479674796747968,30.959349593495936,Low,Low,Healthy
23235,STORAGE TIN VINTAGE LEAF,726,1895.66,96,0.983739837398374,234,6.886178861788618,13.772357723577237,Low,High,Markdown
23236,DOILEY STORAGE TIN,2443,6782.07,284,3.31029810298103,169,23.17208672086721,46.34417344173442,Low,Low,Healthy
23237,SET OF 4 KNICK KNACK TINS LEAVES ,1043,4208.05,169,1.4132791327913279,102,9.892953929539296,19.78590785907859,Low,High,Markdown
23238,SET OF 4 KNICK KNACK TINS LONDON ,1775,7116.65,233,2.4051490514905147,129,16.836043360433603,33.672086720867206,Low,Low,Healthy
23239,SET OF 4 KNICK KNACK TINS POPPIES,812,3142.4,155,1.100271002710027,294,7.70189701897019,15.40379403794038,Low,High,Markdown
23240,SET OF 4 KNICK KNACK TINS DOILEY ,4094,16394.899999999998,485,5.547425474254743,220,38.8319783197832,77.6639566395664,Low,Low,Healthy
23241,TREASURE TIN GYMKHANA DESIGN,2005,4060.0,284,2.71680216802168,192,19.01761517615176,38.03523035230352,Low,High,Markdown
23242,TREASURE TIN BUFFALO BILL ,1430,2886.0800000000004,187,1.937669376693767,225,13.563685636856368,27.127371273712736,Low,High,Markdown
23243,SET OF TEA COFFEE SUGAR TINS PANTRY,4658,22109.079999999998,385,6.311653116531165,82,44.18157181571816,88.36314363143632,High,Low,Reorder
23244,ROUND STORAGE TIN VINTAGE LEAF,925,1692.9099999999999,105,1.2533875338753389,92,8.773712737127372,17.547425474254744,Low,High,Markdown
23245,SET OF 3 REGENCY CAKE TINS,5844,26566.280000000002,718,7.91869918699187,270,55.43089430894309,110.86178861788618,Low,Low,Healthy
23247,BISCUIT TIN 50'S CHRISTMAS,2048,5760.52,271,2.7750677506775068,143,19.425474254742547,38.85094850948509,Low,Low,Healthy
23249,VINTAGE RED ENAMEL TRIM PLATE,790,1274.7,68,1.070460704607046,140,7.493224932249322,14.986449864498644,Low,High,Markdown
23250,VINTAGE RED TRIM ENAMEL BOWL ,1103,1358.59,89,1.494579945799458,294,10.462059620596206,20.92411924119241,Low,High,Markdown
23251,VINTAGE RED ENAMEL TRIM MUG ,1645,1955.45,102,2.2289972899728996,139,15.602981029810298,31.205962059620596,Low,High,Markdown
23252,VINTAGE RED ENAMEL TRIM JUG ,586,2153.34,125,0.7940379403794038,183,5.558265582655826,11.116531165311653,Low,High,Markdown
23253,16 PIECE CUTLERY SET PANTRY DESIGN,214,3082.1,47,0.2899728997289973,284,2.0298102981029813,4.059620596205963,Low,High,Markdown
23254,CHILDRENS CUTLERY DOLLY GIRL ,1657,6674.950000000001,276,2.245257452574526,180,15.716802168021681,31.433604336043363,Low,High,Markdown
23255,CHILDRENS CUTLERY CIRCUS PARADE,962,3852.44,143,1.3035230352303524,108,9.124661246612467,18.249322493224934,Low,High,Markdown
23256,CHILDRENS CUTLERY SPACEBOY ,2016,8115.4800000000005,324,2.731707317073171,161,19.121951219512198,38.243902439024396,Low,Low,Healthy
23263,SET OF 3 WOODEN HEART DECORATIONS,3717,4791.58,389,5.036585365853658,222,35.256097560975604,70.51219512195121,Low,Low,Healthy
23264,SET OF 3 WOODEN SLEIGH DECORATIONS,1842,2396.7,249,2.4959349593495936,246,17.471544715447155,34.94308943089431,Low,High,Markdown
23265,SET OF 3 WOODEN TREE DECORATIONS,1665,2153.71,246,2.2560975609756095,241,15.792682926829267,31.585365853658534,Low,High,Markdown
23266,SET OF 3 WOODEN STOCKING DECORATION,1964,2529.64,274,2.6612466124661247,60,18.62872628726287,37.25745257452574,Low,Low,Healthy
23267,SET OF 4 SANTA PLACE SETTINGS,1158,1427.34,91,1.5691056910569106,215,10.983739837398375,21.96747967479675,Low,High,Markdown
23268,SET OF 2 CERAMIC CHRISTMAS REINDEER,1434,1980.1799999999998,78,1.943089430894309,87,13.601626016260163,27.203252032520325,Low,Low,Healthy
23269,SET OF 2 CERAMIC CHRISTMAS TREES,748,1065.3999999999999,76,1.013550135501355,283,7.094850948509485,14.18970189701897,Low,High,Markdown
23270,SET OF 2 CERAMIC PAINTED HEARTS ,1157,1612.85,118,1.567750677506775,21,10.974254742547426,21.948509485094853,High,Low,Reorder
23271,CHRISTMAS TABLE CANDLE SILVER SPIKE,1619,1314.33,75,2.193766937669377,144,15.356368563685638,30.712737127371277,Low,High,Markdown
23272,TREE T-LIGHT HOLDER WILLIE WINKIE,352,522.74,35,0.47696476964769646,129,3.3387533875338753,6.677506775067751,Low,High,Markdown
23273,HEART T-LIGHT HOLDER WILLIE WINKIE,928,1533.8400000000001,97,1.2574525745257452,105,8.802168021680217,17.604336043360433,Low,High,Markdown
23274,STAR T-LIGHT HOLDER WILLIE WINKIE,1139,1870.11,98,1.543360433604336,139,10.803523035230352,21.607046070460704,Low,High,Markdown
23275,SET OF 3 HANGING OWLS OLLIE BEAK,3613,4291.17,270,4.8956639566395665,146,34.269647696476966,68.53929539295393,Low,Low,Healthy
23280,FOLDING BUTTERFLY MIRROR HOT PINK ,1994,1546.0800000000002,133,2.7018970189701896,274,18.913279132791327,37.826558265582655,Low,High,Markdown
23281,FOLDING BUTTERFLY MIRROR RED  ,1270,976.22,91,1.7208672086720866,202,12.046070460704607,24.092140921409214,Low,High,Markdown
23282,FOLDING BUTTERFLY MIRROR IVORY ,753,612.72,102,1.0203252032520325,35,7.142276422764227,14.284552845528454,Low,Low,Healthy
23283,DOORMAT VINTAGE LEAVES DESIGN ,967,6600.27,209,1.3102981029810299,81,9.17208672086721,18.34417344173442,Low,High,Markdown
23284,DOORMAT KEEP CALM AND COME IN,5338,35880.85,648,7.233062330623306,177,50.63143631436314,101.26287262872629,Low,Low,Healthy
23285,PINK VINTAGE SPOT BEAKER,4679,4384.83,132,6.340108401084011,287,44.38075880758808,88.76151761517616,Low,Low,Healthy
23286,BLUE VINTAGE SPOT BEAKER,4901,4528.29,164,6.6409214092140925,54,46.486449864498645,92.97289972899729,High,Low,Reorder
23287,RED VINTAGE SPOT BEAKER,1774,1445.5,146,2.4037940379403793,286,16.826558265582655,33.65311653116531,Low,High,Markdown
23288,GREEN VINTAGE SPOT BEAKER,4505,4261.889999999999,134,6.1043360433604335,83,42.730352303523034,85.46070460704607,High,Low,Reorder
23289,DOLLY GIRL CHILDRENS BOWL,1553,1854.8500000000001,141,2.1043360433604335,69,14.730352303523034,29.46070460704607,Low,Low,Healthy
23290,SPACEBOY CHILDRENS BOWL,2367,2757.15,174,3.207317073170732,274,22.451219512195124,44.90243902439025,Low,High,Markdown
23291,DOLLY GIRL CHILDRENS CUP,1548,1880.1399999999999,144,2.097560975609756,168,14.682926829268293,29.365853658536587,Low,High,Markdown
23292,SPACE BOY CHILDRENS CUP,2081,2486.37,164,2.8197831978319785,295,19.73848238482385,39.4769647696477,Low,High,Markdown
23293,SET OF 12 FAIRY CAKE BAKING CASES,8228,6457.0,465,11.149051490514905,191,78.04336043360433,156.08672086720867,Low,Low,Healthy
23294,SET OF 6 SNACK LOAF BAKING CASES,4264,3336.94,291,5.777777777777778,220,40.44444444444444,80.88888888888889,Low,Low,Healthy
23295,SET OF 12 MINI LOAF BAKING CASES,5957,4670.63,359,8.07181571815718,54,56.502710027100264,113.00542005420053,High,Low,Reorder
23296,SET OF 6 TEA TIME BAKING CASES,4877,5684.650000000001,319,6.60840108401084,235,46.25880758807588,92.51761517615176,Low,Low,Healthy
23297,SET 40 HEART SHAPE PETIT FOUR CASES,4260,6677.0,140,5.772357723577236,84,40.40650406504065,80.8130081300813,Low,Low,Healthy
23298,SPOTTY BUNTING,7779,36144.25,1009,10.540650406504065,27,73.78455284552845,147.5691056910569,High,Low,Reorder
23299,FOOD COVER WITH BEADS SET 2 ,980,3556.42,122,1.3279132791327912,95,9.29539295392954,18.59078590785908,Low,High,Markdown
23300,GARDENERS KNEELING PAD CUP OF TEA ,6285,9933.69,635,8.516260162601625,193,59.61382113821138,119.22764227642276,Low,Low,Healthy
23301,GARDENERS KNEELING PAD KEEP CALM ,7722,12463.78,756,10.463414634146341,66,73.24390243902438,146.48780487804876,High,Low,Reorder
23302,KNEELING MAT HOUSEWORK  DESIGN,1473,1980.71,187,1.9959349593495934,34,13.971544715447154,27.943089430894307,Low,Low,Healthy
23303,SET 4 PICNIC CUTLERY FONDANT,65,126.75,6,0.08807588075880758,166,0.6165311653116531,1.2330623306233062,Low,High,Markdown
23304,SET 4 PICNIC CUTLERY CHERRY ,71,138.45,9,0.09620596205962059,45,0.6734417344173441,1.3468834688346882,Low,High,Markdown
23305,SET 4 PICNIC CUTLERY BLUEBERRY,82,159.9,9,0.1111111111111111,112,0.7777777777777777,1.5555555555555554,Low,High,Markdown
23306,SET OF 36 DOILIES PANTRY DESIGN,2692,3819.9399999999996,209,3.6476964769647697,251,25.53387533875339,51.06775067750678,Low,High,Markdown
23307,SET OF 60 PANTRY DESIGN CAKE CASES ,11661,5974.389999999999,504,15.800813008130081,40,110.60569105691057,221.21138211382114,High,Low,Reorder
23308,SET OF 60 VINTAGE LEAF CAKE CASES ,5955,3091.61,305,8.06910569105691,57,56.48373983739837,112.96747967479673,High,Low,Reorder
23309,SET OF 60 I LOVE LONDON CAKE CASES ,7670,3697.7,294,10.392953929539296,295,72.75067750677508,145.50135501355015,Low,Low,Healthy
23310,BUBBLEGUM RING ASSORTED,11891,4894.83,213,16.112466124661246,176,112.78726287262873,225.57452574525746,High,Low,Reorder
23311,VINTAGE CHRISTMAS STOCKING ,2199,5564.25,281,2.9796747967479673,198,20.85772357723577,41.71544715447154,Low,High,Markdown
23312,VINTAGE CHRISTMAS GIFT SACK,1364,5523.0,193,1.848238482384824,151,12.937669376693767,25.875338753387535,Low,High,Markdown
23313,VINTAGE CHRISTMAS BUNTING,2748,12960.12,359,3.7235772357723578,47,26.065040650406505,52.13008130081301,High,Low,Reorder
23314,VINTAGE CHRISTMAS TABLECLOTH,391,4638.52,104,0.5298102981029811,279,3.708672086720868,7.417344173441736,Low,High,Markdown
23315,IVORY REFECTORY CLOCK,202,1894.6999999999998,76,0.27371273712737126,95,1.9159891598915988,3.8319783197831976,Low,High,Markdown
23316,RED REFECTORY CLOCK ,235,2212.25,95,0.31842818428184283,86,2.2289972899728996,4.457994579945799,Low,High,Markdown
23317,BLUE REFECTORY CLOCK ,161,1547.95,70,0.2181571815718157,213,1.52710027100271,3.05420054200542,Low,High,Markdown
23318,BOX OF 6 MINI VINTAGE CRACKERS,3645,8345.43,329,4.939024390243903,181,34.57317073170732,69.14634146341464,Low,Low,Healthy
23319,BOX OF 6 MINI 50'S CRACKERS,3520,8169.4800000000005,365,4.769647696476965,276,33.387533875338754,66.77506775067751,Low,Low,Healthy
23320,GIANT 50'S CHRISTMAS CRACKER,2628,6907.52,310,3.5609756097560976,91,24.926829268292682,49.853658536585364,Low,Low,Healthy
23321,SMALL WHITE HEART OF WICKER,4262,6798.1,582,5.775067750677507,106,40.42547425474255,80.8509485094851,Low,Low,Healthy
23322,LARGE WHITE HEART OF WICKER,2892,8137.500000000001,511,3.9186991869918697,281,27.43089430894309,54.86178861788618,Low,High,Markdown
23323,WHITE WICKER STAR ,1422,2954.7000000000003,270,1.9268292682926829,233,13.487804878048781,26.975609756097562,Low,High,Markdown
23324,RUSTIC STRAWBERRY JAMPOT LARGE ,381,770.4000000000001,39,0.516260162601626,172,3.613821138211382,7.227642276422764,Low,High,Markdown
23325,RUSTIC STRAWBERRY JAMPOT SMALL,444,701.4,30,0.6016260162601627,229,4.211382113821139,8.422764227642277,Low,High,Markdown
23326,HANGING MINI COLOURED BOTTLES,3369,1999.59,55,4.565040650406504,80,31.95528455284553,63.91056910569106,Low,Low,Healthy
23327,HANGING CLEAR MINI BOTTLE,1710,1012.02,34,2.317073170731707,287,16.21951219512195,32.4390243902439,Low,High,Markdown
23328,SET 6 SCHOOL MILK BOTTLES IN CRATE,2063,7495.29,281,2.7953929539295395,281,19.567750677506776,39.13550135501355,Low,High,Markdown
23329,DECORATIVE WICKER HEART LARGE,1701,2794.65,215,2.3048780487804876,237,16.134146341463413,32.26829268292683,Low,High,Markdown
23330,DECORATIVE WICKER HEART MEDIUM,1751,2181.19,195,2.372628726287263,155,16.60840108401084,33.21680216802168,Low,High,Markdown
23331,DECORATIVE WICKER HEART SMALL,1492,932.28,81,2.021680216802168,112,14.151761517615178,28.303523035230356,Low,Low,Healthy
23332,IVORY WICKER HEART LARGE,1979,3255.75,267,2.6815718157181574,128,18.7710027100271,37.5420054200542,Low,Low,Healthy
23333,IVORY WICKER HEART MEDIUM,2009,2498.65,216,2.7222222222222223,260,19.055555555555557,38.111111111111114,Low,High,Markdown
23334,IVORY WICKER HEART SMALL,2154,1345.5,95,2.9186991869918697,161,20.43089430894309,40.86178861788618,Low,Low,Healthy
23335,EGG FRYING PAN IVORY ,358,722.5600000000001,81,0.48509485094850946,256,3.395663956639566,6.791327913279132,Low,High,Markdown
23336,EGG FRYING PAN PINK ,199,415.97,63,0.2696476964769648,196,1.8875338753387536,3.775067750677507,Low,High,Markdown
23337,EGG FRYING PAN MINT ,169,351.52000000000004,60,0.22899728997289973,160,1.602981029810298,3.205962059620596,Low,High,Markdown
23338,EGG FRYING PAN RED ,405,820.32,91,0.5487804878048781,208,3.8414634146341466,7.682926829268293,Low,High,Markdown
23339,EGG FRYING PAN BLUE ,150,312.0,58,0.2032520325203252,68,1.4227642276422765,2.845528455284553,Low,High,Markdown
23340,VINTAGE CHRISTMAS CAKE FRILL,2453,3879.4500000000003,122,3.323848238482385,209,23.266937669376695,46.53387533875339,Low,High,Markdown
23341,PINK DINER WALL CLOCK,281,2317.1,98,0.3807588075880759,155,2.6653116531165315,5.330623306233063,Low,High,Markdown
23342,MINT DINER WALL CLOCK,365,3051.5,155,0.494579945799458,62,3.462059620596206,6.924119241192412,Low,High,Markdown
23343,JUMBO BAG VINTAGE CHRISTMAS ,4905,9742.1,385,6.646341463414634,109,46.52439024390244,93.04878048780488,Low,Low,Healthy
23344,JUMBO BAG 50'S CHRISTMAS ,8933,17636.04,586,12.104336043360433,264,84.73035230352303,169.46070460704607,Low,Low,Healthy
23345, DOLLY GIRL BEAKER,2394,2754.5,133,3.2439024390243905,211,22.707317073170735,45.41463414634147,Low,High,Markdown
23346,SPACEBOY BEAKER,2567,2970.75,138,3.478319783197832,125,24.348238482384822,48.696476964769644,Low,Low,Healthy
23347,I LOVE LONDON BEAKER,827,999.75,70,1.1205962059620596,252,7.844173441734417,15.688346883468833,Low,High,Markdown
23348,CHILDRENS TOY COOKING UTENSIL SET,676,1363.16,122,0.9159891598915989,284,6.411924119241192,12.823848238482384,Low,High,Markdown
23349,ROLL WRAP VINTAGE CHRISTMAS,2847,3450.39,246,3.8577235772357725,56,27.004065040650406,54.00813008130081,Low,Low,Healthy
23350,ROLL WRAP VINTAGE SPOT ,2584,3154.4,246,3.5013550135501355,60,24.509485094850948,49.018970189701896,Low,Low,Healthy
23351,ROLL WRAP 50'S CHRISTMAS,3054,3694.02,271,4.138211382113822,36,28.96747967479675,57.9349593495935,High,Low,Reorder
23352,ROLL WRAP 50'S RED CHRISTMAS ,1593,1961.01,162,2.158536585365854,296,15.109756097560977,30.219512195121954,Low,High,Markdown
23353,6 GIFT TAGS VINTAGE CHRISTMAS ,3726,3068.82,253,5.048780487804878,78,35.34146341463415,70.6829268292683,Low,Low,Healthy
23354,6 GIFT TAGS 50'S CHRISTMAS ,3343,2750.9300000000003,261,4.529810298102981,202,31.708672086720867,63.417344173441734,Low,Low,Healthy
23355,HOT WATER BOTTLE KEEP CALM,5313,24302.55,719,7.199186991869919,60,50.39430894308943,100.78861788617886,High,Low,Reorder
23356,LOVE HOT WATER BOTTLE,2325,12954.75,449,3.1504065040650406,58,22.052845528455286,44.10569105691057,Low,Low,Healthy
23357,HOT WATER BOTTLE SEX BOMB,432,1832.0,88,0.5853658536585366,211,4.097560975609756,8.195121951219512,Low,High,Markdown
23358,HOT STUFF HOT WATER BOTTLE,527,1686.15,67,0.7140921409214093,286,4.9986449864498645,9.997289972899729,Low,High,Markdown
23359,SET OF 12 T-LIGHTS VINTAGE DOILEY,976,1834.8,76,1.3224932249322494,166,9.257452574525747,18.514905149051494,Low,High,Markdown
23360,SET 8 CANDLES VINTAGE DOILEY,1146,2148.2999999999997,107,1.5528455284552845,146,10.869918699186991,21.739837398373982,Low,High,Markdown
23365,SET 12 COLOUR PENCILS LOVE LONDON,1529,991.45,128,2.0718157181571817,65,14.502710027100271,29.005420054200542,Low,Low,Healthy
23366,SET 12 COLOURING PENCILS DOILY,1919,1208.95,141,2.600271002710027,64,18.20189701897019,36.40379403794038,Low,Low,Healthy
23367,SET 12 COLOUR PENCILS SPACEBOY ,2778,1803.3,231,3.7642276422764227,20,26.349593495934958,52.699186991869915,High,Low,Reorder
23368,SET 12 COLOUR PENCILS DOLLY GIRL ,2152,1396.4,178,2.915989159891599,187,20.411924119241192,40.823848238482384,Low,High,Markdown
23369,SET 36 COLOUR PENCILS LOVE LONDON,901,1053.29,95,1.2208672086720866,127,8.546070460704607,17.092140921409214,Low,High,Markdown
23370,SET 36 COLOUR PENCILS DOILEY,1354,1643.8600000000001,106,1.834688346883469,38,12.842818428184282,25.685636856368564,Low,Low,Healthy
23371,SET 36 COLOUR PENCILS SPACEBOY ,1498,1775.22,133,2.029810298102981,91,14.208672086720867,28.417344173441734,Low,Low,Healthy
23372,SET 36 COLOUR PENCILS DOLLY GIRL,1294,1520.22,99,1.7533875338753389,128,12.273712737127372,24.547425474254744,Low,High,Markdown
23373,VINTAGE CHRISTMAS PAPER GIFT BAG,1563,1241.6599999999999,88,2.1178861788617884,287,14.82520325203252,29.65040650406504,Low,High,Markdown
23374,RED SPOT PAPER GIFT BAG,2444,1944.08,122,3.3116531165311653,259,23.181571815718158,46.363143631436316,Low,High,Markdown
23375,50'S CHRISTMAS PAPER GIFT BAG,1317,1059.9399999999998,88,1.7845528455284554,109,12.491869918699187,24.983739837398375,Low,High,Markdown
23376,PACK OF 12 VINTAGE CHRISTMAS TISSUE,2630,995.4599999999999,113,3.5636856368563685,122,24.94579945799458,49.89159891598916,Low,Low,Healthy
23377,PACK OF 12 DOLLY GIRL TISSUES,1200,468.0,80,1.6260162601626016,269,11.382113821138212,22.764227642276424,Low,High,Markdown
23378,PACK OF 12 50'S CHRISTMAS TISSUES,3413,1270.59,144,4.624661246612466,27,32.37262872628726,64.74525745257452,High,Low,Reorder
23379,PACK OF 12 RED APPLE TISSUES,1175,428.01,50,1.5921409214092141,172,11.144986449864499,22.289972899728998,Low,High,Markdown
23380,PACK OF 12 VINTAGE DOILY TISSUES,2159,811.77,94,2.9254742547425474,193,20.478319783197833,40.956639566395665,Low,High,Markdown
23381,PACK OF 12 VINTAGE LEAF TISSUES ,1474,544.62,64,1.997289972899729,177,13.981029810298104,27.962059620596207,Low,High,Markdown
23382,BOX OF 6 CHRISTMAS CAKE DECORATIONS,1712,6155.04,163,2.3197831978319785,234,16.23848238482385,32.4769647696477,Low,High,Markdown
23388,WOODLAND MINI BACKPACK,789,3154.3500000000004,135,1.0691056910569106,196,7.483739837398374,14.967479674796747,Low,High,Markdown
23389,SPACEBOY MINI BACKPACK,1043,4188.45,205,1.4132791327913279,194,9.892953929539296,19.78590785907859,Low,High,Markdown
23390,DOLLY GIRL MINI BACKPACK,721,2872.15,146,0.9769647696476965,165,6.838753387533876,13.677506775067751,Low,High,Markdown
23391, I LOVE LONDON MINI BACKPACK,360,1454.0,69,0.4878048780487805,180,3.4146341463414633,6.829268292682927,Low,High,Markdown
23392,SPACEBOY ROCKET LOLLY MAKERS,587,1165.28,78,0.7953929539295393,146,5.567750677506775,11.13550135501355,Low,High,Markdown
23393,HOME SWEET HOME CUSHION COVER ,763,2861.25,201,1.0338753387533874,101,7.237127371273712,14.474254742547425,Low,High,Markdown
23394,POSTE FRANCE CUSHION COVER,392,1470.0,119,0.5311653116531165,166,3.718157181571816,7.436314363143632,Low,High,Markdown
23395,BELLE JARDINIERE CUSHION COVER,683,2555.73,175,0.9254742547425474,258,6.478319783197832,12.956639566395664,Low,High,Markdown
23396,BUTTERFLY CUSHION COVER,609,2278.23,164,0.8252032520325203,103,5.776422764227642,11.552845528455284,Low,High,Markdown
23397,FOOT STOOL HOME SWEET HOME ,434,4069.9,176,0.5880758807588076,132,4.1165311653116525,8.233062330623305,Low,High,Markdown
23398,HANGING HEART BONHEUR,587,495.83,57,0.7953929539295393,244,5.567750677506775,11.13550135501355,Low,High,Markdown
23399,HOME SWEET HOME HANGING HEART,1815,1539.6299999999999,176,2.459349593495935,262,17.215447154471544,34.43089430894309,Low,High,Markdown
23400,SHELF WITH 4 HOOKS HOME SWEET HOME,448,2247.36,95,0.6070460704607046,162,4.249322493224932,8.498644986449865,Low,High,Markdown
23401,RUSTIC MIRROR WITH LACE HEART,443,2155.51,70,0.6002710027100271,60,4.20189701897019,8.40379403794038,Low,High,Markdown
23402,HOME SWEEET HOME 3 PEG HANGER ,280,1027.92,55,0.3794037940379404,277,2.655826558265583,5.311653116531166,Low,High,Markdown
23403,LETTER HOLDER HOME SWEET HOME,595,1980.31,110,0.8062330623306233,124,5.643631436314363,11.287262872628727,Low,High,Markdown
23404,HOME SWEET HOME BLACKBOARD,969,4108.58,136,1.3130081300813008,221,9.191056910569106,18.382113821138212,Low,High,Markdown
23405,HOME SWEET HOME 2 DRAWER CABINET,235,1128.05,57,0.31842818428184283,285,2.2289972899728996,4.457994579945799,Low,High,Markdown
23406,HOME SWEET HOME KEY HOLDER,434,2148.54,94,0.5880758807588076,229,4.1165311653116525,8.233062330623305,Low,High,Markdown
23407,SET OF 2 TRAYS HOME SWEET HOME,248,2426.72,118,0.33604336043360433,70,2.3523035230352303,4.7046070460704605,Low,High,Markdown
23408,PHOTO FRAME LINEN AND LACE SMALL,310,644.8000000000001,59,0.42005420054200543,137,2.940379403794038,5.880758807588076,Low,High,Markdown
23409,PHOTO FRAME LINEN AND LACE LARGE,208,771.72,41,0.28184281842818426,220,1.9728997289972898,3.9457994579945797,Low,High,Markdown
23410,CURIO CABINET LINEN AND LACE ,36,290.1,18,0.04878048780487805,58,0.34146341463414637,0.6829268292682927,Low,High,Markdown
23411, TRELLIS COAT RACK,217,1016.5500000000001,46,0.2940379403794038,47,2.0582655826558263,4.1165311653116525,Low,High,Markdown
23412,HEART MIRROR ANTIQUE WHITE,351,2269.14,71,0.47560975609756095,278,3.3292682926829267,6.658536585365853,Low,High,Markdown
23413,VINTAGE COFFEE GRINDER BOX,156,743.4,43,0.21138211382113822,103,1.4796747967479675,2.959349593495935,Low,High,Markdown
23414,ZINC BOX SIGN HOME,139,1348.01,62,0.18834688346883469,174,1.3184281842818428,2.6368563685636857,Low,High,Markdown
23415,HOME SWEET HOME HOOK,326,405.6,45,0.44173441734417346,136,3.0921409214092144,6.184281842818429,Low,High,Markdown
23416,CHAMBRE HOOK,123,155.07,18,0.16666666666666666,21,1.1666666666666665,2.333333333333333,Low,High,Markdown
23417,BATHROOM HOOK,140,137.76,21,0.1897018970189702,112,1.3279132791327914,2.655826558265583,Low,High,Markdown
23418,LAVENDER TOILETTE BOTTLE,533,1066.88,60,0.7222222222222222,185,5.055555555555555,10.11111111111111,Low,High,Markdown
23419,HOME SWEET HOME BOTTLE ,437,895.0400000000001,61,0.592140921409214,277,4.144986449864498,8.289972899728996,Low,High,Markdown
23420,PANTRY HOOK TEA STRAINER ,159,330.72,28,0.21544715447154472,100,1.5081300813008132,3.0162601626016263,Low,High,Markdown
23421,PANTRY HOOK SPATULA,152,316.16,26,0.20596205962059622,287,1.4417344173441735,2.883468834688347,Low,High,Markdown
23422,PANTRY HOOK BALLOON WHISK ,196,407.68,31,0.26558265582655827,254,1.859078590785908,3.718157181571816,Low,High,Markdown
23423,PANTRY 3 HOOK ROLLING PIN HANGER,202,757.5,51,0.27371273712737126,232,1.9159891598915988,3.8319783197831976,Low,High,Markdown
23424,GINGHAM RECIPE BOOK BOX,409,1966.95,103,0.55420054200542,81,3.8794037940379402,7.7588075880758804,Low,High,Markdown
23425,STORAGE TIN HOME SWEET HOME,237,435.43,35,0.32113821138211385,68,2.247967479674797,4.495934959349594,Low,High,Markdown
23426,METAL SIGN DROP YOUR PANTS,1230,3186.7799999999997,171,1.6666666666666667,146,11.666666666666668,23.333333333333336,Low,High,Markdown
23427,STOOL HOME SWEET HOME ,227,2635.9,106,0.3075880758807588,242,2.1531165311653115,4.306233062330623,Low,High,Markdown
23428,IVORY RETRO KITCHEN WALL CLOCK,70,559.5,26,0.0948509485094851,298,0.6639566395663957,1.3279132791327914,Low,High,Markdown
23429,RED RETRO KITCHEN WALL CLOCK,44,358.6,20,0.05962059620596206,296,0.4173441734417344,0.8346883468834688,Low,High,Markdown
23430,BLUE RETRO KITCHEN WALL CLOCK,35,285.25,17,0.04742547425474255,126,0.33197831978319786,0.6639566395663957,Low,High,Markdown
23431,NATURAL HANGING QUILTED HEARTS ,1427,1113.13,67,1.9336043360433603,165,13.535230352303522,27.070460704607044,Low,High,Markdown
23432,PRETTY HANGING QUILTED HEARTS,1272,1045.2,70,1.7235772357723578,118,12.065040650406505,24.13008130081301,Low,High,Markdown
23433,HANGING QUILTED PATCHWORK APPLES,1215,1003.1700000000001,82,1.646341463414634,92,11.524390243902438,23.048780487804876,Low,Low,Healthy
23434,3 RAFFIA RIBBONS 50'S CHRISTMAS ,1782,1624.5,134,2.4146341463414633,141,16.902439024390244,33.80487804878049,Low,Low,Healthy
23435,3 RAFFIA RIBBONS VINTAGE CHRISTMAS,676,606.28,44,0.9159891598915989,49,6.411924119241192,12.823848238482384,Low,Low,Healthy
23436,GIFT BAG LARGE VINTAGE CHRISTMAS,1929,2251.65,92,2.613821138211382,207,18.296747967479675,36.59349593495935,Low,High,Markdown
23437, 50'S CHRISTMAS GIFT BAG LARGE,1909,2302.25,111,2.586720867208672,214,18.107046070460704,36.21409214092141,Low,High,Markdown
23438, RED SPOT GIFT BAG LARGE,1782,2143.5,98,2.4146341463414633,175,16.902439024390244,33.80487804878049,Low,High,Markdown
23439,HAND WARMER RED LOVE HEART,3721,7574.1,371,5.042005420054201,191,35.294037940379404,70.58807588075881,Low,Low,Healthy
23440,PAINT YOUR OWN EGGS IN CRATE,164,299.36,5,0.2222222222222222,60,1.5555555555555554,3.1111111111111107,Low,High,Markdown
23441,HAND PAINTED HANGING EASTER EGG,22,9.24,3,0.02981029810298103,82,0.2086720867208672,0.4173441734417344,Low,High,Markdown
23442,12 HANGING EGGS HAND PAINTED,40,83.2,7,0.05420054200542006,42,0.3794037940379404,0.7588075880758808,Low,High,Markdown
23444,Next Day Carriage,79,1200.0,79,0.1070460704607046,94,0.7493224932249323,1.4986449864498645,Low,High,Markdown
23445,ICE CREAM BUBBLES,2647,2131.0099999999998,94,3.586720867208672,67,25.107046070460704,50.21409214092141,Low,Low,Healthy
23446,BLUE BUNNY EASTER EGG BASKET,157,230.25,3,0.2127371273712737,179,1.489159891598916,2.978319783197832,Low,High,Markdown
23447,PINK BUNNY EASTER EGG BASKET,158,231.9,4,0.2140921409214092,137,1.4986449864498645,2.997289972899729,Low,High,Markdown
23448,CREAM BUNNY EASTER EGG BASKET,25,41.25,3,0.03387533875338753,119,0.23712737127371272,0.47425474254742545,Low,High,Markdown
23449,SET OF 6 EASTER RAINBOW CHICKS,12,15.0,1,0.016260162601626018,186,0.11382113821138212,0.22764227642276424,Low,High,Markdown
23451,SQUARE MINI PORTRAIT FRAME,268,519.0,44,0.36314363143631434,175,2.5420054200542004,5.084010840108401,Low,High,Markdown
23452,HEART MINI PORTRAIT FRAME,510,990.9,81,0.6910569105691057,26,4.837398373983739,9.674796747967479,Low,Low,Healthy
23453,OVAL  MINI PORTRAIT FRAME,315,611.85,46,0.4268292682926829,215,2.9878048780487805,5.975609756097561,Low,High,Markdown
23454,SET OF 3 MINI HANGING PORTRAITS,161,658.5500000000001,46,0.2181571815718157,75,1.52710027100271,3.05420054200542,Low,High,Markdown
23455,SMALL PARLOUR PICTURE FRAME,206,566.5400000000001,34,0.2791327913279133,212,1.953929539295393,3.907859078590786,Low,High,Markdown
23456,MEDIUM PARLOUR PICTURE FRAME ,158,634.1,36,0.2140921409214092,66,1.4986449864498645,2.997289972899729,Low,High,Markdown
23457,LARGE PARLOUR PICTURE FRAME,104,498.6,29,0.14092140921409213,167,0.9864498644986449,1.9728997289972898,Low,High,Markdown
23458,DOLLY CABINET 3 DRAWERS ,51,762.4499999999999,30,0.06910569105691057,294,0.483739837398374,0.967479674796748,Low,High,Markdown
23459,DOLLY CABINET 2 DRAWERS ,33,412.5,19,0.044715447154471545,176,0.3130081300813008,0.6260162601626016,Low,High,Markdown
23460,SWEETHEART WALL TIDY ,108,1007.0799999999999,43,0.14634146341463414,221,1.024390243902439,2.048780487804878,Low,High,Markdown
23461,SWEETHEART BIRD HOUSE,829,2908.55,83,1.1233062330623307,145,7.863143631436315,15.72628726287263,Low,High,Markdown
23462,ROCOCO WALL MIRROR WHITE,77,1482.1499999999999,44,0.1043360433604336,83,0.7303523035230353,1.4607046070460705,Low,High,Markdown
23463,VINTAGE ZINC WATERING CAN,12,119.39999999999999,7,0.016260162601626018,195,0.11382113821138212,0.22764227642276424,Low,High,Markdown
23464,VINTAGE ZINC WATERING CAN SMALL,16,79.2,6,0.02168021680216802,135,0.15176151761517614,0.3035230352303523,Low,High,Markdown
23465,TUSCAN VILLA FEEDING STATION,28,231.0,15,0.037940379403794036,223,0.26558265582655827,0.5311653116531165,Low,High,Markdown
23466,TUSCAN VILLA DOVECOTE,49,398.25,21,0.06639566395663957,50,0.464769647696477,0.929539295392954,Low,High,Markdown
23467,VINTAGE ZINC PLANTER  ,23,75.66999999999999,5,0.03116531165311653,132,0.2181571815718157,0.4363143631436314,Low,High,Markdown
23468,TUSCAN VILLA BIRD TABLE ,19,156.75,11,0.025745257452574527,86,0.1802168021680217,0.3604336043360434,Low,High,Markdown
23469,CARD HOLDER LOVE BIRD SMALL,320,1255.76,63,0.43360433604336046,94,3.035230352303523,6.070460704607046,Low,High,Markdown
23470,CARD HOLDER LOVE BIRD LARGE ,220,1323.4,75,0.2981029810298103,64,2.086720867208672,4.173441734417344,Low,High,Markdown
23471,SIX DRAWER OFFICE TIDY,64,596.0,26,0.08672086720867209,279,0.6070460704607046,1.2140921409214092,Low,High,Markdown
23472, NINE DRAWER OFFICE TIDY,54,777.9,30,0.07317073170731707,173,0.5121951219512195,1.024390243902439,Low,High,Markdown
23473,WOODLAND SMALL RED FELT HEART,665,530.83,43,0.9010840108401084,174,6.3075880758807585,12.615176151761517,Low,High,Markdown
23474,WOODLAND SMALL BLUE FELT HEART,297,246.51000000000002,27,0.4024390243902439,253,2.8170731707317076,5.634146341463415,Low,High,Markdown
23475,WOODLAND SMALL PINK FELT HEART,280,232.4,26,0.3794037940379404,70,2.655826558265583,5.311653116531166,Low,High,Markdown
23476,WOODLAND LARGE RED FELT HEART,198,247.5,18,0.2682926829268293,281,1.878048780487805,3.75609756097561,Low,High,Markdown
23477,WOODLAND LARGE BLUE FELT HEART,85,106.25,8,0.11517615176151762,144,0.8062330623306233,1.6124661246612466,Low,High,Markdown
23478,WOODLAND LARGE PINK FELT HEART,278,307.18,10,0.37669376693766937,264,2.6368563685636857,5.273712737127371,Low,High,Markdown
23479,WIRE EGG BASKET ,109,819.65,40,0.14769647696476965,49,1.0338753387533874,2.067750677506775,Low,High,Markdown
23480,MINI LIGHTS WOODLAND MUSHROOMS,1717,6118.59,173,2.3265582655826558,141,16.28590785907859,32.57181571815718,Low,High,Markdown
23481,PEARLISED IVORY HEART SMALL ,217,266.21,27,0.2940379403794038,144,2.0582655826558263,4.1165311653116525,Low,High,Markdown
23482,PEARLISED IVORY HEART LARGE ,415,651.15,36,0.5623306233062331,56,3.9363143631436315,7.872628726287263,Low,High,Markdown
23483,HANGING  BUTTERFLY T-LIGHT HOLDER,1310,1526.62,66,1.7750677506775068,189,12.425474254742547,24.850948509485093,Low,High,Markdown
23484,HEART TRELLISTRIPLE T-LIGHT HOLDER,174,483.66,25,0.23577235772357724,143,1.6504065040650406,3.3008130081300813,Low,High,Markdown
23485,BOTANICAL GARDENS WALL CLOCK ,259,5719.0,80,0.3509485094850949,54,2.456639566395664,4.913279132791328,Low,High,Markdown
23486,ANTIQUE HEART SHELF UNIT,267,3879.15,68,0.3617886178861789,106,2.532520325203252,5.065040650406504,Low,High,Markdown
23487,SWEET HEART CAKE CARRIER,78,754.0,42,0.10569105691056911,153,0.7398373983739838,1.4796747967479675,Low,High,Markdown
23489,"GARLAND, VINTAGE BELLS",876,2512.44,137,1.1869918699186992,215,8.308943089430894,16.617886178861788,Low,High,Markdown
23490,T-LIGHT HOLDER HANGING LOVE BIRD,533,1965.63,95,0.7222222222222222,293,5.055555555555555,10.11111111111111,Low,High,Markdown
23491,VINTAGE JINGLE BELLS HEART,226,1864.5,76,0.3062330623306233,220,2.1436314363143634,4.287262872628727,Low,High,Markdown
23492,VINTAGE JINGLE BELLS WREATH,74,610.5,26,0.1002710027100271,96,0.7018970189701897,1.4037940379403795,Low,High,Markdown
23493,VINTAGE DOILY TRAVEL SEWING KIT,3516,6736.2,349,4.764227642276423,78,33.34959349593496,66.69918699186992,Low,Low,Healthy
23494,VINTAGE DOILY DELUXE SEWING KIT ,722,4194.900000000001,176,0.978319783197832,145,6.848238482384824,13.696476964769648,Low,High,Markdown
23495,SET OF 3 PANTRY WOODEN SPOONS,192,240.0,24,0.2601626016260163,128,1.821138211382114,3.642276422764228,Low,High,Markdown
23496,PANTRY KITCHEN THERMOMETER ,88,110.0,22,0.11924119241192412,243,0.8346883468834688,1.6693766937669376,Low,High,Markdown
23497,CLASSIC CHROME BICYCLE BELL ,2511,3508.75,172,3.402439024390244,297,23.817073170731707,47.63414634146341,Low,High,Markdown
23498,CLASSIC BICYCLE CLIPS ,1587,2200.15,86,2.1504065040650406,87,15.052845528455284,30.10569105691057,Low,Low,Healthy
23499,SET 12 VINTAGE DOILY CHALK ,1244,522.48,93,1.6856368563685638,88,11.799457994579946,23.59891598915989,Low,Low,Healthy
23500,KEY RING BASEBALL BOOT ASSORTED ,1580,1928.8,84,2.140921409214092,184,14.986449864498644,29.972899728997287,Low,High,Markdown
23501,KEY RING BASEBALL BOOT UNION JACK,1770,2103.3,85,2.3983739837398375,181,16.788617886178862,33.577235772357724,Low,High,Markdown
23502,PLAYING CARDS VINTAGE DOILEY ,690,838.98,87,0.9349593495934959,61,6.544715447154472,13.089430894308943,Low,High,Markdown
23503,PLAYING CARDS KEEP CALM & CARRY ON,3432,4242.96,327,4.650406504065041,128,32.552845528455286,65.10569105691057,Low,Low,Healthy
23504,PLAYING CARDS JUBILEE UNION JACK,1661,2073.73,190,2.2506775067750677,70,15.754742547425474,31.509485094850948,Low,Low,Healthy
23505,PLAYING CARDS I LOVE LONDON ,1058,1238.5,104,1.4336043360433603,269,10.035230352303522,20.070460704607044,Low,High,Markdown
23506,MINI PLAYING CARDS SPACEBOY ,2694,1106.28,127,3.6504065040650406,40,25.552845528455286,51.10569105691057,High,Low,Reorder
23507,MINI PLAYING CARDS BUFFALO BILL ,2839,1128.18,101,3.8468834688346885,158,26.928184281842817,53.856368563685635,Low,Low,Healthy
23508,MINI PLAYING CARDS DOLLY GIRL ,2472,1013.0400000000001,106,3.3495934959349594,111,23.447154471544714,46.89430894308943,Low,Low,Healthy
23509,MINI PLAYING CARDS FUN FAIR ,1040,433.2,54,1.4092140921409213,299,9.86449864498645,19.7289972899729,Low,High,Markdown
23510,MINI PLAYING CARDS GYMKHANA,2297,901.74,95,3.1124661246612466,144,21.787262872628727,43.57452574525745,Low,Low,Healthy
23511,EMBROIDERED RIBBON REEL EMILY ,524,1046.42,85,0.7100271002710027,130,4.970189701897019,9.940379403794038,Low,High,Markdown
23512,EMBROIDERED RIBBON REEL ROSIE,484,921.46,49,0.6558265582655827,158,4.590785907859079,9.181571815718158,Low,High,Markdown
23513,EMBROIDERED RIBBON REEL SUSIE ,556,1072.96,62,0.7533875338753387,292,5.273712737127371,10.547425474254743,Low,High,Markdown
23514,EMBROIDERED RIBBON REEL SALLY ,458,909.14,62,0.6205962059620597,118,4.3441734417344176,8.688346883468835,Low,High,Markdown
23515,EMBROIDERED RIBBON REEL DAISY ,558,1075.3799999999999,59,0.7560975609756098,271,5.2926829268292686,10.585365853658537,Low,High,Markdown
23516,EMBROIDERED RIBBON REEL SOPHIE  ,291,1025.01,40,0.3943089430894309,123,2.760162601626016,5.520325203252032,Low,High,Markdown
23517,EMBROIDERED RIBBON REEL REBECCA ,312,860.88,51,0.42276422764227645,233,2.959349593495935,5.91869918699187,Low,High,Markdown
23518,EMBROIDERED RIBBON REEL RACHEL ,357,954.93,41,0.483739837398374,268,3.386178861788618,6.772357723577236,Low,High,Markdown
23519,EMBROIDERED RIBBON REEL CLAIRE,219,755.01,19,0.2967479674796748,171,2.0772357723577235,4.154471544715447,Low,High,Markdown
23520,EMBROIDERED RIBBON REEL RUBY ,165,585.63,30,0.22357723577235772,269,1.565040650406504,3.130081300813008,Low,High,Markdown
23521,CAT AND BIRD WALL ART,388,648.62,22,0.5257452574525745,294,3.6802168021680215,7.360433604336043,Low,High,Markdown
23522,DOG AND BALL WALL ART,341,652.17,21,0.462059620596206,184,3.234417344173442,6.468834688346884,Low,High,Markdown
23523,TREASURE AHOY WALL ART,357,1151.43,38,0.483739837398374,27,3.386178861788618,6.772357723577236,Low,Low,Healthy
23524,HORSE & PONY WALL ART,465,1441.98,51,0.6300813008130082,24,4.410569105691057,8.821138211382115,Low,Low,Healthy
23525,BUFFALO BILL WALL ART ,567,1777.89,44,0.7682926829268293,164,5.378048780487805,10.75609756097561,Low,High,Markdown
23526,DOG LICENCE WALL ART,882,4346.82,91,1.1951219512195121,120,8.365853658536585,16.73170731707317,Low,High,Markdown
23527,ANIMALS AND NATURE WALL ART,415,1394.97,43,0.5623306233062331,183,3.9363143631436315,7.872628726287263,Low,High,Markdown
23528,SPACEBOY WALL ART,462,1381.38,34,0.6260162601626016,166,4.382113821138211,8.764227642276422,Low,High,Markdown
23529,DOLLY GIRL WALL ART,629,1952.3100000000002,30,0.8523035230352304,83,5.966124661246613,11.932249322493226,Low,High,Markdown
23530,WALL ART ONLY ONE PERSON ,1037,4241.25,74,1.405149051490515,110,9.836043360433605,19.67208672086721,Low,High,Markdown
23531,WALL ART BIG LOVE ,960,5319.36,97,1.3008130081300813,136,9.105691056910569,18.211382113821138,Low,High,Markdown
23532,WALL ART WORK REST AND PLAY  ,205,853.47,26,0.2777777777777778,286,1.9444444444444446,3.8888888888888893,Low,High,Markdown
23533,WALL ART GARDEN HAVEN ,210,936.34,31,0.2845528455284553,192,1.9918699186991868,3.9837398373983737,Low,High,Markdown
23534,STOP FOR TEA WALL ART,1206,6320.88,194,1.6341463414634145,66,11.439024390243901,22.878048780487802,Low,Low,Healthy
23535,BICYCLE SAFTEY WALL ART,1123,5898.61,162,1.521680216802168,159,10.651761517615176,21.303523035230352,Low,High,Markdown
23536,VILLAGE SHOW WALL ART,613,3274.03,74,0.8306233062330624,265,5.814363143631437,11.628726287262873,Low,High,Markdown
23537,I LOVE LONDON WALL ART,98,446.70000000000005,21,0.13279132791327913,168,0.929539295392954,1.859078590785908,Low,High,Markdown
23538,WALL ART VINTAGE HEART,326,1273.92,27,0.44173441734417346,265,3.0921409214092144,6.184281842818429,Low,High,Markdown
23539,WALL ART LOVES' SECRET ,237,1129.71,35,0.32113821138211385,24,2.247967479674797,4.495934959349594,Low,High,Markdown
23540,WALL ART THE MAGIC FOREST ,146,890.54,10,0.1978319783197832,203,1.3848238482384823,2.7696476964769645,Low,High,Markdown
23541,WALL ART CLASSIC PUDDINGS ,829,6154.69,120,1.1233062330623307,39,7.863143631436315,15.72628726287263,Low,Low,Healthy
23542,70'S ALPHABET WALL ART,484,3442.68,70,0.6558265582655827,65,4.590785907859079,9.181571815718158,Low,High,Markdown
23543,KEEP CALM WALL ART ,1227,6869.47,94,1.6626016260162602,31,11.638211382113822,23.276422764227643,Low,Low,Healthy
23544,WALL ART MID CENTURY MODERN ,164,1015.78,20,0.2222222222222222,89,1.5555555555555554,3.1111111111111107,Low,High,Markdown
23545,WRAP RED DOILEY,2475,1023.5,83,3.3536585365853657,36,23.475609756097562,46.951219512195124,High,Low,Reorder
23546,WRAP PAISLEY PARK ,3250,1365.0,120,4.403794037940379,166,30.826558265582655,61.65311653116531,Low,Low,Healthy
23547,WRAP FLOWER SHOP  ,1575,661.5,62,2.1341463414634148,173,14.939024390243903,29.878048780487806,Low,High,Markdown
23548,WRAP MAGIC FOREST ,1075,451.5,43,1.456639566395664,127,10.196476964769648,20.392953929539296,Low,High,Markdown
23549,WRAP BIRD GARDEN ,1300,546.0,51,1.7615176151761518,255,12.330623306233063,24.661246612466126,Low,High,Markdown
23550,WRAP ALPHABET POSTER  ,1850,761.0,63,2.5067750677506777,89,17.547425474254744,35.09485094850949,Low,Low,Healthy
23551,PACK OF 12 PAISLEY PARK TISSUES ,1614,629.4599999999999,95,2.186991869918699,202,15.308943089430894,30.617886178861788,Low,High,Markdown
23552,BICYCLE PUNCTURE REPAIR KIT ,1730,3336.7200000000003,103,2.3441734417344176,269,16.40921409214092,32.81842818428184,Low,High,Markdown
23553,LANDMARK FRAME CAMDEN TOWN ,557,6244.85,62,0.7547425474254743,247,5.28319783197832,10.56639566395664,Low,High,Markdown
23554,LANDMARK FRAME OXFORD STREET,419,4730.65,54,0.5677506775067751,121,3.9742547425474255,7.948509485094851,Low,High,Markdown
23555,LANDMARK FRAME NOTTING HILL ,419,4730.65,48,0.5677506775067751,94,3.9742547425474255,7.948509485094851,Low,High,Markdown
23556,LANDMARK FRAME COVENT GARDEN ,435,4912.05,52,0.5894308943089431,235,4.126016260162602,8.252032520325203,Low,High,Markdown
23557,LANDMARK FRAME BAKER STREET ,347,3867.85,29,0.470189701897019,222,3.2913279132791327,6.582655826558265,Low,High,Markdown
23558,LANDMARK FRAME LONDON BRIDGE ,410,4604.2,47,0.5555555555555556,211,3.8888888888888893,7.777777777777779,Low,High,Markdown
23559,WOODLAND BUNNIES LOLLY MAKERS,563,1129.28,75,0.7628726287262872,268,5.340108401084011,10.680216802168022,Low,High,Markdown
23560,SET OF 6 RIBBONS COUNTRY STYLE,163,447.07,20,0.22086720867208673,261,1.5460704607046072,3.0921409214092144,Low,High,Markdown
23561,SET OF 6 RIBBONS PARTY,167,458.63,13,0.22628726287262874,198,1.5840108401084012,3.1680216802168024,Low,High,Markdown
23562,SET OF 6 RIBBONS PERFECTLY PRETTY  ,243,678.27,37,0.32926829268292684,238,2.304878048780488,4.609756097560976,Low,High,Markdown
23564,EGG CUP MILKMAID INGRID,587,703.51,42,0.7953929539295393,101,5.567750677506775,11.13550135501355,Low,High,Markdown
23565,EGG CUP MILKMAID HELGA ,348,435.0,31,0.4715447154471545,111,3.3008130081300813,6.6016260162601625,Low,High,Markdown
23566,EGG CUP MILKMAID HEIDI,784,919.52,46,1.062330623306233,194,7.436314363143632,14.872628726287264,Low,High,Markdown
23567,EGG CUP HENRIETTA HEN PINK,187,233.75,18,0.25338753387533874,258,1.7737127371273713,3.5474254742547426,Low,High,Markdown
23568,EGG CUP HENRIETTA HEN CREAM ,580,664.52,28,0.7859078590785907,279,5.5013550135501355,11.002710027100271,Low,High,Markdown
23569,TRADTIONAL ALPHABET STAMP SET,926,4497.3,174,1.2547425474254743,182,8.78319783197832,17.56639566395664,Low,High,Markdown
23570,TRADITIONAL PICK UP STICKS GAME ,1836,2295.0,231,2.4878048780487805,67,17.414634146341463,34.829268292682926,Low,Low,Healthy
23571,TRADITIONAL NAUGHTS & CROSSES,2018,3300.9,216,2.734417344173442,135,19.140921409214094,38.28184281842819,Low,Low,Healthy
23574,PACKING CHARGE,14,105.0,14,0.018970189701897018,244,0.13279132791327913,0.26558265582655827,Low,High,Markdown
23575,SNACK TRAY PAISLEY PARK,164,305.4,22,0.2222222222222222,166,1.5555555555555554,3.1111111111111107,Low,High,Markdown
23576,SNACK TRAY RED VINTAGE DOILY,185,346.34999999999997,29,0.2506775067750677,82,1.754742547425474,3.509485094850948,Low,High,Markdown
23578,SNACK TRAY RED GINGHAM,56,109.2,11,0.07588075880758807,32,0.5311653116531165,1.062330623306233,Low,High,Markdown
23579,SNACK TRAY I LOVE LONDON,149,276.15,24,0.2018970189701897,208,1.4132791327913279,2.8265582655826558,Low,High,Markdown
23580,SNACK TRAY HAPPY FOREST  ,110,214.5,21,0.14905149051490515,227,1.043360433604336,2.086720867208672,Low,High,Markdown
23581,JUMBO BAG PAISLEY PARK,4358,8498.04,302,5.905149051490515,133,41.33604336043361,82.67208672086721,Low,Low,Healthy
23582,VINTAGE DOILY JUMBO BAG RED ,4434,8508.220000000001,234,6.008130081300813,41,42.05691056910569,84.11382113821138,High,Low,Reorder
23583,LUNCH BAG PAISLEY PARK  ,3305,5251.25,298,4.478319783197832,233,31.348238482384822,62.696476964769644,Low,Low,Healthy
23597,PAPER BUNTING PAISLEY PARK,246,661.7,28,0.3333333333333333,190,2.333333333333333,4.666666666666666,Low,High,Markdown
23598,PAPER BUNTING VINTAGE PARTY,420,1175.0,42,0.5691056910569106,73,3.9837398373983737,7.967479674796747,Low,High,Markdown
23630,SET 10 CARDS HANGING BAUBLES 17080,1,2.99,1,0.0013550135501355014,145,0.009485094850948509,0.018970189701897018,Low,High,Markdown
23660,HENRIETTA HEN MUG ,293,483.45000000000005,31,0.3970189701897019,296,2.779132791327913,5.558265582655826,Low,High,Markdown
23661,MILK MAIDS MUG ,204,336.6,23,0.2764227642276423,223,1.934959349593496,3.869918699186992,Low,High,Markdown
23664,FLOWER SHOP DESIGN MUG,1,1.65,1,0.0013550135501355014,213,0.009485094850948509,0.018970189701897018,Low,High,Markdown
23681,LUNCH BAG RED VINTAGE DOILY,1547,2432.55,118,2.0962059620596207,188,14.673441734417345,29.34688346883469,Low,High,Markdown
23691,KEEP CALM BIRTHDAY WRAP,1175,481.5,38,1.5921409214092141,171,11.144986449864499,22.289972899728998,Low,High,Markdown
23692,WRAP A PRETTY THANK YOU,50,21.0,2,0.06775067750677506,54,0.47425474254742545,0.9485094850948509,Low,High,Markdown
23694,PAISLEY PARK CARD,348,141.84,24,0.4715447154471545,203,3.3008130081300813,6.6016260162601625,Low,High,Markdown
23695,DOILY THANK YOU CARD,703,286.62,44,0.9525745257452575,76,6.668021680216802,13.336043360433605,Low,High,Markdown
23697,A PRETTY THANK YOU CARD,438,179.64000000000001,26,0.5934959349593496,241,4.154471544715447,8.308943089430894,Low,High,Markdown
23702,High Resolution Image,4,27.0,3,0.005420054200542005,182,0.037940379403794036,0.07588075880758807,Low,High,Markdown
23843,"PAPER CRAFT , LITTLE BIRDIE",80995,168469.6,1,109.74932249322494,38,768.2452574525746,1536.4905149051492,High,Low,Reorder
35001B,HAND OPEN SHAPE BLACK,16,55.84,5,0.02168021680216802,283,0.15176151761517614,0.3035230352303523,Low,High,Markdown
35001G,HAND OPEN SHAPE GOLD,600,1731.42,60,0.8130081300813008,132,5.691056910569106,11.382113821138212,Low,High,Markdown
35001P,HAND OPEN SHAPE PINK,2,6.98,2,0.0027100271002710027,49,0.018970189701897018,0.037940379403794036,Low,High,Markdown
35001W,HAND OPEN SHAPE DECO.WHITE,750,2154.2400000000002,108,1.016260162601626,154,7.1138211382113825,14.227642276422765,Low,High,Markdown
35004B,SET OF 3 BLACK FLYING DUCKS,1228,4937.8,120,1.6639566395663956,86,11.64769647696477,23.29539295392954,Low,Low,Healthy
35004C,SET OF 3 COLOURED  FLYING DUCKS,2851,13577.15,229,3.8631436314363143,84,27.0420054200542,54.0840108401084,Low,Low,Healthy
35004G,SET OF 3 GOLD FLYING DUCKS,347,1278.21,64,0.470189701897019,44,3.2913279132791327,6.582655826558265,Low,High,Markdown
35004P,SET OF 3 PINK FLYING DUCKS,84,354.6,21,0.11382113821138211,56,0.7967479674796748,1.5934959349593496,Low,High,Markdown
35004S,SET OF 3 SILVER FLYING DUCKS,136,388.4,16,0.1842818428184282,20,1.2899728997289972,2.5799457994579944,Low,High,Markdown
35015,JACOBS LADDER SMALL,2064,123.84,38,2.796747967479675,56,19.577235772357724,39.15447154471545,Low,Low,Healthy
35051B,PINK BEADED CONE CHRISTMAS,14,5.88,2,0.018970189701897018,160,0.13279132791327913,0.26558265582655827,Low,High,Markdown
35071,ASSORTED SANTA CHRISTMAS DECORATION,48,40.8,5,0.06504065040650407,251,0.4552845528455285,0.910569105691057,Low,High,Markdown
35085E,IVORY ROSE LAMPSHADE ,39,44.25,9,0.052845528455284556,155,0.3699186991869919,0.7398373983739838,Low,High,Markdown
35095A,BLUE VICTORIAN FABRIC OVAL BOX,1665,605.57,78,2.2560975609756095,207,15.792682926829267,31.585365853658534,Low,High,Markdown
35095B,RED VICTORIAN FABRIC OVAL BOX,1824,659.87,92,2.4715447154471546,147,17.30081300813008,34.60162601626016,Low,Low,Healthy
35096A,BLUE VICTORIAN FABRIC HEART BOX,710,228.39,19,0.962059620596206,220,6.734417344173442,13.468834688346885,Low,High,Markdown
35096B,RED VICTORIAN FABRIC HEART BOX,288,102.63,21,0.3902439024390244,146,2.731707317073171,5.463414634146342,Low,High,Markdown
35160,BUDDHA INCENSE HOLDER ASSORTED,2176,1587.24,53,2.948509485094851,276,20.639566395663955,41.27913279132791,Low,High,Markdown
35233,PASTA ENAMEL/BRASS CONTAINER,10,37.5,8,0.013550135501355014,183,0.0948509485094851,0.1897018970189702,Low,High,Markdown
35240,ENAMEL BLUE RIM OVAL TRAY SET/2,48,407.52,38,0.06504065040650407,54,0.4552845528455285,0.910569105691057,Low,High,Markdown
35241,ENAMEL BLUE RIM BISCUIT BIN,271,1281.25,94,0.36720867208672087,213,2.5704607046070462,5.1409214092140925,Low,High,Markdown
35265,COLOURFUL FLOWER FRUIT BOWL,20,78.05,15,0.02710027100271003,210,0.1897018970189702,0.3794037940379404,Low,High,Markdown
35271S,GOLD PRINT PAPER BAG,414,84.17999999999999,18,0.5609756097560976,123,3.9268292682926833,7.853658536585367,Low,High,Markdown
35400,WOODEN BOX ADVENT CALENDAR ,1239,10710.1,331,1.6788617886178863,42,11.752032520325203,23.504065040650406,Low,Low,Healthy
35443,RASTA IN BATH W SPLIFF ASHTRAY,15,12.75,9,0.02032520325203252,284,0.14227642276422764,0.2845528455284553,Low,High,Markdown
35471A,SET OF 3 BIRD L.BLUE FEATHER,360,349.2,54,0.4878048780487805,279,3.4146341463414633,6.829268292682927,Low,High,Markdown
35471D,SET OF 3 BIRD LIGHT PINK FEATHER ,1950,1060.0,205,2.6422764227642275,94,18.495934959349594,36.99186991869919,Low,Low,Healthy
35537,CANDLE RING W/CLEAR BEADS,13,5.46,3,0.017615176151761516,91,0.12330623306233061,0.24661246612466123,Low,High,Markdown
35591T,TURQUOISE CHRISTMAS TREE ,17,21.25,9,0.023035230352303523,278,0.16124661246612465,0.3224932249322493,Low,High,Markdown
35594,WOODEN CHRISTMAS TREE 3 HANGING,138,57.96,21,0.18699186991869918,207,1.3089430894308942,2.6178861788617884,Low,High,Markdown
35596,WOOD XMAS TREE 9 FIG SHELVES,29,24.65,4,0.03929539295392954,192,0.2750677506775068,0.5501355013550135,Low,High,Markdown
35597A,DUSTY PINK CHRISTMAS TREE 30CM,10,12.5,4,0.013550135501355014,64,0.0948509485094851,0.1897018970189702,Low,High,Markdown
35597B,BLACKCHRISTMAS TREE 30CM,18,22.5,6,0.024390243902439025,80,0.17073170731707318,0.34146341463414637,Low,High,Markdown
35597D,PINK/WHITE CHRISTMAS TREE 30CM,58,25.28,7,0.07859078590785908,102,0.5501355013550135,1.100271002710027,Low,High,Markdown
35598A,DUSTY PINK CHRISTMAS TREE 60CM,10,29.500000000000004,3,0.013550135501355014,142,0.0948509485094851,0.1897018970189702,Low,High,Markdown
35598B,BLACK CHRISTMAS TREE 60CM,919,792.85,48,1.2452574525745257,35,8.71680216802168,17.43360433604336,Low,Low,Healthy
35598C,WHITE CHRISTMAS TREE 60CM,3,8.850000000000001,3,0.0040650406504065045,85,0.02845528455284553,0.05691056910569106,Low,High,Markdown
35598D,PINK/WHITE CHRISTMAS TREE 60CM,1642,1099.12,52,2.2249322493224932,164,15.574525745257453,31.149051490514907,Low,High,Markdown
35599B,BLACK CHRISTMAS TREE 120CM,249,828.5699999999999,38,0.33739837398373984,181,2.361788617886179,4.723577235772358,Low,High,Markdown
35599D,PINK AND WHITE CHRISTMAS TREE 120CM,322,866.58,39,0.4363143631436314,253,3.05420054200542,6.10840108401084,Low,High,Markdown
35600D,PINK AND WHITE CHRISTMAS TREE 180CM,140,476.00000000000006,12,0.1897018970189702,163,1.3279132791327914,2.655826558265583,Low,High,Markdown
35603B,S/16 BLACK SHINY/MAT BAUBLES,48,20.16,1,0.06504065040650407,207,0.4552845528455285,0.910569105691057,Low,High,Markdown
35603C,SET/16 WHITE SHINY & MATT BAUBLES,80,47.04,22,0.10840108401084012,32,0.7588075880758808,1.5176151761517616,Low,High,Markdown
35607A,PINK FLUFFY CHRISTMAS DECORATION,545,103.55,28,0.7384823848238482,203,5.169376693766937,10.338753387533874,Low,High,Markdown
35607B,BLACK FEATHER CHRISTMAS DECORATION,310,58.900000000000006,16,0.42005420054200543,130,2.940379403794038,5.880758807588076,Low,High,Markdown
35609A,PINK FEATHER CHRISTMAS DECORATION,427,82.19,18,0.5785907859078591,234,4.0501355013550135,8.100271002710027,Low,High,Markdown
35610A,PINK CHRISTMAS FLOCK DROPLET ,138,92.82,8,0.18699186991869918,139,1.3089430894308942,2.6178861788617884,Low,High,Markdown
35610B,BLACK CHRISTMAS FLOCK DROPLET ,179,144.07,13,0.24254742547425473,74,1.697831978319783,3.395663956639566,Low,High,Markdown
35610C,WHITE CHRISTMAS FLOCK DROPLET ,91,73.91,6,0.12330623306233063,46,0.8631436314363143,1.7262872628726287,Low,High,Markdown
35611B,BLACK ASSORTED DROPLET DECORATION,59,22.419999999999998,2,0.07994579945799458,137,0.559620596205962,1.119241192411924,Low,High,Markdown
35633B,BLUE TINSEL GARLAND ,130,24.7,12,0.17615176151761516,240,1.2330623306233062,2.4661246612466123,Low,High,Markdown
35637A,IVORY STRING CURTAIN WITH POLE ,541,1250.95,45,0.7330623306233063,250,5.131436314363144,10.262872628726289,Low,High,Markdown
35637C,PINK STRING CURTAIN WITH POLE,97,273.34999999999997,16,0.13143631436314362,72,0.9200542005420054,1.8401084010840107,Low,High,Markdown
35638A,PINK AND BLACK STRING CURTAIN,39,88.04999999999998,6,0.052845528455284556,252,0.3699186991869919,0.7398373983739838,Low,High,Markdown
35638B,PINK/BLUE STRING CURTAIN ,115,268.25,8,0.15582655826558264,177,1.0907859078590785,2.181571815718157,Low,High,Markdown
35644,PAIR PINK/BLACK COATHANGERS,21,40.95,7,0.028455284552845527,288,0.1991869918699187,0.3983739837398374,Low,High,Markdown
35645,VINTAGE BEAD PINK JEWEL BOX,51,216.75,24,0.06910569105691057,40,0.483739837398374,0.967479674796748,Low,High,Markdown
35646,VINTAGE BEAD PINK EVENING BAG,533,753.88,51,0.7222222222222222,72,5.055555555555555,10.11111111111111,Low,High,Markdown
35647,VINTAGE BEAD PINK SHADE ,525,652.5,43,0.7113821138211383,294,4.979674796747968,9.959349593495936,Low,High,Markdown
35648,VINTAGE BEAD PINK PURSE ,867,937.0100000000001,68,1.1747967479674797,233,8.223577235772357,16.447154471544714,Low,High,Markdown
35649,VINTAGE BEAD COSMETIC BAG ,1776,1195.82,21,2.4065040650406506,50,16.845528455284555,33.69105691056911,Low,Low,Healthy
35650,VINTAGE BEAD PINK JEWEL STAND,3,14.850000000000001,3,0.0040650406504065045,202,0.02845528455284553,0.05691056910569106,Low,High,Markdown
35651,VINTAGE BEAD PINK SCARF ,337,612.75,37,0.45663956639566394,42,3.196476964769648,6.392953929539296,Low,High,Markdown
35652,VINTAGE BEAD CHAISE LONG JEWEL BOX,18,21.5,2,0.024390243902439025,51,0.17073170731707318,0.34146341463414637,Low,High,Markdown
35653,VINTAGE BEAD NOTEBOOK,183,539.85,56,0.24796747967479674,93,1.735772357723577,3.471544715447154,Low,High,Markdown
35654,VINTAGE BEAD FILLED PINK CUSHION,12,59.400000000000006,5,0.016260162601626018,29,0.11382113821138212,0.22764227642276424,Low,High,Markdown
35751C,PURPLE CURRENT CANDLE RING,31,12.61,2,0.04200542005420054,73,0.2940379403794038,0.5880758807588076,Low,High,Markdown
35751D,PINK CURRENT CANDLE RING,28,5.32,1,0.037940379403794036,71,0.26558265582655827,0.5311653116531165,Low,High,Markdown
35793,S/3 PUPPIES CHRISTMAS DECORATIONS,101,174.05,8,0.13685636856368563,167,0.9579945799457994,1.9159891598915988,Low,High,Markdown
35809A,ENAMEL PINK TEA CONTAINER,1037,1297.81,110,1.405149051490515,179,9.836043360433605,19.67208672086721,Low,High,Markdown
35809B,ENAMEL BLUE RIM TEA CONTAINER,81,162.48,22,0.10975609756097561,33,0.7682926829268293,1.5365853658536586,Low,High,Markdown
35810A,ENAMEL PINK COFFEE CONTAINER,1117,1282.3600000000001,104,1.513550135501355,197,10.594850948509485,21.18970189701897,Low,High,Markdown
35810B,ENAMEL BLUE RIM COFFEE CONTAINER,307,446.03000000000003,50,0.4159891598915989,72,2.9119241192411924,5.823848238482385,Low,High,Markdown
35811A,ENAMEL PINK SUGAR CONTAINER,391,581.58,47,0.5298102981029811,41,3.708672086720868,7.417344173441736,Low,High,Markdown
35815B,"ACRYLIC JEWEL SNOWFLAKE,BLUE",93,35.34,2,0.12601626016260162,49,0.8821138211382114,1.7642276422764227,Low,High,Markdown
35815P,"ACRYLIC JEWEL SNOWFLAKE, PINK",168,75.88,7,0.22764227642276422,210,1.5934959349593496,3.186991869918699,Low,High,Markdown
35816B,"ACRYLIC JEWEL ANGEL,BLUE",137,52.93,2,0.1856368563685637,279,1.2994579945799458,2.5989159891598916,Low,High,Markdown
35816P,"ACRYLIC JEWEL ANGEL,PINK",292,124.88,7,0.3956639566395664,224,2.7696476964769645,5.539295392953929,Low,High,Markdown
35817B,"ACRYLIC JEWEL SNOWFLAKE,BLUE",142,56.129999999999995,2,0.19241192411924118,78,1.3468834688346882,2.6937669376693765,Low,High,Markdown
35817P,"ACRYLIC JEWEL SNOWFLAKE,PINK",418,206.58,10,0.5663956639566395,283,3.964769647696477,7.929539295392954,Low,High,Markdown
35818B,"ACRYLIC JEWEL ICICLE, BLUE",403,168.38,8,0.5460704607046071,31,3.8224932249322494,7.644986449864499,Low,Low,Healthy
35818P,"ACRYLIC JEWEL ICICLE, PINK",549,208.62,20,0.7439024390243902,138,5.2073170731707314,10.414634146341463,Low,High,Markdown
35819B,"ACRYLIC HANGING JEWEL,BLUE",381,182.19,29,0.516260162601626,267,3.613821138211382,7.227642276422764,Low,High,Markdown
35819P,"ACRYLIC HANGING JEWEL,PINK",95,66.55,7,0.12872628726287264,146,0.9010840108401085,1.802168021680217,Low,High,Markdown
35821B,"JEWELLED DECORATION,BLUE",150,57.0,3,0.2032520325203252,94,1.4227642276422765,2.845528455284553,Low,High,Markdown
35821P,"JEWELLED DECORATION,PINK",2,5.9,2,0.0027100271002710027,223,0.018970189701897018,0.037940379403794036,Low,High,Markdown
35822B,"ACRYLIC BEAD CHAIN, BLUE",229,87.02,1,0.31029810298102983,68,2.1720867208672088,4.3441734417344176,Low,High,Markdown
35822P,"ACRYLIC BEAD CHAIN, PINK",114,43.32,1,0.15447154471544716,98,1.08130081300813,2.16260162601626,Low,High,Markdown
35823P,"ACRYLIC BEAD GARLAND,PINK",2,5.9,2,0.0027100271002710027,260,0.018970189701897018,0.037940379403794036,Low,High,Markdown
35824B,"HANGING FLOWERS+MIRROR,BLUE",527,200.26000000000002,5,0.7140921409214093,173,4.9986449864498645,9.997289972899729,Low,High,Markdown
35824C,"HANGING FLOWERS+MIRROR,CLEAR",235,117.05,8,0.31842818428184283,293,2.2289972899728996,4.457994579945799,Low,High,Markdown
35824P,"HANGING FLOWERS+MIRROR,PINK",324,136.44,3,0.43902439024390244,115,3.073170731707317,6.146341463414634,Low,High,Markdown
35832,WOOLLY HAT SOCK GLOVE ADVENT STRING,1687,4995.85,162,2.285907859078591,233,16.001355013550135,32.00271002710027,Low,High,Markdown
35833G,4 GOLD FLOCK CHRISTMAS BALLS,126,198.0,29,0.17073170731707318,228,1.1951219512195124,2.3902439024390247,Low,High,Markdown
35833P,4 PINK FLOCK CHRISTMAS BALLS,161,241.75,43,0.2181571815718157,107,1.52710027100271,3.05420054200542,Low,High,Markdown
35837,SET OF SIX SILVER+RED FLOCK BAUBLES,2,1.7,1,0.0027100271002710027,283,0.018970189701897018,0.037940379403794036,Low,High,Markdown
35838A,S/6 MULTICOLOUR ORNAMENETAL CANDLE,171,176.75,18,0.23170731707317074,176,1.6219512195121952,3.2439024390243905,Low,High,Markdown
35838B,S/6 SILVER ORNAMENETAL CANDLE,97,82.45,22,0.13143631436314362,175,0.9200542005420054,1.8401084010840107,Low,High,Markdown
35840,FLAT GLASS  BAUBLE WHITE FLOCK ,36,51.0,5,0.04878048780487805,158,0.34146341463414637,0.6829268292682927,Low,High,Markdown
35909A,RABBIT EASTER DECORATION,20,59.00000000000001,5,0.02710027100271003,140,0.1897018970189702,0.3794037940379404,Low,High,Markdown
35909B,PINK FLOWERS RABBIT EASTER,16,47.2,6,0.02168021680216802,84,0.15176151761517614,0.3035230352303523,Low,High,Markdown
35910A,MULTICOLOUR EASTER RABBIT ,52,101.39999999999999,12,0.07046070460704607,126,0.49322493224932246,0.9864498644986449,Low,High,Markdown
35910B,PINK FLOWERS RABBIT EASTER,27,52.65,6,0.036585365853658534,166,0.25609756097560976,0.5121951219512195,Low,High,Markdown
35911A,MULTICOLOUR RABBIT EGG WARMER,260,309.65,41,0.3523035230352303,156,2.4661246612466123,4.932249322493225,Low,High,Markdown
35911B,PINK/FLOWER RABBIT EGG WARMER ,57,119.7,13,0.07723577235772358,181,0.540650406504065,1.08130081300813,Low,High,Markdown
35912B,WHITE/PINK CHICK DECORATION,283,326.39,26,0.38346883468834686,119,2.684281842818428,5.368563685636856,Low,High,Markdown
35913B,WHITE/PINK CHICK EASTER DECORATION,97,82.45,19,0.13143631436314362,160,0.9200542005420054,1.8401084010840107,Low,High,Markdown
35914,PINK CHICK EGG WARMER + EGG CUP,175,246.25,28,0.23712737127371275,102,1.6598915989159893,3.3197831978319785,Low,High,Markdown
35915A,CREAM KNITTED HEN,288,365.76,1,0.3902439024390244,196,2.731707317073171,5.463414634146342,Low,High,Markdown
35915B,BLUE KNITTED HEN ,434,606.66,31,0.5880758807588076,217,4.1165311653116525,8.233062330623305,Low,High,Markdown
35915C,PEACH KNITTED HEN ,388,530.76,23,0.5257452574525745,131,3.6802168021680215,7.360433604336043,Low,High,Markdown
35916A,YELLOW FELT HANGING HEART W FLOWER,51,43.349999999999994,7,0.06910569105691057,75,0.483739837398374,0.967479674796748,Low,High,Markdown
35916B,BLUE FELT HANGING HEART W FLOWER,37,31.449999999999996,5,0.05013550135501355,198,0.3509485094850949,0.7018970189701897,Low,High,Markdown
35916C,PINK FELT HANGING HEART W FLOWER,85,72.25,9,0.11517615176151762,205,0.8062330623306233,1.6124661246612466,Low,High,Markdown
35918B,BLUE FLORIBUNDA EGG WARMER,10,12.5,5,0.013550135501355014,237,0.0948509485094851,0.1897018970189702,Low,High,Markdown
35920,FOUR RABBIT EASTER DECORATIONS,1065,275.25,20,1.443089430894309,236,10.101626016260163,20.203252032520325,Low,High,Markdown
35921,EASTER BUNNY HANGING GARLAND,154,192.5,26,0.2086720867208672,139,1.4607046070460705,2.921409214092141,Low,High,Markdown
35922,EASTER BUNNY WREATH,76,362.2,21,0.10298102981029811,194,0.7208672086720868,1.4417344173441735,Low,High,Markdown
35923,CANDY HEART HANGING DECORATION,1453,866.71,66,1.9688346883468835,42,13.781842818428185,27.56368563685637,Low,Low,Healthy
35924,HANGING FAIRY CAKE DECORATION,2003,3554.4,100,2.714092140921409,232,18.998644986449865,37.99728997289973,Low,High,Markdown
35930,PINK HEART CHRISTMAS DECORATION,1,0.38,1,0.0013550135501355014,254,0.009485094850948509,0.018970189701897018,Low,High,Markdown
35931,PINK STAR CHRISTMAS DECORATION,156,78.11999999999999,15,0.21138211382113822,32,1.4796747967479675,2.959349593495935,Low,High,Markdown
35932,PINK CHRISTMAS TREE DECORATION,37,15.629999999999999,10,0.05013550135501355,120,0.3509485094850949,0.7018970189701897,Low,High,Markdown
35933,PINK STOCKING CHRISTMAS DECORATION,312,118.56,23,0.42276422764227645,43,2.959349593495935,5.91869918699187,Low,High,Markdown
35936,CERISE+GOLD CHRISTMAS TREE DEC,36,13.68,9,0.04878048780487805,30,0.34146341463414637,0.6829268292682927,Low,High,Markdown
35937,CERISE+GOLD CHRISTMAS STOCKING DEC,188,71.44,17,0.25474254742547425,292,1.7831978319783197,3.5663956639566394,Low,High,Markdown
35945,GOLD CHRISTMAS STOCKING DECORATION,1,1.95,1,0.0013550135501355014,113,0.009485094850948509,0.018970189701897018,Low,High,Markdown
35950,FOLKART HEART CHRISTMAS DECORATIONS,1,1.25,1,0.0013550135501355014,220,0.009485094850948509,0.018970189701897018,Low,High,Markdown
35951,FOLKART BAUBLE CHRISTMAS DECORATION,1339,671.51,40,1.8143631436314362,40,12.700542005420054,25.40108401084011,Low,Low,Healthy
35953,FOLKART STAR CHRISTMAS DECORATIONS,3300,1636.1599999999999,106,4.471544715447155,230,31.30081300813008,62.60162601626016,Low,Low,Healthy
35954,SMALL FOLKART STAR CHRISTMAS DEC,1975,621.81,66,2.676151761517615,159,18.733062330623305,37.46612466124661,Low,Low,Healthy
35955,SMALL FOLKART CHRISTMAS TREE DEC,135,34.62,4,0.18292682926829268,120,1.2804878048780488,2.5609756097560976,Low,High,Markdown
35957,SMALLFOLKART BAUBLE CHRISTMAS DEC,3313,806.3399999999999,62,4.489159891598916,47,31.424119241192415,62.84823848238483,High,Low,Reorder
35958,FOLKART ZINC STAR CHRISTMAS DEC,1100,935.0,69,1.4905149051490514,60,10.43360433604336,20.86720867208672,Low,Low,Healthy
35961,FOLKART ZINC HEART CHRISTMAS DEC,10651,8229.67,397,14.432249322493226,165,101.02574525745258,202.05149051490517,High,Low,Reorder
35962,12 ASS ZINC CHRISTMAS DECORATIONS,520,1092.0,60,0.7046070460704607,275,4.932249322493225,9.86449864498645,Low,High,Markdown
35963,FOLKART ZINC CLIP ON ANGEL WINGS,101,38.379999999999995,11,0.13685636856368563,246,0.9579945799457994,1.9159891598915988,Low,High,Markdown
35964,FOLKART CLIP ON STARS,1005,487.53,56,1.3617886178861789,255,9.532520325203253,19.065040650406505,Low,High,Markdown
35965,FOLKART HEART NAPKIN RINGS,375,713.3700000000001,82,0.508130081300813,32,3.5569105691056913,7.1138211382113825,Low,High,Markdown
35966,FOLKART CHRISTMAS TREE T-LIGHT HOLD,244,92.72,20,0.33062330623306235,229,2.3143631436314367,4.628726287262873,Low,High,Markdown
35967,FOLK ART METAL STAR T-LIGHT HOLDER,786,310.08,59,1.065040650406504,248,7.455284552845528,14.910569105691057,Low,High,Markdown
35968,FOLK ART METAL HEART T-LIGHT HOLDER,701,264.04,56,0.9498644986449865,119,6.649051490514905,13.29810298102981,Low,High,Markdown
35969,FOLKART CROWN TABLE DECORATIONS,450,376.74,40,0.6097560975609756,50,4.2682926829268295,8.536585365853659,Low,High,Markdown
35970,ZINC FOLKART SLEIGH BELLS,7851,12806.27,545,10.638211382113822,35,74.46747967479675,148.9349593495935,High,Low,Reorder
35971,ROSE FOLKART HEART DECORATIONS,1836,1633.45,122,2.4878048780487805,156,17.414634146341463,34.829268292682926,Low,High,Markdown
35972,DAISY FOLKART HEART DECORATION,389,486.25,51,0.5271002710027101,185,3.6897018970189706,7.379403794037941,Low,High,Markdown
35973,GERANIUM FOLKART HEART DECORATION,47,58.75,12,0.06368563685636856,119,0.44579945799457993,0.8915989159891599,Low,High,Markdown
35974,S/6 CHRISTMAS TREE PLACE SETTING,1,3.75,1,0.0013550135501355014,128,0.009485094850948509,0.018970189701897018,Low,High,Markdown
35976B,WHITE SCANDINAVIAN HEART CHRISTMAS,1,1.25,1,0.0013550135501355014,192,0.009485094850948509,0.018970189701897018,Low,High,Markdown
35979,SIX STRING SCANDINAVIAN HEART DECS,83,244.85000000000002,19,0.11246612466124661,256,0.7872628726287263,1.5745257452574526,Low,High,Markdown
35980B,RED TOP SCANDINAVIAN HEART ,4,1.52,2,0.005420054200542005,181,0.037940379403794036,0.07588075880758807,Low,High,Markdown
35980C,REDWHITE STRIPE SCANDINAVIAN HEART ,375,142.5,28,0.508130081300813,235,3.5569105691056913,7.1138211382113825,Low,High,Markdown
35981C,WHITE SNOW SCANDINAVIAN STOCKING ,563,266.14,60,0.7628726287262872,283,5.340108401084011,10.680216802168022,Low,High,Markdown
35991,SET/6 BLACK SNOWFLAKE T-LIGHTS ,387,201.91,47,0.524390243902439,282,3.6707317073170733,7.341463414634147,Low,High,Markdown
35995,SET/6 BLACK GLITTER REINDEER CANDLE,4,3.36,4,0.005420054200542005,293,0.037940379403794036,0.07588075880758807,Low,High,Markdown
35999,S/6 SCANDINAVIAN HEART T-LIGHT,1,2.55,1,0.0013550135501355014,22,0.009485094850948509,0.018970189701897018,Low,High,Markdown
37112,YELLOW BIRDS FELT DES FOODCOVER,9,33.75,4,0.012195121951219513,47,0.08536585365853659,0.17073170731707318,Low,High,Markdown
37326,FAIRY DESIGN MUGS,1,1.25,1,0.0013550135501355014,168,0.009485094850948509,0.018970189701897018,Low,High,Markdown
37327,ASSTD MULTICOLOUR CIRCLES MUG,1535,759.59,52,2.0799457994579944,47,14.55962059620596,29.11924119241192,Low,Low,Healthy
37330,SPOTS MUG,504,872.6399999999999,22,0.6829268292682927,84,4.7804878048780495,9.560975609756099,Low,High,Markdown
37333,"RETRO ""TEA FOR ONE"" ",120,545.4,34,0.16260162601626016,40,1.1382113821138211,2.2764227642276422,Low,High,Markdown
37340,MULTICOLOUR SPRING FLOWER MUG,13083,2539.31,95,17.727642276422763,271,124.09349593495935,248.1869918699187,Low,Low,Healthy
37342,SPOTTY COFFEE CUP & SAUCER,1471,1248.49,71,1.9932249322493225,254,13.952574525745257,27.905149051490515,Low,High,Markdown
37343,SPOTS DESIGN MUG W PINK INSIDE,962,1392.3,73,1.3035230352303524,246,9.124661246612467,18.249322493224934,Low,High,Markdown
37345,ASSTD HEARTS DESIGN MUGS,318,536.1,6,0.43089430894308944,32,3.0162601626016263,6.032520325203253,Low,High,Markdown
37348,SET OF 4 PASTEL STACKING MUGS,13,33.15,6,0.017615176151761516,68,0.12330623306233061,0.24661246612466123,Low,High,Markdown
37351,ORANGE FLOWER MUG ,5395,571.7099999999999,7,7.3102981029810294,137,51.172086720867206,102.34417344173441,Low,Low,Healthy
37352,BIRD IN TREE MUG ,4643,504.55,8,6.291327913279133,73,44.03929539295393,88.07859078590786,High,Low,Reorder
37370,RETRO COFFEE MUGS ASSORTED,6948,7897.5,344,9.414634146341463,157,65.90243902439025,131.8048780487805,Low,Low,Healthy
37379A,PINK CHERRY BLOSSOM CUP & SAUCER,30,37.5,5,0.04065040650406504,72,0.2845528455284553,0.5691056910569106,Low,High,Markdown
37379B,BLUE CHERRY BLOSSOM CUP & SAUCER,1122,181.5,3,1.5203252032520325,63,10.642276422764228,21.284552845528456,Low,Low,Healthy
37399,"ASS RETROSPOOF MUGS,SPORTS",143,75.0,6,0.1937669376693767,72,1.3563685636856369,2.7127371273712737,Low,High,Markdown
37408,ASSORTED DESIGN GEISHA GIRL MUGS,5,6.25,1,0.006775067750677507,93,0.04742547425474255,0.0948509485094851,Low,High,Markdown
37409,ASSORTED DESIGN FLOWER MUGS,7,5.949999999999999,3,0.009485094850948509,65,0.06639566395663957,0.13279132791327913,Low,High,Markdown
37410,BLACK AND WHITE PAISLEY FLOWER MUG,25685,3019.57,18,34.803523035230356,32,243.6246612466125,487.249322493225,High,Low,Reorder
37413,ICON MUG REVOLUTIONARY,701,283.71,79,0.9498644986449865,184,6.649051490514905,13.29810298102981,Low,High,Markdown
37422,WHITE WITH BLACK CATS BOWL,344,141.68,27,0.46612466124661245,121,3.2628726287262872,6.5257452574525745,Low,High,Markdown
37423,WHITE WITH BLACK CATS PLATE,6091,716.23,25,8.253387533875339,299,57.77371273712737,115.54742547425474,Low,Low,Healthy
37424,WHITE WITH BLACK CATS MUG,5153,975.41,47,6.982384823848238,277,48.87669376693767,97.75338753387534,Low,Low,Healthy
37432,MUG PINK AND PURPLE ARABIC DESIGN,6,3.9,1,0.008130081300813009,157,0.05691056910569106,0.11382113821138212,Low,High,Markdown
37438,FUNKY FLOWER COFFEE POT,1,3.75,1,0.0013550135501355014,182,0.009485094850948509,0.018970189701897018,Low,High,Markdown
37441,ASSORTED WHITE EMBOSSED CHINA MUGS,674,1307.4,39,0.9132791327913279,130,6.392953929539296,12.785907859078591,Low,High,Markdown
37444A,YELLOW BREAKFAST CUP AND SAUCER,2684,433.16,26,3.6368563685636857,121,25.4579945799458,50.9159891598916,Low,Low,Healthy
37444B,BLUE BREAKFAST CUP AND SAUCER ,1996,338.44,17,2.7046070460704605,36,18.932249322493224,37.86449864498645,High,Low,Reorder
37444C,PINK BREAKFAST CUP AND SAUCER ,1596,341.48,17,2.16260162601626,287,15.138211382113822,30.276422764227643,Low,High,Markdown
37446,MINI CAKE STAND WITH HANGING CAKES,3496,4677.4,311,4.737127371273712,201,33.15989159891598,66.31978319783197,Low,Low,Healthy
37447,CERAMIC CAKE DESIGN SPOTTED PLATE,2693,3876.97,264,3.649051490514905,43,25.543360433604335,51.08672086720867,High,Low,Reorder
37448,CERAMIC CAKE DESIGN SPOTTED MUG,4394,6308.0199999999995,433,5.953929539295393,48,41.67750677506775,83.3550135501355,High,Low,Reorder
37449,CERAMIC CAKE STAND + HANGING CAKES,2277,20204.579999999998,410,3.0853658536585367,190,21.597560975609756,43.19512195121951,Low,High,Markdown
37450,CERAMIC CAKE BOWL + HANGING CAKES,2337,6398.55,313,3.1666666666666665,247,22.166666666666664,44.33333333333333,Low,High,Markdown
37451,CERAMIC CAKE TEAPOT WITH CHERRY,1,4.95,1,0.0013550135501355014,207,0.009485094850948509,0.018970189701897018,Low,High,Markdown
37461,FUNKY MONKEY MUG,710,697.9,66,0.962059620596206,249,6.734417344173442,13.468834688346885,Low,High,Markdown
37462B,"PET MUG, BUDGIE",119,49.980000000000004,5,0.16124661246612465,138,1.1287262872628725,2.257452574525745,Low,High,Markdown
37462E,"PET MUG, GOLDFISH",81,28.27,9,0.10975609756097561,175,0.7682926829268293,1.5365853658536586,Low,High,Markdown
37464,ROBOT MUG IN DISPLAY BOX,275,330.07,46,0.37262872628726285,291,2.60840108401084,5.21680216802168,Low,High,Markdown
37467,PIG MUG IN TWO COLOUR DESIGNS,212,131.44,28,0.2872628726287263,194,2.010840108401084,4.021680216802168,Low,High,Markdown
37468,HARDMAN MUG 3 ASSORTED,63,24.57,12,0.08536585365853659,123,0.5975609756097562,1.1951219512195124,Low,High,Markdown
37471,MULTICOLOUR DOTS PLATE,1384,150.4,4,1.8753387533875339,111,13.127371273712736,26.254742547425472,Low,Low,Healthy
37474,SET/4 2 TONE EGG SHAPE MIXING BOWLS,58,559.5799999999999,39,0.07859078590785908,205,0.5501355013550135,1.100271002710027,Low,High,Markdown
37475,SET/4 COLOURFUL MIXING BOWLS,94,891.5,51,0.12737127371273713,200,0.8915989159891599,1.7831978319783197,Low,High,Markdown
37476,CONDIMENT TRAY 4 BOWLS AND 4 SPOONS,44,420.28,27,0.05962059620596206,189,0.4173441734417344,0.8346883468834688,Low,High,Markdown
37477B,"FLOWER FAIRY MUG+COASTER,LAVENDER",11,41.25,8,0.014905149051490514,206,0.1043360433604336,0.2086720867208672,Low,High,Markdown
37477C,"FLOWER FAIRY MUG+COASTER,ROSE",6,22.5,1,0.008130081300813009,194,0.05691056910569106,0.11382113821138212,Low,High,Markdown
37479B,CUBIC MUG FLOCK BLUE ON BROWN,1240,1011.48,24,1.6802168021680217,241,11.761517615176151,23.523035230352303,Low,High,Markdown
37479P,CUBIC MUG FLOCK PINK ON BROWN,125,70.35,22,0.16937669376693767,252,1.1856368563685638,2.3712737127371275,Low,High,Markdown
37481,CUBIC MUG TEATIME CAKES,6,15.3,1,0.008130081300813009,181,0.05691056910569106,0.11382113821138212,Low,High,Markdown
37482B,CUBIC MUG BLUE POLKA DOT,1249,1093.95,7,1.6924119241192412,153,11.846883468834688,23.693766937669377,Low,High,Markdown
37482P,CUBIC MUG PINK POLKA DOT,636,621.72,61,0.8617886178861789,243,6.032520325203253,12.065040650406505,Low,High,Markdown
37483,ENGLISH ROSE MUG IN GIFT BOX,143,232.89,10,0.1937669376693767,172,1.3563685636856369,2.7127371273712737,Low,High,Markdown
37484,ENGLISH ROSE TEA FOR ONE GIFT BOX,1,6.75,1,0.0013550135501355014,52,0.009485094850948509,0.018970189701897018,Low,High,Markdown
37485,ENGLISH ROSE TEA SET IN GIFT BOX,49,207.69,15,0.06639566395663957,74,0.464769647696477,0.929539295392954,Low,High,Markdown
37487B,YELLOW/ORANGE FLOWER DESIGN PLATE,68,19.72,2,0.0921409214092141,26,0.6449864498644986,1.2899728997289972,Low,High,Markdown
37488A,YELLOW PINK FLOWER DESIGN BIG BOWL,31,19.770000000000003,5,0.04200542005420054,263,0.2940379403794038,0.5880758807588076,Low,High,Markdown
37489A,YELLOW/PINK FLOWER DESIGN BIG MUG,43,33.93,21,0.058265582655826556,145,0.4078590785907859,0.8157181571815718,Low,High,Markdown
37489B,BLUE/YELLOW FLOWER DESIGN BIG MUG,38,30.419999999999998,17,0.051490514905149054,31,0.3604336043360434,0.7208672086720868,Low,High,Markdown
37489C,GREEN/BLUE FLOWER DESIGN BIG MUG,25,17.55,10,0.03387533875338753,35,0.23712737127371272,0.47425474254742545,Low,High,Markdown
37489D,PINK/GREEN FLOWER DESIGN BIG MUG,46,28.86,20,0.06233062330623306,227,0.4363143631436314,0.8726287262872628,Low,High,Markdown
37491A,YELLOW/PINK CERAMIC CANDLE HOLDER,7,11.549999999999999,5,0.009485094850948509,62,0.06639566395663957,0.13279132791327913,Low,High,Markdown
37491B,BLUE/YELLOW CERAMIC CANDLE HOLDER,10,16.5,5,0.013550135501355014,154,0.0948509485094851,0.1897018970189702,Low,High,Markdown
37491C,GREEN/BLUE CERAMIC CANDLE HOLDER,16,26.4,7,0.02168021680216802,247,0.15176151761517614,0.3035230352303523,Low,High,Markdown
37491D,PURPLE/BLUE CERAMIC CANDLE HOLDER,14,23.099999999999998,5,0.018970189701897018,130,0.13279132791327913,0.26558265582655827,Low,High,Markdown
37492A,YELLOW RED FLOWER PIGGY BANK,107,206.54999999999998,10,0.14498644986449866,179,1.0149051490514907,2.0298102981029813,Low,High,Markdown
37492B,BLUE YELLOW FLOWER PIGGY BANK,488,937.1999999999999,43,0.6612466124661247,283,4.628726287262873,9.257452574525747,Low,High,Markdown
37492C,GREEN BLUE FLOWER PIGGY BANK,241,472.65,23,0.3265582655826558,244,2.285907859078591,4.571815718157182,Low,High,Markdown
37492D,PURPLE GREEN FLOWER PIGGY BANK,359,664.35,24,0.48644986449864497,236,3.4051490514905147,6.8102981029810294,Low,High,Markdown
37494A,FAIRY CAKE CERAMIC BUTTER DISH,192,523.2,25,0.2601626016260163,64,1.821138211382114,3.642276422764228,Low,High,Markdown
37495,FAIRY CAKE BIRTHDAY CANDLE SET,1500,5337.0,288,2.032520325203252,233,14.227642276422765,28.45528455284553,Low,High,Markdown
37500,TEA TIME TEAPOT IN GIFT BOX,823,6126.7699999999995,216,1.1151761517615175,78,7.806233062330623,15.612466124661246,Low,High,Markdown
37501,TEA TIME TEA SET IN GIFT BOX,436,3006.2000000000003,146,0.5907859078590786,151,4.13550135501355,8.2710027100271,Low,High,Markdown
37502,TEA TIME MUG IN GIFT BOX,806,2300.9,148,1.0921409214092141,123,7.644986449864499,15.289972899728998,Low,High,Markdown
37503,TEA TIME CAKE STAND IN GIFT BOX,2384,23784.8,465,3.230352303523035,214,22.612466124661246,45.22493224932249,Low,High,Markdown
37506,NEW ENGLAND MILK JUG W GIFT BOX,28,166.6,22,0.037940379403794036,176,0.26558265582655827,0.5311653116531165,Low,High,Markdown
37508,NEW ENGLAND CERAMIC CAKE SERVER,87,221.85,44,0.11788617886178862,117,0.8252032520325203,1.6504065040650406,Low,High,Markdown
37509,NEW ENGLAND MUG W GIFT BOX,28,71.39999999999999,14,0.037940379403794036,245,0.26558265582655827,0.5311653116531165,Low,High,Markdown
40001, WHITE BAMBOO RIBS LAMPSHADE,2152,1559.56,73,2.915989159891599,224,20.411924119241192,40.823848238482384,Low,High,Markdown
40002,WHITE BAMBOO RIBS LAMPSHADE,78,66.3,1,0.10569105691056911,98,0.7398373983739838,1.4796747967479675,Low,High,Markdown
40003,WHITE BAMBOO RIBS LAMPSHADE,1129,1195.25,48,1.529810298102981,143,10.708672086720867,21.417344173441734,Low,High,Markdown
40005B,BLUE ORGANDY ROUND LAMPSHADE W BEA,33,28.05,13,0.044715447154471545,237,0.3130081300813008,0.6260162601626016,Low,High,Markdown
40016,CHINESE DRAGON PAPER LANTERNS,15301,4961.12,196,20.733062330623305,23,145.13143631436313,290.26287262872626,High,Low,Reorder
40018E,TEA TIME PAPER LANTERNS,334,630.5,48,0.45257452574525747,109,3.1680216802168024,6.336043360433605,Low,High,Markdown
40018F,CHERRY DESIGN PAPERLANTERNS,1064,2000.4399999999998,97,1.4417344173441735,123,10.092140921409214,20.18428184281843,Low,High,Markdown
40046A,RED DAISY PAPER LAMPSHADE,321,387.57,34,0.4349593495934959,138,3.0447154471544713,6.089430894308943,Low,High,Markdown
40046C,PINK BUTTERFLY PAPER LAMPSHADE,3,3.75,3,0.0040650406504065045,152,0.02845528455284553,0.05691056910569106,Low,High,Markdown
44089A,PINK GAUZE BUTTERFLY LAMPSHADE,39,16.38,12,0.052845528455284556,115,0.3699186991869919,0.7398373983739838,Low,High,Markdown
44089C,LILAC GAUZE BUTTERFLY LAMPSHADE,68,28.56,18,0.0921409214092141,162,0.6449864498644986,1.2899728997289972,Low,High,Markdown
44091A,BLUE CRUSOE CHECK LAMPSHADE,18,7.56,6,0.024390243902439025,47,0.17073170731707318,0.34146341463414637,Low,High,Markdown
44091C,MULTICOLOUR CRUSOE CHECK LAMPSHADE,48,20.16,10,0.06504065040650407,297,0.4552845528455285,0.910569105691057,Low,High,Markdown
44092B,BLUE WHITE PLASTIC RINGS LAMPSHADE,15,12.75,6,0.02032520325203252,252,0.14227642276422764,0.2845528455284553,Low,High,Markdown
44092C,PURPLE/COPPER HANGING LAMPSHADE,21,17.849999999999998,8,0.028455284552845527,36,0.1991869918699187,0.3983739837398374,Low,High,Markdown
44217M,MULTICOLOUR FEATHERS CURTAIN,72,236.40000000000003,3,0.0975609756097561,78,0.6829268292682927,1.3658536585365855,Low,High,Markdown
44228,CANNABIS LEAF BEAD CURTAIN,48,40.8,3,0.06504065040650407,109,0.4552845528455285,0.910569105691057,Low,High,Markdown
44230,SQUARE MIRROR CURTAIN,207,1434.18,44,0.2804878048780488,218,1.9634146341463417,3.9268292682926833,Low,High,Markdown
44234,ASSORTED CIRCULAR MOBILE,1156,221.88,39,1.5663956639566397,45,10.964769647696478,21.929539295392956,Low,Low,Healthy
44235,ASS COL CIRCLE MOBILE ,816,303.84,22,1.1056910569105691,44,7.739837398373984,15.479674796747968,Low,Low,Healthy
44236,PINK/PURPLE CIRCLE CURTAIN,64,112.32000000000001,12,0.08672086720867209,286,0.6070460704607046,1.2140921409214092,Low,High,Markdown
44241C,BLUE BUTTERFLY ON SPRING,68,57.8,7,0.0921409214092141,200,0.6449864498644986,1.2899728997289972,Low,High,Markdown
44242A,LILAC FEATHERS CURTAIN,14,11.98,2,0.018970189701897018,87,0.13279132791327913,0.26558265582655827,Low,High,Markdown
44242B,PINK FEATHERS CURTAIN,106,117.78,8,0.14363143631436315,68,1.005420054200542,2.010840108401084,Low,High,Markdown
44265,M/COLOUR POM-POM CURTAIN,8,34.0,4,0.01084010840108401,194,0.07588075880758807,0.15176151761517614,Low,High,Markdown
45008C,DECORATIVE NET CANOPY CREAM,68,541.6,20,0.0921409214092141,71,0.6449864498644986,1.2899728997289972,Low,High,Markdown
45013,FOLDING SHOE TIDY,48,132.0,8,0.06504065040650407,121,0.4552845528455285,0.910569105691057,Low,High,Markdown
45014,FOLDING SHIRT TIDY,1,4.65,1,0.0013550135501355014,235,0.009485094850948509,0.018970189701897018,Low,High,Markdown
45016,DECORATIVE NET CANOPY LEOPARD,73,248.75,8,0.0989159891598916,207,0.6924119241192411,1.3848238482384823,Low,High,Markdown
46000M,POLYESTER FILLER PAD 45x45cm,2485,3851.75,342,3.3672086720867207,76,23.570460704607044,47.14092140921409,Low,Low,Healthy
46000P,POLYESTER FILLER PAD 65CMx65CM,212,901.0,48,0.2872628726287263,66,2.010840108401084,4.021680216802168,Low,High,Markdown
46000R,POLYESTER FILLER PAD 45x30cm,239,346.55,59,0.3238482384823848,178,2.2669376693766936,4.533875338753387,Low,High,Markdown
46000S,POLYESTER FILLER PAD 40x40cm,3451,5003.95,369,4.676151761517615,193,32.733062330623305,65.46612466124661,Low,Low,Healthy
46000U,POLYESTER FILLER PAD 30CMx30CM,251,313.75,51,0.34010840108401086,261,2.380758807588076,4.761517615176152,Low,High,Markdown
46037A,PINK CANVAS DES CUSHION COVER ,6,7.5,2,0.008130081300813009,260,0.05691056910569106,0.11382113821138212,Low,High,Markdown
46115B,GREEN POP ART MAO CUSHION COVER ,286,54.34,22,0.3875338753387534,24,2.7127371273712737,5.425474254742547,Low,High,Markdown
46118,FUNKY MONKEY CUSHION COVER,324,275.4,35,0.43902439024390244,103,3.073170731707317,6.146341463414634,Low,High,Markdown
46126A,ELVIS WALLHANGING / CURTAIN,297,371.25,34,0.4024390243902439,267,2.8170731707317076,5.634146341463415,Low,High,Markdown
46137D,GREEN CHENILLE SHAGGY RUG,43,126.85,3,0.058265582655826556,73,0.4078590785907859,0.8157181571815718,Low,High,Markdown
46138B,BLUE CHENILLE SHAGGY CUSHION COVER ,59,74.35,19,0.07994579945799458,180,0.559620596205962,1.119241192411924,Low,High,Markdown
46138D,GREEN CHENILLE SHAGGY C/COVER,1,1.95,1,0.0013550135501355014,245,0.009485094850948509,0.018970189701897018,Low,High,Markdown
46307,ROSES BLUE BASE CUSHION COVER ,12,19.8,4,0.016260162601626018,34,0.11382113821138212,0.22764227642276424,Low,High,Markdown
46775A,BUBBLE GUM CHUNKY KNITTED THROW ,5,84.75,4,0.006775067750677507,243,0.04742547425474255,0.0948509485094851,Low,High,Markdown
46775B,BERRIES CHUNKY KNITTED THROW ,5,84.75,4,0.006775067750677507,80,0.04742547425474255,0.0948509485094851,Low,High,Markdown
46775D,SUNSET COLOUR CHUNKY KNITTED THROW,52,881.4,32,0.07046070460704607,141,0.49322493224932246,0.9864498644986449,Low,High,Markdown
46775E,CANDY POP CHUNKY KNITTED THROW ,15,254.25,10,0.02032520325203252,296,0.14227642276422764,0.2845528455284553,Low,High,Markdown
46776A,WOVEN BUBBLE GUM CUSHION COVER,190,363.3,20,0.25745257452574527,65,1.802168021680217,3.604336043360434,Low,High,Markdown
46776B,WOVEN BERRIES CUSHION COVER ,194,383.1,20,0.26287262872628725,81,1.8401084010840107,3.6802168021680215,Low,High,Markdown
46776C,WOVEN FROST CUSHION COVER,102,238.5,17,0.13821138211382114,105,0.967479674796748,1.934959349593496,Low,High,Markdown
46776D,WOVEN SUNSET CUSHION COVER ,23,113.85,9,0.03116531165311653,229,0.2181571815718157,0.4363143631436314,Low,High,Markdown
46776E,WOVEN CANDY CUSHION COVER ,93,193.95000000000002,11,0.12601626016260162,97,0.8821138211382114,1.7642276422764227,Low,High,Markdown
46776F,WOVEN ROSE GARDEN CUSHION COVER ,172,363.0,17,0.23306233062330622,221,1.6314363143631436,3.2628726287262872,Low,High,Markdown
47013A,WINE BOTTLE DRESSING LT.BLUE,141,39.87,25,0.1910569105691057,242,1.3373983739837398,2.6747967479674797,Low,High,Markdown
47013C,WINE BOTTLE DRESSING DARK BLUE,138,33.05,22,0.18699186991869918,241,1.3089430894308942,2.6178861788617884,Low,High,Markdown
47016,LIGHT DECORATION BATTERY OPERATED,31,65.10000000000001,5,0.04200542005420054,22,0.2940379403794038,0.5880758807588076,Low,High,Markdown
47021G,SET/6 BEAD COASTERS GAUZE BAG GOLD,631,371.65,45,0.8550135501355014,25,5.98509485094851,11.97018970189702,Low,Low,Healthy
47310M,"SMALL POP BOX,FUNKY MONKEY",573,673.33,81,0.7764227642276422,112,5.434959349593496,10.869918699186991,Low,High,Markdown
47341A,FUSCHIA TABLE RUN FLOWER ,29,46.25,7,0.03929539295392954,27,0.2750677506775068,0.5501355013550135,Low,High,Markdown
47341B,BLUE TABLE RUN FLOWER,48,67.5,14,0.06504065040650407,254,0.4552845528455285,0.910569105691057,Low,High,Markdown
47343A,FUSCHIA FLOWER PURSE WITH BEADS,200,206.26,23,0.27100271002710025,127,1.8970189701897018,3.7940379403794036,Low,High,Markdown
47344B,BLUE FLOWER DES PURSE,54,56.16,10,0.07317073170731707,180,0.5121951219512195,1.024390243902439,Low,High,Markdown
47347B,BLUE FLOWER T-LIGHT HOLDER,236,169.72,7,0.31978319783197834,228,2.238482384823848,4.476964769647696,Low,High,Markdown
47348A,FUSCHIA VOILE POINTY SHOE DEC,103,62.01,16,0.13956639566395665,259,0.9769647696476965,1.953929539295393,Low,High,Markdown
47351B,BLUE  VOILE LAMPSHADE,98,269.90000000000003,14,0.13279132791327913,69,0.929539295392954,1.859078590785908,Low,High,Markdown
47367B,PAIR PADDED HANGERS PINK CHECK,151,527.85,38,0.2046070460704607,30,1.432249322493225,2.86449864498645,Low,High,Markdown
47369A,PINK GREEN EMBROIDERY COSMETIC BAG,22,64.9,10,0.02981029810298103,175,0.2086720867208672,0.4173441734417344,Low,High,Markdown
47369B,BLUE GREEN EMBROIDERY COSMETIC BAG,22,67.74000000000001,10,0.02981029810298103,89,0.2086720867208672,0.4173441734417344,Low,High,Markdown
47420,ASSORTED COLOUR SUCTION CUP HOOK,354,67.26,29,0.4796747967479675,188,3.3577235772357725,6.715447154471545,Low,High,Markdown
47421,ASSORTED COLOUR LIZARD SUCTION HOOK,1437,561.78,72,1.9471544715447155,291,13.630081300813009,27.260162601626018,Low,High,Markdown
47422,ASSORTED MONKEY SUCTION CUP HOOK,1076,415.92,61,1.4579945799457994,87,10.205962059620596,20.411924119241192,Low,Low,Healthy
47469,ASSORTED SHAPES PHOTO CLIP SILVER ,1094,512.38,27,1.4823848238482384,271,10.376693766937668,20.753387533875337,Low,High,Markdown
47471,RAINBOW PEGS PHOTO CLIP STRING,381,226.23000000000002,41,0.516260162601626,67,3.613821138211382,7.227642276422764,Low,High,Markdown
47480,HANGING PHOTO CLIP ROPE LADDER,1556,2441.68,99,2.1084010840108403,203,14.758807588075882,29.517615176151764,Low,High,Markdown
47481,50CM METAL STRING WITH  7 CLIPS,316,244.11999999999998,35,0.4281842818428184,206,2.997289972899729,5.994579945799458,Low,High,Markdown
47502,POLKADOT CUTLERY 24 PCS IN TRAY,617,6307.15,58,0.8360433604336044,109,5.85230352303523,11.70460704607046,Low,High,Markdown
47503A,ASS FLORAL PRINT MULTI SCREWDRIVER,2846,1396.61,191,3.856368563685637,158,26.994579945799458,53.989159891598916,Low,Low,Healthy
47503E,ASS FLORAL PRINT SCISSORS,6828,1169.4,22,9.252032520325203,108,64.76422764227642,129.52845528455285,High,Low,Reorder
47503F,ASS FLORAL PRINT TORCH,2567,729.9499999999999,11,3.478319783197832,293,24.348238482384822,48.696476964769644,Low,High,Markdown
47503G,ASS FLORAL PRINT TAPE MEASURE,235,289.19,24,0.31842818428184283,38,2.2289972899728996,4.457994579945799,Low,High,Markdown
47503H,ASS FLORAL PRINT SPIRIT LEVEL ,147,191.53,48,0.1991869918699187,173,1.3943089430894309,2.7886178861788617,Low,High,Markdown
47503J,SET/3 FLORAL GARDEN TOOLS IN BAG,280,1994.0,42,0.3794037940379404,279,2.655826558265583,5.311653116531166,Low,High,Markdown
47503K,ASSORTED FLORAL SECATEURS,3141,1293.75,33,4.2560975609756095,127,29.792682926829265,59.58536585365853,Low,Low,Healthy
47504E,ENGLISH ROSE SCISSORS,4372,871.4,37,5.924119241192412,78,41.46883468834688,82.93766937669376,High,Low,Reorder
47504F,ENGLISH ROSE TORCH,526,193.1,13,0.7127371273712737,144,4.989159891598916,9.978319783197833,Low,High,Markdown
47504G,ENGLISH ROSE TAPE MEASURE,256,315.44,47,0.34688346883468835,292,2.4281842818428183,4.856368563685637,Low,High,Markdown
47504H,ENGLISH ROSE SPIRIT LEVEL ,989,940.83,105,1.3401084010840107,126,9.380758807588075,18.76151761517615,Low,High,Markdown
47504J,ENGLISH ROSE SET/3 GARDEN TOOLS,3,23.85,2,0.0040650406504065045,264,0.02845528455284553,0.05691056910569106,Low,High,Markdown
47504K,ENGLISH ROSE GARDEN SECATEURS,2580,2769.64,263,3.4959349593495936,266,24.471544715447155,48.94308943089431,Low,High,Markdown
47505,MINATURE COLOURED GARDENING SET,716,3331.7000000000003,160,0.9701897018970189,27,6.791327913279132,13.582655826558264,Low,Low,Healthy
47518F,ICON PLACEMAT POP ART ELVIS,900,144.3,31,1.2195121951219512,160,8.536585365853659,17.073170731707318,Low,High,Markdown
47552A,DOTS IRONING BOARD COVER,12,23.4,11,0.016260162601626018,27,0.11382113821138212,0.22764227642276424,Low,High,Markdown
47554,S/3 COLOURS FLOCK TEA TOWELS,1,2.55,1,0.0013550135501355014,113,0.009485094850948509,0.018970189701897018,Low,High,Markdown
47556,SET/2 SPOTTY + ROSE TEA TOWELS ,1,2.55,1,0.0013550135501355014,58,0.009485094850948509,0.018970189701897018,Low,High,Markdown
47556B,TEA TIME TEA TOWELS ,5141,13363.35,408,6.966124661246613,100,48.76287262872629,97.52574525745258,Low,Low,Healthy
47559B,TEA TIME OVEN GLOVE,4970,5977.87,609,6.734417344173441,206,47.14092140921409,94.28184281842817,Low,Low,Healthy
47562,ENGLISH ROSE IRONING BOARD COVER,104,390.0,41,0.14092140921409213,103,0.9864498644986449,1.9728997289972898,Low,High,Markdown
47563A,RETRO LONGBOARD IRONING BOARD COVER,224,347.5,62,0.3035230352303523,107,2.124661246612466,4.249322493224932,Low,High,Markdown
47563B,WAVELINE SURF IRONING BOARD COVER,8,30.0,6,0.01084010840108401,261,0.07588075880758807,0.15176151761517614,Low,High,Markdown
47566,PARTY BUNTING,23460,103283.38,2077,31.788617886178862,112,222.52032520325204,445.0406504065041,High,Low,Reorder
47566B,TEA TIME PARTY BUNTING,5612,24255.3,655,7.6043360433604335,105,53.230352303523034,106.46070460704607,High,Low,Reorder
47567B,TEA TIME KITCHEN APRON,2128,11321.320000000002,320,2.883468834688347,63,20.18428184281843,40.36856368563686,Low,Low,Healthy
47568,ENGLISH ROSE DESIGN PEG BAG,2262,4478.78,320,3.065040650406504,156,21.455284552845526,42.91056910569105,Low,Low,Healthy
47569,ENGLISH ROSE DESIGN SHOPPING BAG,1,2.55,1,0.0013550135501355014,93,0.009485094850948509,0.018970189701897018,Low,High,Markdown
47570,ENGLISH ROSE TABLE CLOTH,207,2096.55,66,0.2804878048780488,55,1.9634146341463417,3.9268292682926833,Low,High,Markdown
47570B,TEA TIME TABLE CLOTH,928,8852.880000000001,188,1.2574525745257452,120,8.802168021680217,17.604336043360433,Low,High,Markdown
47574A,ENGLISH ROSE SCENTED HANGING FLOWER,440,442.0,60,0.5962059620596206,175,4.173441734417344,8.346883468834688,Low,High,Markdown
47574B,ENGLISH ROSE SCENTED HANGING HEART,49,208.25,27,0.06639566395663957,274,0.464769647696477,0.929539295392954,Low,High,Markdown
47578A,ENGLISH ROSE SMALL SCENTED FLOWER,280,238.0,49,0.3794037940379404,190,2.655826558265583,5.311653116531166,Low,High,Markdown
47579,TEA TIME BREAKFAST BASKET,170,357.0,43,0.23035230352303523,235,1.6124661246612466,3.2249322493224932,Low,High,Markdown
47580,TEA TIME DES TEA COSY,1533,3651.91,263,2.0772357723577235,189,14.540650406504064,29.081300813008127,Low,High,Markdown
47581B,FAIRY CAKE WICKER PICNIC BASKET ,33,420.75,26,0.044715447154471545,271,0.3130081300813008,0.6260162601626016,Low,High,Markdown
47583A,SET OF 3 WICKER BASKET ROSE,70,561.8,5,0.0948509485094851,74,0.6639566395663957,1.3279132791327914,Low,High,Markdown
47583B,SET OF 3 WICKER BASKET TEA AND CAKE,27,332.6,6,0.036585365853658534,110,0.25609756097560976,0.5121951219512195,Low,High,Markdown
47585A,PINK FAIRY CAKE CUSHION COVER,913,1773.75,83,1.2371273712737128,297,8.659891598915989,17.319783197831978,Low,High,Markdown
47586A,PINK FAIRY CAKE CUSHION COVER,199,262.65,28,0.2696476964769648,120,1.8875338753387536,3.775067750677507,Low,High,Markdown
47587A,PINK FAIRY CAKE COASTER,2676,1049.6399999999999,9,3.6260162601626016,174,25.382113821138212,50.764227642276424,Low,Low,Healthy
47589,CONGRATULATIONS BUNTING,148,806.6,70,0.2005420054200542,160,1.4037940379403795,2.807588075880759,Low,High,Markdown
47590A,BLUE HAPPY BIRTHDAY BUNTING,4681,23531.47,633,6.342818428184282,192,44.39972899728998,88.79945799457995,Low,Low,Healthy
47590B,PINK HAPPY BIRTHDAY BUNTING,5652,28581.4,810,7.658536585365853,29,53.609756097560975,107.21951219512195,High,Low,Reorder
47591A,CAROUSEL DES CHILD'S APRON,98,161.7,36,0.13279132791327913,247,0.929539295392954,1.859078590785908,Low,High,Markdown
47591B,SCOTTIES DES CHILD'S APRON,659,1036.95,137,0.8929539295392954,284,6.250677506775068,12.501355013550135,Low,High,Markdown
47591C,BLUE FAIRY CAKE CHILD'S APRON,995,1800.45,146,1.348238482384824,267,9.437669376693767,18.875338753387535,Low,High,Markdown
47591D,PINK FAIRY CAKE CHILD'S APRON,9164,16736.52,1034,12.417344173441734,266,86.92140921409214,173.84281842818427,Low,Low,Healthy
47592A,CAROUSEL DES CHILD'S OVERALL,194,407.4,36,0.26287262872628725,174,1.8401084010840107,3.6802168021680215,Low,High,Markdown
47592B,SCOTTIES DESIGN CHILD'S OVERALL,47,98.7,18,0.06368563685636856,53,0.44579945799457993,0.8915989159891599,Low,High,Markdown
47593A,CAROUSEL DESIGN BABY BIB,190,210.62,42,0.25745257452574527,148,1.802168021680217,3.604336043360434,Low,High,Markdown
47593B,SCOTTIES DESIGN BABY BIB,1831,886.39,124,2.4810298102981028,179,17.36720867208672,34.73441734417344,Low,High,Markdown
47594A,CAROUSEL DESIGN WASHBAG,280,546.0,74,0.3794037940379404,108,2.655826558265583,5.311653116531166,Low,High,Markdown
47594B,SCOTTIES DESIGN WASHBAG,313,610.3499999999999,83,0.4241192411924119,112,2.9688346883468832,5.9376693766937665,Low,High,Markdown
47597,NEW ENGLAND TEATOWELS,124,316.2,41,0.16802168021680217,260,1.1761517615176151,2.3523035230352303,Low,High,Markdown
47598,NEW ENGLAND EGG WARMER,120,66.0,23,0.16260162601626016,136,1.1382113821138211,2.2764227642276422,Low,High,Markdown
47599A,PINK PARTY BAGS,5878,10841.48,325,7.964769647696477,113,55.75338753387534,111.50677506775068,Low,Low,Healthy
47599B,BLUE PARTY BAGS ,3441,6476.54,262,4.662601626016261,182,32.63821138211382,65.27642276422765,Low,Low,Healthy
48103,DOOR MAT KISS MY.......,35,201.73,10,0.04742547425474255,118,0.33197831978319786,0.6639566395663957,Low,High,Markdown
48111,DOOR MAT 3 SMILEY CATS,4063,23414.47,572,5.505420054200542,132,38.53794037940379,77.07588075880759,Low,Low,Healthy
48116,DOOR MAT MULTICOLOUR STRIPE,3310,18811.91,385,4.485094850948509,110,31.395663956639563,62.791327913279126,Low,Low,Healthy
48129,DOOR MAT TOPIARY,3068,18752.76,488,4.157181571815718,225,29.100271002710024,58.20054200542005,Low,Low,Healthy
48138,DOOR MAT UNION FLAG,9879,64269.95,1511,13.386178861788618,36,93.70325203252033,187.40650406504065,High,Low,Reorder
48173A,DOOR MAT BLUE FLOCK,1,6.75,1,0.0013550135501355014,293,0.009485094850948509,0.018970189701897018,Low,High,Markdown
48173C,DOOR MAT BLACK FLOCK ,4033,22541.26,460,5.464769647696477,192,38.25338753387534,76.50677506775068,Low,Low,Healthy
48175,DOOR MAT CAMOUFLAGE,38,152.0,1,0.051490514905149054,135,0.3604336043360434,0.7208672086720868,Low,High,Markdown
48179,DOOR MAT SWEET HOME,28,131.25,6,0.037940379403794036,200,0.26558265582655827,0.5311653116531165,Low,High,Markdown
48184,DOOR MAT ENGLISH ROSE ,4603,29642.23,755,6.237127371273712,110,43.65989159891598,87.31978319783197,Low,Low,Healthy
48185,DOOR MAT FAIRY CAKE,6400,39464.68,736,8.672086720867208,101,60.70460704607046,121.40921409214091,High,Low,Reorder
48187,DOOR MAT NEW ENGLAND,7099,43982.29,1151,9.619241192411923,133,67.33468834688347,134.66937669376694,High,Low,Reorder
48188,DOOR MAT WELCOME PUPPIES,4759,27013.77,597,6.448509485094851,276,45.139566395663955,90.27913279132791,Low,Low,Healthy
48189,DOOR MAT FRIENDSHIP ,1226,7033.74,207,1.6612466124661247,77,11.628726287262873,23.257452574525747,Low,Low,Healthy
48194,DOORMAT HEARTS,7442,44784.46,1138,10.084010840108402,173,70.58807588075881,141.17615176151762,Low,Low,Healthy
48195,DOOR MAT GREEN PAISLEY ,253,1409.11,73,0.3428184281842818,135,2.399728997289973,4.799457994579946,Low,High,Markdown
48197,DOOR MAT BIRD ON THE WIRE,785,4437.95,137,1.0636856368563685,285,7.44579945799458,14.89159891598916,Low,High,Markdown
51008,AFGHAN SLIPPER SOCK PAIR,2567,8251.15,72,3.478319783197832,222,24.348238482384822,48.696476964769644,Low,High,Markdown
51012C,"FEATHER DUSTER, COAL BLACK",170,212.5,26,0.23035230352303523,60,1.6124661246612466,3.2249322493224932,Low,High,Markdown
51012L,"FEATHER DUSTER, LIGHT PINK",10,12.5,6,0.013550135501355014,124,0.0948509485094851,0.1897018970189702,Low,High,Markdown
51014A,"FEATHER PEN,HOT PINK",6048,3787.7599999999998,247,8.195121951219512,212,57.36585365853659,114.73170731707317,Low,Low,Healthy
51014C,"FEATHER PEN,COAL BLACK",3843,2321.47,175,5.2073170731707314,297,36.451219512195124,72.90243902439025,Low,Low,Healthy
51014L,"FEATHER PEN,LIGHT PINK",3238,2014.56,164,4.387533875338754,256,30.712737127371277,61.425474254742554,Low,Low,Healthy
51020A,SUMMER FUN DESIGN SHOWER CAP,1302,462.05999999999995,49,1.7642276422764227,240,12.34959349593496,24.69918699186992,Low,High,Markdown
51020B,STRIPY DESIGN SHOWER CAP,1084,488.11999999999995,60,1.4688346883468835,87,10.281842818428185,20.56368563685637,Low,Low,Healthy
62018,SOMBRERO ,9548,12413.8,123,12.937669376693767,216,90.56368563685638,181.12737127371275,Low,Low,Healthy
62043B,BLUE CHECK BAG W HANDLE 34X20CM,54,75.16000000000001,10,0.07317073170731707,275,0.5121951219512195,1.024390243902439,Low,High,Markdown
62074B,ELEPHANT CLIP W SUCTION CUP,34,14.28,11,0.04607046070460705,158,0.3224932249322493,0.6449864498644986,Low,High,Markdown
62086A,PINK RETRO BIG FLOWER BAG,110,214.5,22,0.14905149051490515,168,1.043360433604336,2.086720867208672,Low,High,Markdown
62094B,TURQ ICE CREAM BUM BAG ,251,405.05,27,0.34010840108401086,118,2.380758807588076,4.761517615176152,Low,High,Markdown
62095B,TURQOISE ICE CREAM SUNHAT,289,304.09000000000003,19,0.3915989159891599,95,2.7411924119241196,5.482384823848239,Low,High,Markdown
62096A,PINK/YELLOW FLOWERS HANDBAG,337,439.45,51,0.45663956639566394,128,3.196476964769648,6.392953929539296,Low,High,Markdown
62096B,PURPLE/TURQ FLOWERS HANDBAG,209,278.75,46,0.28319783197831977,207,1.9823848238482384,3.964769647696477,Low,High,Markdown
62097A,PINK STRIPES SHOULDER BAG,1,2.95,1,0.0013550135501355014,218,0.009485094850948509,0.018970189701897018,Low,High,Markdown
62097B,BLUE STRIPES SHOULDER BAG,11,13.370000000000001,4,0.014905149051490514,173,0.1043360433604336,0.2086720867208672,Low,High,Markdown
70006,LOVE HEART POCKET WARMER,4184,3495.5,171,5.669376693766938,59,39.68563685636857,79.37127371273714,High,Low,Reorder
70007,HI TEC ALPINE HAND WARMER,1089,1114.89,104,1.475609756097561,152,10.329268292682926,20.65853658536585,Low,High,Markdown
71028B,SILVER BLUE EGG T-LIGHT HOLDER,483,189.89,8,0.6544715447154471,151,4.58130081300813,9.16260162601626,Low,High,Markdown
71038,WHITE HANGING BEADS CANDLE HOLDER,717,3789.25,144,0.9715447154471545,298,6.800813008130081,13.601626016260163,Low,High,Markdown
71050,SMALL SINGLE FLAME CANDLE HOLDER,51,17.849999999999998,8,0.06910569105691057,103,0.483739837398374,0.967479674796748,Low,High,Markdown
71053,WHITE METAL LANTERN,4353,15508.81,595,5.8983739837398375,261,41.28861788617886,82.57723577235772,Low,Low,Healthy
71101A,ANGEL ON KNEES METAL POLE 100CM H,6,5.1,1,0.008130081300813009,135,0.05691056910569106,0.11382113821138212,Low,High,Markdown
71101E,STANDING FAIRY POLE SUPPORT ,777,626.13,47,1.0528455284552845,128,7.369918699186991,14.739837398373982,Low,High,Markdown
71143,SILVER BOOK MARK WITH BEADS,78,66.3,13,0.10569105691056911,240,0.7398373983739838,1.4796747967479675,Low,High,Markdown
71215,METAL BASE FOR CANDLES,177,68.1,12,0.23983739837398374,60,1.6788617886178863,3.3577235772357725,Low,High,Markdown
71270,PHOTO CLIP LINE,320,401.21,54,0.43360433604336046,166,3.035230352303523,6.070460704607046,Low,High,Markdown
71279,PINK GLASS CANDLEHOLDER,251,730.8500000000001,52,0.34010840108401086,131,2.380758807588076,4.761517615176152,Low,High,Markdown
71403,"PINK/WHITE ""KEEP CLEAN"" BULLET BIN",127,374.65000000000003,27,0.17208672086720866,122,1.2046070460704605,2.409214092140921,Low,High,Markdown
71406C,BLACK ORANGE SQUEEZER,206,86.52,31,0.2791327913279133,65,1.953929539295393,3.907859078590786,Low,High,Markdown
71434B,"BLACK RND BULLET""KEEP CLEAN"" BIN",1,2.55,1,0.0013550135501355014,290,0.009485094850948509,0.018970189701897018,Low,High,Markdown
71459,HANGING JAM JAR T-LIGHT HOLDER,31668,24673.32,884,42.91056910569106,214,300.3739837398374,600.7479674796748,High,Low,Reorder
71477,COLOUR GLASS. STAR T-LIGHT HOLDER,14870,43297.22,686,20.149051490514903,299,141.04336043360433,282.08672086720867,Low,Low,Healthy
71495A,CD WALL TIDY BLUE OFFICE,213,77.94000000000001,9,0.2886178861788618,59,2.0203252032520327,4.040650406504065,Low,High,Markdown
71495B,CD WALL TIDY RED FLOWERS,288,106.56,12,0.3902439024390244,208,2.731707317073171,5.463414634146342,Low,High,Markdown
71496A,A4 WALL TIDY BLUE OFFICE,228,124.44000000000001,8,0.3089430894308943,183,2.16260162601626,4.32520325203252,Low,High,Markdown
71496B,A4 WALL TIDY RED FLOWERS,15,8.67,6,0.02032520325203252,43,0.14227642276422764,0.2845528455284553,Low,High,Markdown
71510,SQUARE METAL CANDLEHOLDER BASE,177,112.05,17,0.23983739837398374,43,1.6788617886178863,3.3577235772357725,Low,High,Markdown
72008,FROSTED BOX 9 WHITE T-LIGHT CANDLES,3699,1470.42,193,5.012195121951219,23,35.08536585365853,70.17073170731706,High,Low,Reorder
72023F,RED ORGANIC CANDLE IN GLASS,613,627.05,38,0.8306233062330624,200,5.814363143631437,11.628726287262873,Low,High,Markdown
72024U,LILAC VOTIVE CANDLE,218,45.78,10,0.2953929539295393,267,2.067750677506775,4.13550135501355,Low,High,Markdown
72038P,PRICE'S CANDLE PEACH,1050,116.5,9,1.4227642276422765,135,9.959349593495936,19.918699186991873,Low,High,Markdown
72045D,ROSES ON BLUE TEACUP CANDLE ,536,905.84,3,0.7262872628726287,298,5.084010840108401,10.168021680216802,Low,High,Markdown
72051S,BAG OF SILVER STONES,141,59.22,19,0.1910569105691057,88,1.3373983739837398,2.6747967479674797,Low,High,Markdown
72083A,STRAWBERY SWIRL FLARE CANDLE,24,50.400000000000006,7,0.032520325203252036,273,0.22764227642276424,0.4552845528455285,Low,High,Markdown
72084B,CHOCOLATE ICE CREAM CANDLE,2,3.9,1,0.0027100271002710027,200,0.018970189701897018,0.037940379403794036,Low,High,Markdown
72122,COFFEE SCENT PILLAR CANDLE,531,504.45,93,0.7195121951219512,188,5.036585365853658,10.073170731707316,Low,High,Markdown
72127,COLUMBIAN CANDLE ROUND ,358,429.64,59,0.48509485094850946,268,3.395663956639566,6.791327913279132,Low,High,Markdown
72128,COLUMBIAN CANDLE ROUND,686,397.46,78,0.9295392953929539,207,6.506775067750677,13.013550135501355,Low,High,Markdown
72129,COLUMBIAN CANDLE ROUND ,73,47.45,17,0.0989159891598916,73,0.6924119241192411,1.3848238482384823,Low,High,Markdown
72130,COLUMBIAN CANDLE ROUND,741,291.57,50,1.0040650406504066,157,7.028455284552846,14.056910569105693,Low,High,Markdown
72131,COLUMBIAN CANDLE RECTANGLE,746,688.38,55,1.010840108401084,187,7.075880758807589,14.151761517615178,Low,High,Markdown
72132,COLUMBIAN CUBE CANDLE,548,460.2,27,0.7425474254742548,122,5.197831978319783,10.395663956639567,Low,High,Markdown
72133,COLUMBIAN CANDLE RECTANGLE,99,102.87,27,0.13414634146341464,104,0.9390243902439025,1.878048780487805,Low,High,Markdown
72134,COLUMBIAN  CUBE CANDLE ,320,109.16,20,0.43360433604336046,231,3.035230352303523,6.070460704607046,Low,High,Markdown
72140E,BEST DAD CANDLE LETTERS,216,153.35999999999999,27,0.2926829268292683,22,2.048780487804878,4.097560975609756,Low,High,Markdown
72140F,HAPPY ANNIVERSARY CANDLE LETTERS,175,69.18,14,0.23712737127371275,198,1.6598915989159893,3.3197831978319785,Low,High,Markdown
72225C,LAVENDER SCENT CAKE CANDLE,1877,454.09,35,2.543360433604336,57,17.803523035230352,35.607046070460704,Low,Low,Healthy
72225D,VANILLA SCENT CAKE CANDLE ,960,218.88,10,1.3008130081300813,258,9.105691056910569,18.211382113821138,Low,High,Markdown
72232,FENG SHUI PILLAR CANDLE,6268,1190.9199999999998,118,8.493224932249323,188,59.45257452574526,118.90514905149053,Low,Low,Healthy
72267,PREMIUM CHURCH CANDLE,247,479.34000000000003,40,0.3346883468834688,49,2.3428184281842817,4.685636856368563,Low,High,Markdown
72349B,SET/6 PURPLE BUTTERFLY T-LIGHTS,1914,3734.0400000000004,237,2.5934959349593494,209,18.154471544715445,36.30894308943089,Low,High,Markdown
72351A,SET/6 TURQUOISE BUTTERFLY T-LIGHTS,3646,7035.59,352,4.940379403794038,44,34.582655826558266,69.16531165311653,High,Low,Reorder
72351B,SET/6 PINK  BUTTERFLY T-LIGHTS,5681,10779.640000000001,426,7.697831978319783,131,53.88482384823848,107.76964769647697,Low,Low,Healthy
72369A,PINK CLEAR GLASS CANDLE PLATE,53,66.25,8,0.07181571815718157,225,0.502710027100271,1.005420054200542,Low,High,Markdown
72484,ROSES IN WHITE HEART CANDLE ,1805,958.21,54,2.44579945799458,204,17.12059620596206,34.24119241192412,Low,High,Markdown
72487,ROSES WHITE ROUND CANDLE,826,351.62,13,1.119241192411924,66,7.8346883468834685,15.669376693766937,Low,Low,Healthy
72529W,WHITE ADVENT CANDLE,443,829.08,39,0.6002710027100271,247,4.20189701897019,8.40379403794038,Low,High,Markdown
72586,"S/6 HALLOWEEN GHOST T LIGHTS, 5CM H",2196,922.3199999999999,108,2.975609756097561,58,20.829268292682926,41.65853658536585,Low,Low,Healthy
72598,SET/12 TAPER CANDLES,1042,815.14,89,1.4119241192411924,35,9.883468834688347,19.766937669376695,Low,Low,Healthy
72606A,BROWN ANTIQUE CUBE CANDLE,226,94.92,18,0.3062330623306233,41,2.1436314363143634,4.287262872628727,Low,High,Markdown
72708,SCULPTED ROUND IVORY CANDLE ,44,9.24,5,0.05962059620596206,232,0.4173441734417344,0.8346883468834688,Low,High,Markdown
72709,IVORY SCULPTED RND CANDLE ,74,62.89999999999999,13,0.1002710027100271,168,0.7018970189701897,1.4037940379403795,Low,High,Markdown
72715,SPHERICAL IVORY CANDLE ,82,34.44,12,0.1111111111111111,260,0.7777777777777777,1.5555555555555554,Low,High,Markdown
72724,SET/6 CHRISTMAS ICICLE T-LIGHTS,34,42.5,9,0.04607046070460705,291,0.3224932249322493,0.6449864498644986,Low,High,Markdown
72728,ROSE SCENT CANDLES IN GLASS,614,498.49999999999994,50,0.8319783197831978,78,5.823848238482385,11.64769647696477,Low,High,Markdown
72739B,WHITE CHOCOLATE SCENT CANDLE,351,244.35,10,0.47560975609756095,221,3.3292682926829267,6.658536585365853,Low,High,Markdown
72739C,DARK CHOCOLATE SCENTCANDLE,291,219.75,11,0.3943089430894309,51,2.760162601626016,5.520325203252032,Low,High,Markdown
72740A,LARGE STRAWBERRY CHOCOLATE CANDLE,56,94.7,5,0.07588075880758807,181,0.5311653116531165,1.062330623306233,Low,High,Markdown
72741,GRAND CHOCOLATECANDLE,19284,25895.4,823,26.130081300813007,274,182.91056910569105,365.8211382113821,High,Low,Reorder
72750A,"F.FAIRY S/3 CANDLE/GLASS,LILY/VALLY",383,766.85,16,0.518970189701897,273,3.632791327913279,7.265582655826558,Low,High,Markdown
72750B,"F.FAIRY S/3 CANDLE/GLASS,LAVENDER",495,1041.25,38,0.6707317073170732,28,4.695121951219512,9.390243902439025,Low,Low,Healthy
72750C,"F.FAIRY S/3 CANDLE/GLASS, ROSE",232,476.4,15,0.3143631436314363,158,2.200542005420054,4.401084010840108,Low,High,Markdown
72750D,F.FAIRY S/3 CANDLE/GLASS,110,226.5,11,0.14905149051490515,29,1.043360433604336,2.086720867208672,Low,High,Markdown
72751A,"F.FAIRY S/3 SML CANDLE,LILY/VALLEY",1,5.95,1,0.0013550135501355014,233,0.009485094850948509,0.018970189701897018,Low,High,Markdown
72751B,"F.FAIRY S/3 SML CANDLE, LAVENDER",1,5.95,1,0.0013550135501355014,292,0.009485094850948509,0.018970189701897018,Low,High,Markdown
72751C,"F.FAIRY S/3 SML CANDLE, ROSE",1,5.95,1,0.0013550135501355014,67,0.009485094850948509,0.018970189701897018,Low,High,Markdown
72752A,"F.FAIRY,CANDLE IN GLASS,LILY/VALLEY",1,4.25,1,0.0013550135501355014,130,0.009485094850948509,0.018970189701897018,Low,High,Markdown
72752B,"F.FAIRY,CANDLE IN GLASS,LAVENDER",3,12.75,2,0.0040650406504065045,172,0.02845528455284553,0.05691056910569106,Low,High,Markdown
72753A,S/3 FLWR FAIRY LILLY CANDLES,312,666.9000000000001,11,0.42276422764227645,142,2.959349593495935,5.91869918699187,Low,High,Markdown
72753B,S/3 FLWR FAIRY LAVENDER CANDLES,444,949.95,13,0.6016260162601627,121,4.211382113821139,8.422764227642277,Low,High,Markdown
72753C,S/3 FLWR FAIRY ROSE CANDLES,42,99.9,5,0.056910569105691054,260,0.3983739837398374,0.7967479674796748,Low,High,Markdown
72753D,S/3 FLWR FAIRY SUMMER CANDLES,144,302.40000000000003,9,0.1951219512195122,210,1.3658536585365855,2.731707317073171,Low,High,Markdown
72754A,FLOWER FAIRY POTPOURRI CUSHION LILY,292,201.24,5,0.3956639566395664,236,2.7696476964769645,5.539295392953929,Low,High,Markdown
72754B,F FAIRY POTPOURRI CUSHIONS LAVENDER,170,137.54,8,0.23035230352303523,70,1.6124661246612466,3.2249322493224932,Low,High,Markdown
72754D,F FAIRY POTPOURRI CUSHIONS SUMMER,1,1.69,1,0.0013550135501355014,100,0.009485094850948509,0.018970189701897018,Low,High,Markdown
72755C,FLOWER FAIRY OIL BURNER SET ROSE,588,750.0,13,0.7967479674796748,107,5.5772357723577235,11.154471544715447,Low,High,Markdown
72755D,FLOWER FAIRY OIL BURNER SET SUMMER,533,693.25,13,0.7222222222222222,213,5.055555555555555,10.11111111111111,Low,High,Markdown
72756,FAIRY CAKE CANDLES,3994,5432.66,127,5.411924119241192,123,37.883468834688344,75.76693766937669,Low,Low,Healthy
72760B,VINTAGE CREAM 3 BASKET CAKE STAND,1632,15172.6,444,2.2113821138211383,290,15.479674796747968,30.959349593495936,Low,High,Markdown
72771B,BURG FLOCK GOLD CUP/CANDLE ,115,48.3,6,0.15582655826558264,115,1.0907859078590785,2.181571815718157,Low,High,Markdown
72771C,BLACK FLOCK GOLD CANDLE,49,20.580000000000002,4,0.06639566395663957,217,0.464769647696477,0.929539295392954,Low,High,Markdown
72772,SET/4 SCENTED CANDLES IN RAMEKINS,454,592.5,8,0.6151761517615176,20,4.306233062330623,8.612466124661246,Low,Low,Healthy
72779,SET/6 BLACK ROSE T-LIGHT CANDLES,48,81.12,15,0.06504065040650407,186,0.4552845528455285,0.910569105691057,Low,High,Markdown
72780,BLACK SILOUETTE CANDLE PLATE,513,417.33,43,0.6951219512195121,145,4.865853658536585,9.73170731707317,Low,High,Markdown
72781,BLACK SILOUETTE CANDLE PLATE ,120,227.4,14,0.16260162601626016,100,1.1382113821138211,2.2764227642276422,Low,High,Markdown
72783,BLACK SIL'T SQU CANDLE PLATE ,40,84.0,7,0.05420054200542006,270,0.3794037940379404,0.7588075880758808,Low,High,Markdown
72785A,S/4 CONTEMPORY PINK ROSEBUD CANDLES,8,16.8,4,0.01084010840108401,188,0.07588075880758807,0.15176151761517614,Low,High,Markdown
72785B,S/4 CONTEMPORY RED ROSEBUD CANDLES,9,10.9,3,0.012195121951219513,92,0.08536585365853659,0.17073170731707318,Low,High,Markdown
72789,BASKET/8 SCENTED LOVE TOKEN CANDLES,121,453.75,44,0.16395663956639567,160,1.1476964769647697,2.2953929539295395,Low,High,Markdown
72793,BLACK BOX MIRROR LANTERN,55,268.75,10,0.07452574525745258,89,0.521680216802168,1.043360433604336,Low,High,Markdown
72796A,S/3 ENGLISH LAVENDER SQU CANDLE,11,18.15,5,0.014905149051490514,281,0.1043360433604336,0.2086720867208672,Low,High,Markdown
72796B,S/3 FRENCH VANILLA SQU CANDLE,26,42.9,11,0.03523035230352303,264,0.24661246612466123,0.49322493224932246,Low,High,Markdown
72796C,S/3 ROSE GARDEN SCENT SQU CANDLE,1,1.65,1,0.0013550135501355014,22,0.009485094850948509,0.018970189701897018,Low,High,Markdown
72798C,SET/4 GARDEN ROSE DINNER CANDLE,24,39.599999999999994,11,0.032520325203252036,82,0.22764227642276424,0.4552845528455285,Low,High,Markdown
72799A,BLACK PILLAR CANDLE SILVER FLOCK,612,877.8000000000001,18,0.8292682926829268,68,5.804878048780488,11.609756097560975,Low,High,Markdown
72799B,PURPLE PILLAR CANDLE BLACK FLOCK,313,413.35,9,0.4241192411924119,95,2.9688346883468832,5.9376693766937665,Low,High,Markdown
72799C,PINK PILLAR CANDLE SILVER FLOCK,452,670.28,39,0.6124661246612466,194,4.287262872628727,8.574525745257453,Low,High,Markdown
72799D,BLUE PILLAR CANDLE SILVER FLOCK,65,182.15,13,0.08807588075880758,128,0.6165311653116531,1.2330623306233062,Low,High,Markdown
72799E,IVORY PILLAR CANDLE SILVER FLOCK,1132,2242.84,132,1.5338753387533874,202,10.737127371273711,21.474254742547423,Low,High,Markdown
72799F,IVORY PILLAR CANDLE GOLD FLOCK,1065,1846.95,72,1.443089430894309,211,10.101626016260163,20.203252032520325,Low,High,Markdown
72800A,S/4 BLACK DINNER CANDLE SILVER FLOC,661,676.71,34,0.8956639566395664,84,6.269647696476965,12.53929539295393,Low,High,Markdown
72800B,S/4 PURPLE DINNER CANDLE BLK FLOCK,960,1155.28,77,1.3008130081300813,290,9.105691056910569,18.211382113821138,Low,High,Markdown
72800C,S/4 PINK DINNER CANDLE SILVER FLOCK,646,854.38,66,0.8753387533875339,119,6.127371273712737,12.254742547425474,Low,High,Markdown
72800D,S/4 BLUE DINNER CANDLE SILVER FLOCK,618,954.3000000000001,76,0.8373983739837398,51,5.861788617886178,11.723577235772357,Low,High,Markdown
72800E,4 IVORY DINNER CANDLES SILVER FLOCK,1268,2200.2,226,1.7181571815718157,147,12.02710027100271,24.05420054200542,Low,High,Markdown
72800F,4 IVORY DINNER CANDLES GOLD FLOCK,816,1029.72,62,1.1056910569105691,62,7.739837398373984,15.479674796747968,Low,Low,Healthy
72801C,S/4 ROSE PINK DINNER CANDLES,693,494.01,47,0.9390243902439024,97,6.573170731707316,13.146341463414632,Low,High,Markdown
72801D,S/4 SKY BLUE DINNER CANDLES,520,366.56,47,0.7046070460704607,289,4.932249322493225,9.86449864498645,Low,High,Markdown
72801E,S/4 FESTIVE GREEN DINNER CANDLES,768,402.24,23,1.0406504065040652,181,7.284552845528456,14.569105691056912,Low,High,Markdown
72801F,S/4 FESTIVE RED DINNER CANDLES,234,292.5,25,0.3170731707317073,208,2.2195121951219514,4.439024390243903,Low,High,Markdown
72801G,S/4 BURGUNDY WINE DINNER CANDLES,1306,756.02,52,1.7696476964769647,266,12.387533875338754,24.775067750677508,Low,High,Markdown
72802A,ROSE SCENT CANDLE IN JEWELLED BOX,900,3689.2799999999997,169,1.2195121951219512,235,8.536585365853659,17.073170731707318,Low,High,Markdown
72802B,OCEAN SCENT CANDLE IN JEWELLED BOX,1478,3862.88,189,2.002710027100271,187,14.018970189701896,28.037940379403793,Low,High,Markdown
72802C,VANILLA SCENT CANDLE JEWELLED BOX,2140,5725.34,234,2.899728997289973,212,20.29810298102981,40.59620596205962,Low,High,Markdown
72803A,ROSE SCENT CANDLE JEWELLED DRAWER,715,1498.19,91,0.9688346883468835,32,6.781842818428184,13.563685636856368,Low,Low,Healthy
72803B,OCEAN SCENT CANDLE JEWELLED DRAWER,88,374.0,34,0.11924119241192412,259,0.8346883468834688,1.6693766937669376,Low,High,Markdown
72805,VANILLA CANDLE IN EMBOSSED ZINC POT,10,16.9,3,0.013550135501355014,166,0.0948509485094851,0.1897018970189702,Low,High,Markdown
72807A,SET/3 ROSE CANDLE IN JEWELLED BOX,815,3320.31,137,1.1043360433604337,223,7.730352303523036,15.460704607046072,Low,High,Markdown
72807B,SET/3 OCEAN SCENT CANDLE JEWEL BOX,955,3884.51,162,1.2940379403794038,99,9.058265582655826,18.116531165311653,Low,High,Markdown
72807C,SET/3 VANILLA SCENTED CANDLE IN BOX,1835,7364.91,238,2.486449864498645,62,17.405149051490515,34.81029810298103,Low,Low,Healthy
72811,SMALL ZINC/GLASS CANDLEHOLDER,441,328.77,20,0.5975609756097561,108,4.182926829268292,8.365853658536585,Low,High,Markdown
72812,LARGE ZINC/GLASS CANDLEHOLDER,78,175.98,16,0.10569105691056911,167,0.7398373983739838,1.4796747967479675,Low,High,Markdown
72814,SET/3 CHRISTMAS BRIAR CANDLES,259,932.85,49,0.3509485094850949,114,2.456639566395664,4.913279132791328,Low,High,Markdown
72815,3 WICK CHRISTMAS BRIAR CANDLE ,260,975.0,59,0.3523035230352303,170,2.4661246612466123,4.932249322493225,Low,High,Markdown
72816,SET/3 CHRISTMAS DECOUPAGE CANDLES,1202,1293.32,75,1.6287262872628727,21,11.401084010840108,22.802168021680217,High,Low,Reorder
72817,SET/2 CHRISTMAS DECOUPAGE CANDLES,1237,1193.0900000000001,122,1.6761517615176151,41,11.733062330623305,23.46612466124661,Low,Low,Healthy
72818,CHRISTMAS DECOUPAGE CANDLE,2341,1206.31,106,3.1720867208672088,26,22.20460704607046,44.40921409214092,High,Low,Reorder
72819,CUPID DESIGN SCENTED CANDLES,660,1015.1,64,0.8943089430894309,225,6.260162601626016,12.520325203252032,Low,High,Markdown
72821,CUPID SCENTED CANDLE IN GLASS,61,100.65,14,0.08265582655826559,133,0.5785907859078592,1.1571815718157183,Low,High,Markdown
75011,BLUE DAISY MOBILE,181,172.51,15,0.24525745257452575,291,1.7168021680216803,3.4336043360433606,Low,High,Markdown
75013B,"STRING OF 8 BUTTERFLIES,PINK",360,571.05,58,0.4878048780487805,102,3.4146341463414633,6.829268292682927,Low,High,Markdown
75049L,LARGE CIRCULAR MIRROR MOBILE,13566,12173.5,230,18.382113821138212,198,128.6747967479675,257.349593495935,High,Low,Reorder
75131,METAL TUBE CHIME ON BAMBOO,1210,1526.26,62,1.6395663956639566,229,11.476964769647696,22.95392953929539,Low,High,Markdown
75149N,STRING CRYSTALS NATURAL,272,340.0,25,0.3685636856368564,143,2.5799457994579944,5.159891598915989,Low,High,Markdown
75172,PAINTED SEA SHELL METAL WINDCHIME,97,100.31,11,0.13143631436314362,132,0.9200542005420054,1.8401084010840107,Low,High,Markdown
75178,ASSTD COL BUTTERFLY/CRYSTAL W/CHIME,475,235.19,16,0.6436314363143631,31,4.505420054200542,9.010840108401084,Low,Low,Healthy
77079,DOLPHIN WINDMILL,62,131.44,11,0.08401084010840108,145,0.5880758807588076,1.1761517615176151,Low,High,Markdown
77081,FLOWER WINDMILL,219,255.51000000000002,18,0.2967479674796748,72,2.0772357723577235,4.154471544715447,Low,High,Markdown
77101A,UNION FLAG WINDSOCK,1052,1180.48,69,1.4254742547425474,159,9.978319783197833,19.956639566395665,Low,High,Markdown
78026,SEAGRASS S/3 SQU LAUNDRY BOX,11,110.0,1,0.014905149051490514,116,0.1043360433604336,0.2086720867208672,Low,High,Markdown
78027,SEAGRASS S/2 CORNER LAUNDRY ,4,51.9,3,0.005420054200542005,24,0.037940379403794036,0.07588075880758807,Low,High,Markdown
78033,FLAG OF ST GEORGE CHAIR,73,352.75,14,0.0989159891598916,76,0.6924119241192411,1.3848238482384823,Low,High,Markdown
78034B,BLUE NETTING STORAGE HANGER,15,29.25,9,0.02032520325203252,88,0.14227642276422764,0.2845528455284553,Low,High,Markdown
78056,CAMOUFLAGE BACKPACK ON WHEELS,2,19.9,1,0.0027100271002710027,137,0.018970189701897018,0.037940379403794036,Low,High,Markdown
78124,MAGAZINE RACK GEBRA ASSORTED ,718,942.5,26,0.9728997289972899,78,6.8102981029810294,13.620596205962059,Low,High,Markdown
79000,MOROCCAN TEA GLASS,11309,8407.609999999999,333,15.323848238482384,52,107.26693766937669,214.53387533875338,High,Low,Reorder
79026B,"S/4 ICON COASTER,ELVIS LIVES",51,43.11,22,0.06910569105691057,69,0.483739837398374,0.967479674796748,Low,High,Markdown
79029,GLASS HONEYPOT WASP CATCHER,2849,5073.15,292,3.8604336043360434,38,27.023035230352303,54.046070460704605,High,Low,Reorder
79030A,"TUMBLER, ENGLISH ROSE",151,249.15,20,0.2046070460704607,233,1.432249322493225,2.86449864498645,Low,High,Markdown
79030D,"TUMBLER, BAROQUE",881,538.89,41,1.1937669376693767,216,8.356368563685637,16.712737127371273,Low,High,Markdown
79030G,"TUMBLER, NEW ENGLAND",1692,1158.84,93,2.292682926829268,66,16.048780487804876,32.09756097560975,Low,Low,Healthy
79051A,SMOKEY GREY COLOUR D.O.F. GLASS,891,331.83,46,1.2073170731707317,186,8.451219512195122,16.902439024390244,Low,High,Markdown
79062D,"RETRO TIN ASHTRAY,REVOLUTIONARY",52,19.4,4,0.07046070460704607,160,0.49322493224932246,0.9864498644986449,Low,High,Markdown
79063C,"RETRO PILL BOX KEY CHAIN,THE KING",235,43.65,14,0.31842818428184283,103,2.2289972899728996,4.457994579945799,Low,High,Markdown
79063D,"RETRO PILL BOX , REVOLUTIONARY",188,34.72,10,0.25474254742547425,201,1.7831978319783197,3.5663956639566394,Low,High,Markdown
79065A,TEATIME ROUND CAKE TINS ,4,39.8,1,0.005420054200542005,98,0.037940379403794036,0.07588075880758807,Low,High,Markdown
79066K,RETRO MOD TRAY,1272,1030.86,173,1.7235772357723578,234,12.065040650406505,24.13008130081301,Low,High,Markdown
79067,CORONA MEXICAN TRAY,1454,5143.7,275,1.970189701897019,33,13.791327913279133,27.582655826558266,Low,Low,Healthy
79071B,ENGLISH ROSE METAL WASTE BIN,136,401.20000000000005,60,0.1842818428184282,234,1.2899728997289972,2.5799457994579944,Low,High,Markdown
79072,TEATIME CAKE TIN WITH HANDLE,230,2168.5,63,0.3116531165311653,147,2.181571815718157,4.363143631436314,Low,High,Markdown
79140,ASS WINDPROOF MARIJUANA LIGHTERS,15,6.3,2,0.02032520325203252,267,0.14227642276422764,0.2845528455284553,Low,High,Markdown
79144B,PAINTED LIGHTBULB STAR+ MOON,259,105.17999999999999,40,0.3509485094850949,48,2.456639566395664,4.913279132791328,Low,High,Markdown
79144C,PAINTED LIGHTBULB RAINBOW DESIGN,171,68.22,23,0.23170731707317074,299,1.6219512195121952,3.2439024390243905,Low,High,Markdown
79149B,SILICON STAR BULB  BLUE,29,12.18,12,0.03929539295392954,221,0.2750677506775068,0.5501355013550135,Low,High,Markdown
79151B,"SILICON CUBE 25W, BLUE",11,4.62,2,0.014905149051490514,76,0.1043360433604336,0.2086720867208672,Low,High,Markdown
79157B,UBO-LIGHT TRIOBASE BLUE,5,4.25,3,0.006775067750677507,237,0.04742547425474255,0.0948509485094851,Low,High,Markdown
79157V,UBO-LIGHT TRIOBASE PURPLE,5,4.25,3,0.006775067750677507,81,0.04742547425474255,0.0948509485094851,Low,High,Markdown
79160,HEART SHAPE WIRELESS DOORBELL,813,1530.18,137,1.1016260162601625,176,7.711382113821138,15.422764227642276,Low,High,Markdown
79161A,ST GEORGE SET OF 10 PARTY LIGHTS,51,150.45000000000002,16,0.06910569105691057,221,0.483739837398374,0.967479674796748,Low,High,Markdown
79163,BLACK CHAMPAGNE GLASS,1811,1102.17,56,2.453929539295393,36,17.177506775067748,34.355013550135496,Low,Low,Healthy
79164,BLACK WINE GLASS,3624,2573.76,67,4.9105691056910565,25,34.3739837398374,68.7479674796748,High,Low,Reorder
79172D,PURPLE TINT ACRYLIC FLOWER VASE,24,20.4,4,0.032520325203252036,77,0.22764227642276424,0.4552845528455285,Low,High,Markdown
79190A,RETRO PLASTIC 70'S TRAY,711,298.62,73,0.9634146341463414,188,6.7439024390243905,13.487804878048781,Low,High,Markdown
79190B,RETRO PLASTIC POLKA TRAY,1389,523.38,96,1.8821138211382114,101,13.174796747967479,26.349593495934958,Low,Low,Healthy
79190D,RETRO PLASTIC DAISY TRAY,575,241.5,73,0.7791327913279132,238,5.453929539295393,10.907859078590786,Low,High,Markdown
79191B,RETRO PLASTIC POLKA TRAY,451,351.66999999999996,53,0.6111111111111112,196,4.277777777777779,8.555555555555557,Low,High,Markdown
79191C,RETRO PLASTIC ELEPHANT TRAY,1566,1204.3799999999999,131,2.1219512195121952,223,14.853658536585368,29.707317073170735,Low,High,Markdown
79191D,RETRO PLASTIC DAISY TRAY,105,89.25,31,0.14227642276422764,90,0.9959349593495934,1.9918699186991868,Low,High,Markdown
79192A,RETRO PLASTIC 70'S TRAY,106,132.5,30,0.14363143631436315,285,1.005420054200542,2.010840108401084,Low,High,Markdown
79301,FEATHER HEART LIGHTS,1,2.95,1,0.0013550135501355014,117,0.009485094850948509,0.018970189701897018,Low,High,Markdown
79302M,"ART LIGHTS,FUNK MONKEY",589,1579.95,76,0.7981029810298103,227,5.586720867208672,11.173441734417343,Low,High,Markdown
79303A,WHITE ROHMBIC BLOCK TABLE LAMP,2,5.9,1,0.0027100271002710027,21,0.018970189701897018,0.037940379403794036,Low,High,Markdown
79303B,BLUE STAR BLOCK TABLE LAMP,103,303.85,4,0.13956639566395665,143,0.9769647696476965,1.953929539295393,Low,High,Markdown
79303D,LILAC FLOWER BLOCK TABLE LAMP,64,188.8,7,0.08672086720867209,299,0.6070460704607046,1.2140921409214092,Low,High,Markdown
79308B,MOSAIC CANDLE DISH BLUE PURPLE,144,122.4,2,0.1951219512195122,93,1.3658536585365855,2.731707317073171,Low,High,Markdown
79315W,FLYING SAUCER TABLE LIGHT IN WHITE,191,563.45,7,0.2588075880758808,185,1.8116531165311653,3.6233062330623307,Low,High,Markdown
79320, FLAMINGO LIGHTS,862,3940.7000000000003,122,1.1680216802168022,41,8.176151761517616,16.352303523035232,Low,Low,Healthy
79321,CHILLI LIGHTS,14843,69084.3,922,20.112466124661246,173,140.78726287262873,281.57452574525746,High,Low,Reorder
79323B,BLACK CHERRY LIGHTS,231,1421.45,48,0.3130081300813008,238,2.1910569105691056,4.382113821138211,Low,High,Markdown
79323G,GOLD  CHERRY LIGHTS,300,1817.0,51,0.4065040650406504,176,2.845528455284553,5.691056910569106,Low,High,Markdown
79323GR,GREEN CHERRY LIGHTS,524,3100.2000000000003,76,0.7100271002710027,249,4.970189701897019,9.940379403794038,Low,High,Markdown
79323LP,LIGHT PINK CHERRY LIGHTS,1420,8311.0,159,1.924119241192412,39,13.468834688346885,26.93766937669377,Low,Low,Healthy
79323P,PINK CHERRY LIGHTS,2234,13198.1,229,3.02710027100271,60,21.18970189701897,42.37940379403794,Low,Low,Healthy
79323S, SILVER CHERRY LIGHTS,323,1933.25,46,0.43766937669376693,167,3.0636856368563685,6.127371273712737,Low,High,Markdown
79323W, WHITE CHERRY LIGHTS,2948,17384.8,313,3.994579945799458,127,27.962059620596207,55.924119241192415,Low,Low,Healthy
79328,BLUE FLOCK GLASS CANDLEHOLDER,586,235.38,11,0.7940379403794038,103,5.558265582655826,11.116531165311653,Low,High,Markdown
79329,PINK FLOCK GLASS CANDLEHOLDER,100,65.94,7,0.13550135501355012,153,0.9485094850948509,1.8970189701897018,Low,High,Markdown
79331,PINK FLOCK GLASS CANDLEHOLDER,60,73.60000000000001,9,0.08130081300813008,226,0.5691056910569106,1.1382113821138211,Low,High,Markdown
79336,LIGHT PINK FLOCK GLASS CANDLEHOLDER,832,342.83,16,1.127371273712737,285,7.891598915989159,15.783197831978319,Low,High,Markdown
79337,BLUE FLOCK GLASS CANDLEHOLDER,1191,491.95,19,1.613821138211382,92,11.296747967479675,22.59349593495935,Low,Low,Healthy
79338,DARK PINK FLOCK GLASS CANDLEHOLDER,547,231.99,10,0.7411924119241192,67,5.188346883468834,10.376693766937668,Low,High,Markdown
79341,WILLOW BRANCH LIGHTS.,703,4121.25,63,0.9525745257452575,252,6.668021680216802,13.336043360433605,Low,High,Markdown
79342B,BROWN FLOWER LIGHTS,109,688.95,24,0.14769647696476965,119,1.0338753387533874,2.067750677506775,Low,High,Markdown
79403,FROSTED WHITE BASE ,197,167.45,23,0.2669376693766938,78,1.8685636856368564,3.7371273712737128,Low,High,Markdown
79406,FROSTED WHITE BASE ,245,53.900000000000006,15,0.3319783197831978,277,2.323848238482385,4.64769647696477,Low,High,Markdown
79413,GLASS WINE GLASS DECORATIONS,30,37.5,9,0.04065040650406504,84,0.2845528455284553,0.5691056910569106,Low,High,Markdown
79532,MOSAIC GLASS BALL CANDLEHOLDER,97,121.25,18,0.13143631436314362,102,0.9200542005420054,1.8401084010840107,Low,High,Markdown
79534,MULTICOLOUR GLASS PLATE,116,63.800000000000004,16,0.15718157181571815,173,1.100271002710027,2.200542005420054,Low,High,Markdown
81950B,FLOWER BLUE CLOCK W/SUCKER,196,101.64,23,0.26558265582655827,285,1.859078590785908,3.718157181571816,Low,High,Markdown
81950V,FLOWER PURPLE CLOCK W/SUCKER,32,18.799999999999997,10,0.04336043360433604,98,0.3035230352303523,0.6070460704607046,Low,High,Markdown
81952B,ROUND BLUE CLOCK W/SUCKER,248,74.6,16,0.33604336043360433,169,2.3523035230352303,4.7046070460704605,Low,High,Markdown
81952V,ROUND PURPLE CLOCK W/SUCKER,451,138.25,34,0.6111111111111112,67,4.277777777777779,8.555555555555557,Low,High,Markdown
81953B,ROUND ARTICULATED BLUE CLOCK W/SUCK,14,4.64,6,0.018970189701897018,267,0.13279132791327913,0.26558265582655827,Low,High,Markdown
81953P,ROUND ARTICULATED PINK CLOCK W/SUCK,33,9.57,6,0.044715447154471545,297,0.3130081300813008,0.6260162601626016,Low,High,Markdown
81985A,"ICON ALARM CLOCK,FUSCHIA  PIN UP",23,58.65,7,0.03116531165311653,117,0.2181571815718157,0.4363143631436314,Low,High,Markdown
82001S,VINYL RECORD FRAME SILVER,2822,9787.06,196,3.823848238482385,44,26.766937669376695,53.53387533875339,High,Low,Reorder
82011A,"BATHROOM SCALES, TROPICAL BEACH",35,131.25,23,0.04742547425474255,87,0.33197831978319786,0.6639566395663957,Low,High,Markdown
82011B,BATHROOM SCALES RUBBER DUCKS,84,287.8,39,0.11382113821138211,26,0.7967479674796748,1.5934959349593496,Low,High,Markdown
82011C,BATHROOM SCALES FOOTPRINTS IN SAND,95,324.25,42,0.12872628726287264,156,0.9010840108401085,1.802168021680217,Low,High,Markdown
82011E,"BATHROOM SCALES, FAG BREAK",2,7.5,2,0.0027100271002710027,183,0.018970189701897018,0.037940379403794036,Low,High,Markdown
82069,BEECH WOOD P/FRAME,5,36.25,2,0.006775067750677507,102,0.04742547425474255,0.0948509485094851,Low,High,Markdown
82072,WHITE WOOD SINGLE P/FRAME,5,6.25,3,0.006775067750677507,157,0.04742547425474255,0.0948509485094851,Low,High,Markdown
82076,BEECH WOOD PHOTO FRAME ,271,338.75,6,0.36720867208672087,92,2.5704607046070462,5.1409214092140925,Low,High,Markdown
82081,PINK HEARTS PHOTO ALBUM,159,336.25,12,0.21544715447154472,256,1.5081300813008132,3.0162601626016263,Low,High,Markdown
82093,HEART SHAPE BUTTON FRAME ,100,150.0,7,0.13550135501355012,65,0.9485094850948509,1.8970189701897018,Low,High,Markdown
82095,HEART BUTTONS JEWELLERY BOX,39,298.35,22,0.052845528455284556,125,0.3699186991869919,0.7398373983739838,Low,High,Markdown
82482,WOODEN PICTURE FRAME WHITE FINISH,15643,37011.1,1658,21.196476964769648,281,148.37533875338752,296.75067750677505,High,Low,Reorder
82483,WOOD 2 DRAWER CABINET WHITE FINISH,4774,27952.22,1053,6.468834688346884,195,45.28184281842819,90.56368563685638,Low,Low,Healthy
82484,WOOD BLACK BOARD ANT WHITE FINISH,9678,54525.36,1048,13.113821138211382,185,91.79674796747967,183.59349593495935,Low,Low,Healthy
82486,WOOD S/3 CABINET ANT WHITE FINISH,4620,36487.88,1188,6.260162601626016,164,43.82113821138211,87.64227642276423,Low,Low,Healthy
82494L,WOODEN FRAME ANTIQUE WHITE ,14368,39909.170000000006,1773,19.468834688346885,73,136.2818428184282,272.5636856368564,High,Low,Reorder
82545A,COGNAC AUX OEUFS METAL 1 HOOK,31,38.75,11,0.04200542005420054,197,0.2940379403794038,0.5880758807588076,Low,High,Markdown
82551,LAUNDRY 15C METAL SIGN,5350,7401.59,550,7.249322493224932,263,50.74525745257453,101.49051490514906,Low,Low,Healthy
82552,WASHROOM METAL SIGN,6746,9080.01,654,9.140921409214092,146,63.986449864498645,127.97289972899729,Low,Low,Healthy
82553,POP'S GREASY SPOON METAL SIGN,86,141.9,20,0.11653116531165311,290,0.8157181571815718,1.6314363143631436,Low,High,Markdown
82567,"AIRLINE LOUNGE,METAL SIGN",892,1840.91,290,1.2086720867208671,151,8.46070460704607,16.92140921409214,Low,High,Markdown
82578,KITCHEN METAL SIGN,5391,2879.3500000000004,544,7.304878048780488,112,51.13414634146341,102.26829268292683,Low,Low,Healthy
82580,BATHROOM METAL SIGN,12594,6683.860000000001,927,17.065040650406505,92,119.45528455284554,238.91056910569108,High,Low,Reorder
82581,TOILET METAL SIGN,8125,4337.97,728,11.009485094850948,267,77.06639566395664,154.13279132791328,Low,Low,Healthy
82582,AREA PATROLLED METAL SIGN,7346,14563.1,696,9.953929539295393,292,69.67750677506776,139.3550135501355,Low,Low,Healthy
82583,HOT BATHS METAL SIGN,11797,23010.120000000003,820,15.98509485094851,62,111.89566395663957,223.79132791327913,High,Low,Reorder
82585,SWEET VALENCIA CANDLE+CUP,131,154.63,21,0.17750677506775067,60,1.2425474254742548,2.4850948509485096,Low,High,Markdown
82587,TEXRIO TOMATOES CANDLE+CUP,118,142.94,32,0.15989159891598917,189,1.119241192411924,2.238482384823848,Low,High,Markdown
82597,BOMBS AWAY METAL SIGN,1153,2332.7400000000002,163,1.562330623306233,231,10.936314363143632,21.872628726287264,Low,High,Markdown
82599,FANNY'S REST STOPMETAL SIGN,2312,4695.3,354,3.1327913279132793,187,21.929539295392956,43.85907859078591,Low,Low,Healthy
82600,NO SINGING METAL SIGN,12391,24620.820000000003,1005,16.789972899728998,58,117.52981029810299,235.05962059620597,High,Low,Reorder
82605,OLD DOC.RUSSEL METAL SIGN,218,457.8,87,0.2953929539295393,264,2.067750677506775,4.13550135501355,Low,High,Markdown
82607A,GLASS BONBON JAR PARFUME AUX FLEURE,568,684.73,88,0.7696476964769647,170,5.387533875338753,10.775067750677506,Low,High,Markdown
82607C,GLASS BONBON JAR. SUPERFINES,90,112.5,21,0.12195121951219512,130,0.8536585365853658,1.7073170731707317,Low,High,Markdown
82607E,GLASS BONBON JAR. D'AMANDES,101,126.25,25,0.13685636856368563,66,0.9579945799457994,1.9159891598915988,Low,High,Markdown
82613A,"METAL SIGN,CUPCAKE SINGLE HOOK",448,560.0,81,0.6070460704607046,82,4.249322493224932,8.498644986449865,Low,High,Markdown
82613B,"METAL SIGN,CUPCAKE SINGLE HOOK",638,565.1,94,0.8644986449864499,244,6.051490514905149,12.102981029810298,Low,High,Markdown
82613C,"METAL SIGN,CUPCAKE SINGLE HOOK",526,441.7,71,0.7127371273712737,88,4.989159891598916,9.978319783197833,Low,High,Markdown
82613D,METAL SIGN CUPCAKE SINGLE HOOK,852,749.6,126,1.1544715447154472,222,8.08130081300813,16.16260162601626,Low,High,Markdown
82615,PINK MARSHMALLOW SCARF KNITTING KIT,567,1526.25,76,0.7682926829268293,80,5.378048780487805,10.75609756097561,Low,High,Markdown
82616A,BUBBLE GUM SCARF KNITTING KIT,306,576.3000000000001,46,0.4146341463414634,180,2.902439024390244,5.804878048780488,Low,High,Markdown
82616B,FRAPPUCINO SCARF KNITTING KIT,533,794.9300000000001,75,0.7222222222222222,35,5.055555555555555,10.11111111111111,Low,Low,Healthy
82616C,MIDNIGHT GLAMOUR SCARF KNITTING KIT,539,791.22,78,0.7303523035230353,113,5.112466124661247,10.224932249322494,Low,High,Markdown
84006,MAGIC TREE -PAPER FLOWERS,1655,1406.75,142,2.2425474254742546,157,15.697831978319781,31.395663956639563,Low,High,Markdown
84007,MAGIC GARDEN MOUNT FUJI,152,387.6,37,0.20596205962059622,57,1.4417344173441735,2.883468834688347,Low,High,Markdown
84012,MAGIC SHEEP WOOL GROWING FROM PAPER,1781,2516.75,155,2.413279132791328,146,16.892953929539296,33.78590785907859,Low,High,Markdown
84016,FLAG OF ST GEORGE CAR FLAG,978,389.76,46,1.3252032520325203,294,9.276422764227643,18.552845528455286,Low,High,Markdown
84029C,BROWN FURRY HOT WATER BOTTLE,191,665.05,38,0.2588075880758808,183,1.8116531165311653,3.6233062330623307,Low,High,Markdown
84029D,LEOPARD PRINT HOT WATER BOTTLE,46,153.3,12,0.06233062330623306,96,0.4363143631436314,0.8726287262872628,Low,High,Markdown
84029E,RED WOOLLY HOTTIE WHITE HEART.,9259,31876.47,956,12.546070460704607,193,87.82249322493224,175.6449864498645,Low,Low,Healthy
84029G,KNITTED UNION FLAG HOT WATER BOTTLE,5724,20838.9,758,7.7560975609756095,110,54.292682926829265,108.58536585365853,Low,Low,Healthy
84030B,KNITTED POM POM HOT WATER BOTTLE,5,18.75,3,0.006775067750677507,257,0.04742547425474255,0.0948509485094851,Low,High,Markdown
84030C,KNITTED RAINBOW HOT WATER BOTTLE,20,75.0,5,0.02710027100271003,283,0.1897018970189702,0.3794037940379404,Low,High,Markdown
84030E,ENGLISH ROSE HOT WATER BOTTLE,2018,8191.91,408,2.734417344173442,198,19.140921409214094,38.28184281842819,Low,High,Markdown
84031A,CHARLIE+LOLA RED HOT WATER BOTTLE ,716,2223.32,133,0.9701897018970189,228,6.791327913279132,13.582655826558264,Low,High,Markdown
84031B,CHARLIE LOLA BLUE HOT WATER BOTTLE ,544,1720.04,109,0.7371273712737128,92,5.159891598915989,10.319783197831978,Low,High,Markdown
84032A,CHARLIE+LOLA PINK HOT WATER BOTTLE,2280,4745.26,346,3.089430894308943,126,21.6260162601626,43.2520325203252,Low,Low,Healthy
84032B,CHARLIE + LOLA RED HOT WATER BOTTLE,2788,5741.6,405,3.7777777777777777,201,26.444444444444443,52.888888888888886,Low,Low,Healthy
84033,FLAG OF ST GEORGE ,381,628.65,44,0.516260162601626,56,3.613821138211382,7.227642276422764,Low,High,Markdown
84050,PINK HEART SHAPE EGG FRYING PAN,9547,13316.63,557,12.936314363143632,156,90.55420054200542,181.10840108401084,High,Low,Reorder
84051,ASS COLOUR GLOWING TIARAS,697,542.05,52,0.9444444444444444,75,6.611111111111111,13.222222222222221,Low,High,Markdown
84077,WORLD WAR 2 GLIDERS ASSTD DESIGNS,105185,24098.03,920,142.52710027100272,206,997.6897018970191,1995.3794037940381,High,Low,Reorder
84078A,SET/4 WHITE RETRO STORAGE CUBES ,1007,36259.65,234,1.3644986449864498,277,9.551490514905149,19.102981029810298,Low,High,Markdown
84081,WHITE CERAMIC PARTY SET (5PCS),94,337.58,15,0.12737127371273713,77,0.8915989159891599,1.7831978319783197,Low,High,Markdown
84086B,YELLOW/BLUE RETRO RADIO,24,70.80000000000001,12,0.032520325203252036,142,0.22764227642276424,0.4552845528455285,Low,High,Markdown
84086C,PINK/PURPLE RETRO RADIO,190,560.5,34,0.25745257452574527,207,1.802168021680217,3.604336043360434,Low,High,Markdown
84192,ASSORTED COLOUR METAL CAT ,226,271.1,38,0.3062330623306233,249,2.1436314363143634,4.287262872628727,Low,High,Markdown
84199,GLOW IN DARK DOLPHINS,511,104.79,62,0.6924119241192412,187,4.8468834688346885,9.693766937669377,Low,High,Markdown
84201B,HAPPY BIRTHDAY CARD STRIPEY TEDDY,28,5.32,6,0.037940379403794036,133,0.26558265582655827,0.5311653116531165,Low,High,Markdown
84201C,HAPPY BIRTHDAY CARD TEDDY/CAKE,10,1.9,3,0.013550135501355014,271,0.0948509485094851,0.1897018970189702,Low,High,Markdown
84205C,HAPPY BIRTHDAY GINGER CAT CARD,2,0.38,1,0.0027100271002710027,126,0.018970189701897018,0.037940379403794036,Low,High,Markdown
84206A,3 BLACK CATS W HEARTS BLANK CARD,79,15.01,9,0.1070460704607046,56,0.7493224932249323,1.4986449864498645,Low,High,Markdown
84206B,CAT W SUNGLASSES BLANK CARD,9,1.71,2,0.012195121951219513,111,0.08536585365853659,0.17073170731707318,Low,High,Markdown
84206C,CHAMPAGNE TRAY BLANK CARD,10,1.9,4,0.013550135501355014,37,0.0948509485094851,0.1897018970189702,Low,High,Markdown
84212,"ASSORTED FLOWER COLOUR ""LEIS""",24665,11759.77,258,33.421409214092144,82,233.949864498645,467.89972899729,High,Low,Reorder
84218,BOX/12 CHICK & EGG IN BASKET,254,479.7,89,0.34417344173441733,169,2.409214092140921,4.818428184281842,Low,High,Markdown
84219,BOX/12 MOTHER & CHICK IN BASKET/BOW,96,220.79999999999998,26,0.13008130081300814,158,0.910569105691057,1.821138211382114,Low,High,Markdown
84226,HEN HOUSE W FAMILY IN BARN & NEST,75,56.61,17,0.1016260162601626,205,0.7113821138211383,1.4227642276422765,Low,High,Markdown
84227,HEN HOUSE W CHICK IN NEST,112,47.04,13,0.15176151761517614,204,1.062330623306233,2.124661246612466,Low,High,Markdown
84228,HEN HOUSE W CHICK STANDING,322,129.24,23,0.4363143631436314,224,3.05420054200542,6.10840108401084,Low,High,Markdown
84231,EASTER BUNNY WITH BASKET ON BACK,204,132.6,34,0.2764227642276423,279,1.934959349593496,3.869918699186992,Low,High,Markdown
84247C,PACK/12 BLUE REINDEER CARD,72,212.40000000000003,22,0.0975609756097561,233,0.6829268292682927,1.3658536585365855,Low,High,Markdown
84247E,PACK/12 XMAS FUN CARD,303,874.6500000000001,69,0.4105691056910569,275,2.8739837398373984,5.747967479674797,Low,High,Markdown
84247G,"DECOUPAGE,GREETING CARD,",1332,554.4,87,1.8048780487804879,154,12.634146341463415,25.26829268292683,Low,High,Markdown
84247H,PACK/12 DECOUPAGE CARD,35,103.25000000000001,14,0.04742547425474255,80,0.33197831978319786,0.6639566395663957,Low,High,Markdown
84247J,PACK/12 RUSSIAN DOLL CARDS,2,5.9,2,0.0027100271002710027,107,0.018970189701897018,0.037940379403794036,Low,High,Markdown
84247K,"FOLK ART GREETING CARD,pack/12",70,206.5,24,0.0948509485094851,226,0.6639566395663957,1.3279132791327914,Low,High,Markdown
84247L,FAWN AND MUSHROOM GREETING CARD,1088,456.96,82,1.4742547425474255,148,10.319783197831978,20.639566395663955,Low,High,Markdown
84247N,PACK/12 BLUE FOLKART CARDS,96,283.20000000000005,39,0.13008130081300814,22,0.910569105691057,1.821138211382114,Low,High,Markdown
84249A,"GREETING CARD,SQUARE, DOUGHNUTS",238,101.6,20,0.3224932249322493,261,2.257452574525745,4.51490514905149,Low,High,Markdown
84249D,FAIRY CAKE GREETINGS CARD,809,335.46,55,1.0962059620596205,140,7.673441734417343,15.346883468834687,Low,High,Markdown
84250M,"GREETING CARD, BLACKPOOL ROCK",12,2.28,1,0.016260162601626018,121,0.11382113821138212,0.22764227642276424,Low,High,Markdown
84251B,"GREETING CARD, STICKY GORDON",231,43.88999999999999,22,0.3130081300813008,57,2.1910569105691056,4.382113821138211,Low,High,Markdown
84251C,"GREETING CARD, TWO SISTERS.",132,25.08,14,0.17886178861788618,152,1.2520325203252032,2.5040650406504064,Low,High,Markdown
84251F,"GREETING CARD, RITA",312,59.279999999999994,31,0.42276422764227645,221,2.959349593495935,5.91869918699187,Low,High,Markdown
84251G,"GREETING CARD, OVERCROWDED POOL.",360,68.39999999999999,34,0.4878048780487805,40,3.4146341463414633,6.829268292682927,Low,High,Markdown
84251J,"GREETING CARD, THE BLACK CAT",60,25.2,4,0.08130081300813008,261,0.5691056910569106,1.1382113821138211,Low,High,Markdown
84255A,PINK GLASS COCKTAIL LAMP,2,4.2,2,0.0027100271002710027,128,0.018970189701897018,0.037940379403794036,Low,High,Markdown
84255B,ORANGE COCKTAIL GLASS LAMP,60,126.00000000000001,14,0.08130081300813008,103,0.5691056910569106,1.1382113821138211,Low,High,Markdown
84270,ASSTD DESIGN BUBBLE GUM RING,22410,4622.099999999999,385,30.365853658536587,102,212.5609756097561,425.1219512195122,High,Low,Reorder
84279B,CHERRY BLOSSOM DECORATIVE FLASK,777,2820.15,188,1.0528455284552845,88,7.369918699186991,14.739837398373982,Low,High,Markdown
84279P, CHERRY BLOSSOM  DECORATIVE FLASK,1057,3831.27,241,1.432249322493225,148,10.025745257452574,20.051490514905147,Low,High,Markdown
84288B,SET/2 BLUE  NOODLE BASKETS,57,111.14999999999999,21,0.07723577235772358,215,0.540650406504065,1.08130081300813,Low,High,Markdown
84292,ROSE PINK METAL FOLDING CHAIR,42,333.90000000000003,12,0.056910569105691054,159,0.3983739837398374,0.7967479674796748,Low,High,Markdown
84292B,BLUE COL METAL FOLDING CHAIR,7,43.85,4,0.009485094850948509,253,0.06639566395663957,0.13279132791327913,Low,High,Markdown
84306,S/3 PINK SQUARE PLANTERS ROSES,35,383.24999999999994,19,0.04742547425474255,42,0.33197831978319786,0.6639566395663957,Low,High,Markdown
84311,CAMOFLAGE CUSHION COVER,11,18.15,1,0.014905149051490514,172,0.1043360433604336,0.2086720867208672,Low,High,Markdown
84313A,PINK TV TRAY TABLE ,34,144.5,16,0.04607046070460705,296,0.3224932249322493,0.6449864498644986,Low,High,Markdown
84313B,BLUE TV TRAY TABLE ,158,513.74,45,0.2140921409214092,80,1.4986449864498645,2.997289972899729,Low,High,Markdown
84313C,ORANGE TV TRAY TABLE ,497,1061.15,47,0.6734417344173442,71,4.71409214092141,9.42818428184282,Low,High,Markdown
84327A,PINK JUMPER LARRY THE LAMB,949,1788.72,117,1.2859078590785908,172,9.001355013550135,18.00271002710027,Low,High,Markdown
84340,LARGE FIBRE OPTIC CHRISTMAS TREE,15,19.08,6,0.02032520325203252,256,0.14227642276422764,0.2845528455284553,Low,High,Markdown
84341B,SMALL PINK MAGIC CHRISTMAS TREE,1690,825.03,94,2.289972899728997,51,16.02981029810298,32.05962059620596,Low,Low,Healthy
84347,ROTATING SILVER ANGELS T-LIGHT HLDR,28606,55880.17,525,38.76151761517615,74,271.33062330623306,542.6612466124661,High,Low,Reorder
84352,SILVER CHRISTMAS TREE BAUBLE STAND ,198,3232.1,118,0.2682926829268293,55,1.878048780487805,3.75609756097561,Low,High,Markdown
84356,POMPOM CURTAIN,660,3155.0,94,0.8943089430894309,129,6.260162601626016,12.520325203252032,Low,High,Markdown
84358,FLOOR LAMP SHADE WOOD BASE,113,909.63,22,0.15311653116531165,196,1.0718157181571817,2.1436314363143634,Low,High,Markdown
84360,TABLE LAMP WHITE SHADE WOOD BASE,173,891.5500000000001,35,0.23441734417344173,116,1.640921409214092,3.281842818428184,Low,High,Markdown
84366,VENDETTA CANVAS PICTURE,2,7.5,2,0.0027100271002710027,232,0.018970189701897018,0.037940379403794036,Low,High,Markdown
84367,LA STREGA CANVAS PICTURE ,73,122.55000000000001,7,0.0989159891598916,156,0.6924119241192411,1.3848238482384823,Low,High,Markdown
84371,BIG PINK POODLE,28,213.7,4,0.037940379403794036,25,0.26558265582655827,0.5311653116531165,Low,High,Markdown
84375,SET OF 20 KIDS COOKIE CUTTERS,7275,14558.970000000001,626,9.857723577235772,128,69.0040650406504,138.0081300813008,High,Low,Reorder
84378,SET OF 3 HEART COOKIE CUTTERS,11007,13862.84,944,14.914634146341463,54,104.40243902439025,208.8048780487805,High,Low,Reorder
84380,SET OF 3 BUTTERFLY COOKIE CUTTERS,9592,11818.65,814,12.997289972899729,58,90.98102981029811,181.96205962059622,High,Low,Reorder
84387A,BIRD ON BRANCH CANVAS SCREEN,11,21.45,1,0.014905149051490514,169,0.1043360433604336,0.2086720867208672,Low,High,Markdown
84388,WISE MAN STAR SHAPE EGG PAN,70,89.03999999999999,22,0.0948509485094851,137,0.6639566395663957,1.3279132791327914,Low,High,Markdown
84396,6 HOOK JEWELLERY STAND BLACK DRESS,516,1071.6,28,0.6991869918699187,280,4.894308943089431,9.788617886178862,Low,High,Markdown
84402B,PURPLE DRESS JEWELLERY STAND,62,51.14,4,0.08401084010840108,106,0.5880758807588076,1.1761517615176151,Low,High,Markdown
84402D,PINK DRESS JEWELLERY STAND ,371,346.85,11,0.502710027100271,95,3.5189701897018972,7.0379403794037945,Low,High,Markdown
84405A,S/3 PINK COL METAL BASKET W HANDLE,122,900.3000000000001,45,0.16531165311653118,233,1.1571815718157183,2.3143631436314367,Low,High,Markdown
84406B,CREAM CUPID HEARTS COAT HANGER,6682,21256.0,724,9.05420054200542,258,63.37940379403794,126.75880758807588,Low,Low,Healthy
84414B,FUSCHIA/GREEN STRIPE WOOLLY BLANKET,77,497.15,8,0.1043360433604336,184,0.7303523035230353,1.4607046070460705,Low,High,Markdown
84415A,PINK FLOCK SUEDE CUSHION COVER ,14,22.5,3,0.018970189701897018,106,0.13279132791327913,0.26558265582655827,Low,High,Markdown
84415B,BLUE FLOCK CUSHION COVER ,8,20.0,3,0.01084010840108401,160,0.07588075880758807,0.15176151761517614,Low,High,Markdown
84422,PINK/BLUE DISC/MIRROR STRING,749,374.31,25,1.0149051490514904,179,7.1043360433604335,14.208672086720867,Low,High,Markdown
84424A,FOUR PICTURE WHITE GLASS FRAME,23,86.25,10,0.03116531165311653,65,0.2181571815718157,0.4363143631436314,Low,High,Markdown
84425A,WHITE GLASS TV TRIPLE FRAME,16,68.0,8,0.02168021680216802,131,0.15176151761517614,0.3035230352303523,Low,High,Markdown
84427B,BLACK GLASS TV DOUBLE P/FRAME 15X10,17,72.25,5,0.023035230352303523,64,0.16124661246612465,0.3224932249322493,Low,High,Markdown
84429A,MEDIUM PINK BUDDHA HEAD ,92,271.40000000000003,27,0.12466124661246612,266,0.8726287262872628,1.7452574525745257,Low,High,Markdown
84437A,S/6 PINK EASTER DECS IN BOX,105,89.25,17,0.14227642276422764,123,0.9959349593495934,1.9918699186991868,Low,High,Markdown
84447,6 RABBIT CHAIN EASTER,52,44.199999999999996,7,0.07046070460704607,104,0.49322493224932246,0.9864498644986449,Low,High,Markdown
84450A,PINK RABBIT SITTING EASTER,46,19.32,4,0.06233062330623306,153,0.4363143631436314,0.8726287262872628,Low,High,Markdown
84450B,YELLOW RABBIT SAT EASTER,70,29.4,7,0.0948509485094851,127,0.6639566395663957,1.3279132791327914,Low,High,Markdown
84452,METAL RABBIT LADDER EASTER ,176,149.6,26,0.23848238482384823,37,1.6693766937669376,3.3387533875338753,Low,High,Markdown
84454,WOBBLING METAL CHICKEN EASTER,85,72.25,13,0.11517615176151762,113,0.8062330623306233,1.6124661246612466,Low,High,Markdown
84455,SET OF 3 RABBIT CARROTS EASTER,78,66.3,16,0.10569105691056911,169,0.7398373983739838,1.4796747967479675,Low,High,Markdown
84456,SET OF 3 RABBIT EGG EASTER,33,28.049999999999997,12,0.044715447154471545,265,0.3130081300813008,0.6260162601626016,Low,High,Markdown
84457,SET/3 RABBITS FLOWER SKIPPPING ROPE,252,214.2,40,0.34146341463414637,228,2.3902439024390247,4.7804878048780495,Low,High,Markdown
84458,S/3 RABBIT FLOWER/EGG/CARROT ROPE,123,104.55,19,0.16666666666666666,145,1.1666666666666665,2.333333333333333,Low,High,Markdown
84459A,PINK METAL CHICKEN HEART ,1126,1582.7,107,1.5257452574525745,254,10.680216802168022,21.360433604336045,Low,High,Markdown
84459B,YELLOW METAL CHICKEN HEART ,1341,1903.05,137,1.8170731707317074,141,12.719512195121952,25.439024390243905,Low,High,Markdown
84461,12 PINK HEN+CHICKS IN BASKET,90,229.5,34,0.12195121951219512,157,0.8536585365853658,1.7073170731707317,Low,High,Markdown
84462,3 PINK HEN+CHICKS IN BASKET,99,112.35,13,0.13414634146341464,134,0.9390243902439025,1.878048780487805,Low,High,Markdown
84464,S/60 PINK FLUFFY CHICKS IN BOX,82,179.1,11,0.1111111111111111,181,0.7777777777777777,1.5555555555555554,Low,High,Markdown
84465,15 PINK FLUFFY CHICKS IN BOX,29,85.55000000000001,20,0.03929539295392954,220,0.2750677506775068,0.5501355013550135,Low,High,Markdown
84466,TOP SECRET PEN SET,1210,1231.6999999999998,49,1.6395663956639566,253,11.476964769647696,22.95392953929539,Low,High,Markdown
84467,ENGLISH ROSE DESIGN QUILTED THROW,306,4391.1,45,0.4146341463414634,47,2.902439024390244,5.804878048780488,Low,High,Markdown
84469,ROSE DES PADDED FLOOR CUSHION,653,2090.68,39,0.8848238482384824,30,6.193766937669377,12.387533875338754,Low,Low,Healthy
84472,PINK AND LILAC QUILTED THROW ,33,1450.4,25,0.044715447154471545,225,0.3130081300813008,0.6260162601626016,Low,High,Markdown
84482,BUTTONS DESIGN JEWELLERY BOX,71,266.25,28,0.09620596205962059,186,0.6734417344173441,1.3468834688346882,Low,High,Markdown
84493,BLUE/PINK NEST STRIPE BOX,1142,111.12,5,1.5474254742547426,266,10.831978319783198,21.663956639566397,Low,High,Markdown
84497,BUTTONS AND STRIPES NOTEBOOK ,90,337.5,32,0.12195121951219512,66,0.8536585365853658,1.7073170731707317,Low,High,Markdown
84499,BLACK FLOWER CANDLE PLATE,294,219.66,20,0.3983739837398374,265,2.7886178861788617,5.5772357723577235,Low,High,Markdown
84507B,STRIPES DESIGN MONKEY DOLL,1319,1622.85,89,1.7872628726287263,146,12.510840108401084,25.021680216802167,Low,High,Markdown
84507C,BLUE CIRCLES DESIGN MONKEY DOLL,425,594.15,62,0.575880758807588,166,4.031165311653116,8.062330623306233,Low,High,Markdown
84508A,CAMOFLAGE DESIGN TEDDY,3805,8073.75,104,5.1558265582655824,137,36.09078590785908,72.18157181571816,Low,Low,Healthy
84508B,STRIPES DESIGN TEDDY,159,405.45,65,0.21544715447154472,171,1.5081300813008132,3.0162601626016263,Low,High,Markdown
84508C,BLUE CIRCLES DESIGN TEDDY,96,244.8,36,0.13008130081300814,91,0.910569105691057,1.821138211382114,Low,High,Markdown
84509A,ENGLISH ROSE PLACEMATS,1179,4224.89,270,1.5975609756097562,156,11.182926829268293,22.365853658536587,Low,High,Markdown
84509B,FAIRY CAKE PLACEMATS,559,2009.8500000000001,139,0.7574525745257452,194,5.302168021680217,10.604336043360433,Low,High,Markdown
84509C,DOTTY PLACEMATS ,202,699.9000000000001,54,0.27371273712737126,38,1.9159891598915988,3.8319783197831976,Low,High,Markdown
84509E,CAROUSEL PLACEMATS ,133,187.31,12,0.1802168021680217,214,1.2615176151761518,2.5230352303523036,Low,High,Markdown
84509F,NEW ENGLAND PLACEMATS,2776,2418.0,43,3.761517615176152,194,26.33062330623306,52.66124661246612,Low,Low,Healthy
84509G,FAIRY CAKE PLACEMATS ,761,1836.75,125,1.0311653116531165,160,7.218157181571816,14.436314363143632,Low,High,Markdown
84510A,SET OF 4 ENGLISH ROSE COASTERS,2166,2670.54,307,2.934959349593496,265,20.544715447154474,41.08943089430895,Low,High,Markdown
84510B,SET OF 4 FAIRY CAKES COASTERS ,1094,1285.8,96,1.4823848238482384,112,10.376693766937668,20.753387533875337,Low,High,Markdown
84510C,SET OF 4 POLKADOTS COASTERS,224,278.62,67,0.3035230352303523,258,2.124661246612466,4.249322493224932,Low,High,Markdown
84510E,SET OF 4 GREEN CAROUSEL COASTERS,128,67.8,13,0.17344173441734417,224,1.2140921409214092,2.4281842818428183,Low,High,Markdown
84510F,SET OF 4 NEW ENGLAND COASTERS ,1092,415.0,31,1.4796747967479675,67,10.357723577235772,20.715447154471544,Low,Low,Healthy
84519A,TOMATO CHARLIE+LOLA COASTER SET,1139,2488.8900000000003,158,1.543360433604336,264,10.803523035230352,21.607046070460704,Low,High,Markdown
84519B,CARROT CHARLIE+LOLA COASTER SET,797,1528.7900000000002,156,1.0799457994579946,147,7.559620596205963,15.119241192411925,Low,High,Markdown
84520B,PACK 20 ENGLISH ROSE PAPER NAPKINS,6598,5096.74,528,8.940379403794038,36,62.582655826558266,125.16531165311653,High,Low,Reorder
84520D,PACK OF 20 FAIRY CAKE PAPER NAPKINS,619,505.98999999999995,61,0.8387533875338753,90,5.871273712737127,11.742547425474253,Low,High,Markdown
84522,PINK PARTY SUNGLASSES,178,298.5,20,0.24119241192411925,288,1.6883468834688347,3.3766937669376693,Low,High,Markdown
84526,GIANT BLACK SUNGLASSES,84,163.79999999999998,31,0.11382113821138211,26,0.7967479674796748,1.5934959349593496,Low,High,Markdown
84527,FLAMES SUNGLASSES PINK LENSES,71,131.25,19,0.09620596205962059,122,0.6734417344173441,1.3468834688346882,Low,High,Markdown
84529A,PINK KNITTED KIDS RUCKSACK,24,162.0,10,0.032520325203252036,212,0.22764227642276424,0.4552845528455285,Low,High,Markdown
84529B,BLUE KNITTED KID'S RUCKSACK,3,20.25,2,0.0040650406504065045,260,0.02845528455284553,0.05691056910569106,Low,High,Markdown
84529C,YELLOW KNITTED KIDS RUCKSACK,33,222.75,11,0.044715447154471545,81,0.3130081300813008,0.6260162601626016,Low,High,Markdown
84531A,PINK KNITTED EGG COSY,181,151.70999999999998,38,0.24525745257452575,36,1.7168021680216803,3.4336043360433606,Low,High,Markdown
84531B,BLUE KNITTED EGG COSY,187,155.60999999999999,38,0.25338753387533874,190,1.7737127371273713,3.5474254742547426,Low,High,Markdown
84532B,FAIRY CAKES RECTANGLUAR BOXES,38,226.1,23,0.051490514905149054,44,0.3604336043360434,0.7208672086720868,Low,High,Markdown
84533B,FAIRY CAKES ROUND NESTING BOXES,52,293.8,19,0.07046070460704607,270,0.49322493224932246,0.9864498644986449,Low,High,Markdown
84534B,FAIRY CAKE NOTEBOOK A5 SIZE,721,612.8499999999999,107,0.9769647696476965,272,6.838753387533876,13.677506775067751,Low,High,Markdown
84535A,ENGLISH ROSE NOTEBOOK A6 SIZE,575,300.15000000000003,48,0.7791327913279132,226,5.453929539295393,10.907859078590786,Low,High,Markdown
84535B,FAIRY CAKES NOTEBOOK A6 SIZE,2566,1570.97,248,3.4769647696476964,48,24.338753387533874,48.67750677506775,High,Low,Reorder
84536A,ENGLISH ROSE NOTEBOOK A7 SIZE,4478,1881.58,413,6.067750677506775,136,42.47425474254743,84.94850948509486,Low,Low,Healthy
84536B,FAIRY CAKES NOTEBOOK A7 SIZE,2861,1149.68,224,3.8766937669376693,163,27.136856368563684,54.27371273712737,Low,Low,Healthy
84537B,FAIRY CAKES GIFT BAG,117,49.14,11,0.15853658536585366,44,1.1097560975609757,2.2195121951219514,Low,High,Markdown
84539,KNITTED RABBIT DOLL ,33,54.449999999999996,9,0.044715447154471545,175,0.3130081300813008,0.6260162601626016,Low,High,Markdown
84546,CROCHET POODLE KEYRING,21,34.65,3,0.028455284552845527,92,0.1991869918699187,0.3983739837398374,Low,High,Markdown
84548,CROCHET BEAR RED/BLUE  KEYRING,41,67.64999999999999,12,0.05555555555555555,139,0.38888888888888884,0.7777777777777777,Low,High,Markdown
84549,CROCHET WHITE RABBIT KEYRING ,64,100.8,9,0.08672086720867209,112,0.6070460704607046,1.2140921409214092,Low,High,Markdown
84550,CROCHET LILAC/RED BEAR KEYRING,12,19.8,4,0.016260162601626018,105,0.11382113821138212,0.22764227642276424,Low,High,Markdown
84551,CROCHET DOG KEYRING,24,39.6,6,0.032520325203252036,137,0.22764227642276424,0.4552845528455285,Low,High,Markdown
84555A,YELLOW VW BEETLE CERAMIC MONEY BOX,46,130.9,15,0.06233062330623306,252,0.4363143631436314,0.8726287262872628,Low,High,Markdown
84558A,3D DOG PICTURE PLAYING CARDS,1207,3445.4500000000003,169,1.6355013550135502,218,11.448509485094851,22.897018970189702,Low,High,Markdown
84559A,3D SHEET OF DOG STICKERS,1161,987.63,151,1.5731707317073171,225,11.012195121951219,22.024390243902438,Low,High,Markdown
84559B,3D SHEET OF CAT STICKERS,1140,969.0,150,1.5447154471544715,166,10.8130081300813,21.6260162601626,Low,High,Markdown
84559D,3D SHEET OF SEA WORLD STICKERS,145,123.25,29,0.19647696476964768,290,1.3753387533875339,2.7506775067750677,Low,High,Markdown
84562A,PINK/WHITE RIBBED MELAMINE JUG,143,1073.25,63,0.1937669376693767,158,1.3563685636856369,2.7127371273712737,Low,High,Markdown
84562B,BLUE/WHITE RIBBED MELAMINE JUG,7,55.650000000000006,5,0.009485094850948509,200,0.06639566395663957,0.13279132791327913,Low,High,Markdown
84563A,PINK & WHITE BREAKFAST TRAY,92,394.40000000000003,33,0.12466124661246612,49,0.8726287262872628,1.7452574525745257,Low,High,Markdown
84563B,BLUE & WHITE BREAKFAST TRAY,96,370.20000000000005,37,0.13008130081300814,76,0.910569105691057,1.821138211382114,Low,High,Markdown
84564,6 SEGMENT COLOURED SNACK BOWL ,18,143.1,9,0.024390243902439025,251,0.17073170731707318,0.34146341463414637,Low,High,Markdown
84567,FROSTED GLASS WITH SILVER SURROUND,9,14.85,1,0.012195121951219513,165,0.08536585365853659,0.17073170731707318,Low,High,Markdown
84568,GIRLS ALPHABET IRON ON PATCHES ,33217,6399.57,72,45.00948509485095,67,315.06639566395665,630.1327913279133,High,Low,Reorder
84569A,PACK 3 IRON ON DOG PATCHES,450,563.71,64,0.6097560975609756,213,4.2682926829268295,8.536585365853659,Low,High,Markdown
84569B,PACK 3 FIRE ENGINE/CAR PATCHES,407,508.75,63,0.551490514905149,243,3.860433604336043,7.720867208672086,Low,High,Markdown
84569C,PACK 4 FLOWER/BUTTERFLY PATCHES,351,438.75,50,0.47560975609756095,155,3.3292682926829267,6.658536585365853,Low,High,Markdown
84569D,PACK 6 HEART/ICE-CREAM PATCHES,799,1001.17,96,1.0826558265582655,41,7.578590785907859,15.157181571815718,Low,Low,Healthy
84570B,WHITE SATIN DRESS JEWEL STAND,4,19.8,2,0.005420054200542005,25,0.037940379403794036,0.07588075880758807,Low,High,Markdown
84572,6 HOOK JEWEL STAND LILAC DRESS,1,8.49,1,0.0013550135501355014,223,0.009485094850948509,0.018970189701897018,Low,High,Markdown
84575A,PINK DOG CANNISTER,24,98.8,13,0.032520325203252036,258,0.22764227642276424,0.4552845528455285,Low,High,Markdown
84575B,BROWN DOG CANNISTER W BONE,4,23.8,3,0.005420054200542005,204,0.037940379403794036,0.07588075880758807,Low,High,Markdown
84576,BLUE CAT BISCUIT BARREL PINK HEART,84,264.0,21,0.11382113821138211,239,0.7967479674796748,1.5934959349593496,Low,High,Markdown
84578,ELEPHANT TOY WITH BLUE T-SHIRT,160,595.68,78,0.21680216802168023,135,1.5176151761517616,3.035230352303523,Low,High,Markdown
84580,MOUSE TOY WITH PINK T-SHIRT,860,3228.8,312,1.165311653116531,68,8.157181571815718,16.314363143631436,Low,Low,Healthy
84581,DOG TOY WITH PINK CROCHET SKIRT,441,1650.19,177,0.5975609756097561,192,4.182926829268292,8.365853658536585,Low,High,Markdown
84582,PINK CROCHET CAT WITH SCARF,11,46.75,9,0.014905149051490514,101,0.1043360433604336,0.2086720867208672,Low,High,Markdown
84584,PINK GINGHAM CAT WITH SCARF,207,527.85,50,0.2804878048780488,64,1.9634146341463417,3.9268292682926833,Low,High,Markdown
84586L,"PINK ROSES/GINGHAM PATCH RABBIT 8""",15,44.25000000000001,9,0.02032520325203252,39,0.14227642276422764,0.2845528455284553,Low,High,Markdown
84592,CROCHET ROSE PURSE WITH SUEDE BACK,163,480.8500000000001,38,0.22086720867208673,240,1.5460704607046072,3.0921409214092144,Low,High,Markdown
84593,CROCHET ROSE DES CLOTHES HANGER,25,73.75,7,0.03387533875338753,142,0.23712737127371272,0.47425474254742545,Low,High,Markdown
84595B,LARGE TRIFLE DESIGN L BLUE BOWL,229,405.15,15,0.31029810298102983,253,2.1720867208672088,4.3441734417344176,Low,High,Markdown
84595E,LARGE TORTILLA DESIGN RED BOWL,350,653.0999999999999,27,0.4742547425474255,240,3.3197831978319785,6.639566395663957,Low,High,Markdown
84596B,SMALL DOLLY MIX DESIGN ORANGE BOWL,5484,3304.59,509,7.430894308943089,22,52.016260162601625,104.03252032520325,High,Low,Reorder
84596E,SMALL LICORICE DES PINK BOWL,880,850.2,124,1.1924119241192412,201,8.346883468834688,16.693766937669377,Low,High,Markdown
84596F,SMALL MARSHMALLOWS PINK BOWL,4174,2623.46,410,5.6558265582655824,225,39.59078590785908,79.18157181571816,Low,Low,Healthy
84596G,SMALL CHOCOLATES PINK BOWL,1967,1157.93,222,2.665311653116531,59,18.657181571815716,37.31436314363143,Low,Low,Healthy
84596I,WRAP SWEETS LIGHT PINK SMALL BOWL,71,78.11,9,0.09620596205962059,78,0.6734417344173441,1.3468834688346882,Low,High,Markdown
84596J,MIXED NUTS LIGHT GREEN BOWL,676,464.03000000000003,68,0.9159891598915989,81,6.411924119241192,12.823848238482384,Low,High,Markdown
84596K,JELLY BABIES YELLOW SMALL BOWL,358,420.14,64,0.48509485094850946,151,3.395663956639566,6.791327913279132,Low,High,Markdown
84596L,BISCUITS SMALL BOWL LIGHT BLUE,1262,720.9399999999999,130,1.7100271002710028,79,11.97018970189702,23.94037940379404,Low,Low,Healthy
84597B,RETRO BROWN BALL ASHTRAY ,195,234.15,19,0.26422764227642276,141,1.8495934959349594,3.6991869918699187,Low,High,Markdown
84597C,RETRO PINK BALL ASHTRAY ,352,420.8,36,0.47696476964769646,126,3.3387533875338753,6.677506775067751,Low,High,Markdown
84598,BOYS ALPHABET IRON ON PATCHES,18241,3542.61,41,24.71680216802168,115,173.01761517615176,346.03523035230353,High,Low,Reorder
84599,CANDY STRIPE ROSE FLOOR CUSHION,6,47.7,2,0.008130081300813009,254,0.05691056910569106,0.11382113821138212,Low,High,Markdown
84600,NEW BAROQUE JEWELLERY BOX ,94,717.3000000000001,39,0.12737127371273713,81,0.8915989159891599,1.7831978319783197,Low,High,Markdown
84601A,NEW BAROQUE IVORY CUSHION COVER ,254,607.7,12,0.34417344173441733,275,2.409214092140921,4.818428184281842,Low,High,Markdown
84608,ORNATE EDWARDIAN CANDLE HOLDER,6,47.7,4,0.008130081300813009,68,0.05691056910569106,0.11382113821138212,Low,High,Markdown
84609,TALL ROCOCO CANDLE HOLDER,129,1051.5,27,0.17479674796747968,178,1.2235772357723578,2.4471544715447155,Low,High,Markdown
84611B,BLACK NEW BAROQUE FLOCK BOX,7,41.65,4,0.009485094850948509,143,0.06639566395663957,0.13279132791327913,Low,High,Markdown
84612B,SET/4 BLACK  BAROQUE FLOCK COASTER,20,51.0,4,0.02710027100271003,226,0.1897018970189702,0.3794037940379404,Low,High,Markdown
84613A,PINK NEW BAROQUE FLOCK CANDLESTICK,22,102.3,10,0.02981029810298103,67,0.2086720867208672,0.4173441734417344,Low,High,Markdown
84613C,BLUE NEW BAROQUE FLOCK CANDLESTICK,62,258.06,12,0.08401084010840108,155,0.5880758807588076,1.1761517615176151,Low,High,Markdown
84614A,PINK BAROQUE FLOCK CANDLE HOLDER,13,77.35000000000001,7,0.017615176151761516,220,0.12330623306233061,0.24661246612466123,Low,High,Markdown
84614C,BLUE BAROQUE FLOCK CANDLE HOLDER,3,17.85,1,0.0040650406504065045,269,0.02845528455284553,0.05691056910569106,Low,High,Markdown
84615,PINK ROUND BUTTERFLY MIRROR ,235,667.8299999999999,18,0.31842818428184283,228,2.2289972899728996,4.457994579945799,Low,High,Markdown
84616,SILVER ROCCOCO CHANDELIER,69,1297.75,22,0.09349593495934959,230,0.6544715447154471,1.3089430894308942,Low,High,Markdown
84617, NEW BAROQUE BLACK BOXES,11,140.25,7,0.014905149051490514,211,0.1043360433604336,0.2086720867208672,Low,High,Markdown
84619,BLUE GINGHAM ROSE QUILT ,69,1444.15,26,0.09349593495934959,63,0.6544715447154471,1.3089430894308942,Low,High,Markdown
84620,BLUE GINGHAM ROSE CUSHION COVER,111,660.45,46,0.15040650406504066,48,1.0528455284552847,2.1056910569105693,Low,High,Markdown
84621,BLUE GINGHAM ROSE FLOOR CUSHION ,27,214.65,13,0.036585365853658534,78,0.25609756097560976,0.5121951219512195,Low,High,Markdown
84622,PINK GINGHAM ROSE CUSHION COVER,21,124.95,7,0.028455284552845527,90,0.1991869918699187,0.3983739837398374,Low,High,Markdown
84623,PINK GINGHAM ROSE FLOOR CUSHION,53,261.35,12,0.07181571815718157,111,0.502710027100271,1.005420054200542,Low,High,Markdown
84625A,PINK NEW BAROQUECANDLESTICK CANDLE,788,898.7,61,1.067750677506775,284,7.4742547425474255,14.948509485094851,Low,High,Markdown
84625B,BLCK NEW BAROQUE CANDLESTICK CANDLE,180,279.0,17,0.24390243902439024,239,1.7073170731707317,3.4146341463414633,Low,High,Markdown
84625C,BLUE NEW BAROQUE CANDLESTICK CANDLE,743,870.95,57,1.0067750677506775,234,7.047425474254743,14.094850948509485,Low,High,Markdown
84625D,WHITE NEWBAROQUE CANDLESTICK CANDLE,639,734.25,46,0.8658536585365854,296,6.060975609756097,12.121951219512194,Low,High,Markdown
84626,CANDY STRIPE ROSE QUILT,1,45.95,1,0.0013550135501355014,83,0.009485094850948509,0.018970189701897018,Low,High,Markdown
84627,CANDY STRIPE ROSE C/COVER ,50,297.5,19,0.06775067750677506,264,0.47425474254742545,0.9485094850948509,Low,High,Markdown
84629,WHITE 3 FRAME BIRDS AND TREE ,24,237.8,13,0.032520325203252036,81,0.22764227642276424,0.4552845528455285,Low,High,Markdown
84630,FLOWERS AND BIRDS WALL PLAQUE,2,15.9,1,0.0027100271002710027,189,0.018970189701897018,0.037940379403794036,Low,High,Markdown
84631,FRUIT TREE AND BIRDS WALL PLAQUE,253,715.35,24,0.3428184281842818,288,2.399728997289973,4.799457994579946,Low,High,Markdown
84632,DECORATIVE HANGING SHELVING UNIT,14,799.3000000000001,10,0.018970189701897018,286,0.13279132791327913,0.26558265582655827,Low,High,Markdown
84637,KITCHEN FLOWER POTS WALL PLAQUE,487,867.25,33,0.6598915989159891,73,4.619241192411924,9.238482384823849,Low,High,Markdown
84638,SMALL KITCHEN FLOWER POTS PLAQUE,356,714.2,31,0.4823848238482385,35,3.3766937669376693,6.753387533875339,Low,High,Markdown
84648,NEW BAROQUE WALL MIRROR,1,12.75,1,0.0013550135501355014,27,0.009485094850948509,0.018970189701897018,Low,High,Markdown
84653,GREEN ROSE QUILT ,10,453.5,8,0.013550135501355014,123,0.0948509485094851,0.1897018970189702,Low,High,Markdown
84656,WHITE ROSE C/COVER,20,119.0,12,0.02710027100271003,78,0.1897018970189702,0.3794037940379404,Low,High,Markdown
84657,GREEN ROSE CUSHION COVER,245,496.25,19,0.3319783197831978,59,2.323848238482385,4.64769647696477,Low,High,Markdown
84658,WHITE STITCHED CUSHION COVER,198,1060.78,56,0.2682926829268293,256,1.878048780487805,3.75609756097561,Low,High,Markdown
84659A,WHITE TRAVEL ALARM CLOCK,311,765.66,71,0.42140921409214094,113,2.9498644986449865,5.899728997289973,Low,High,Markdown
84660A,WHITE STITCHED WALL CLOCK,851,814.4,42,1.1531165311653115,241,8.07181571815718,16.14363143631436,Low,High,Markdown
84660B,BLACK STITCHED WALL CLOCK,727,804.65,44,0.9850948509485095,223,6.8956639566395665,13.791327913279133,Low,High,Markdown
84660C,PINK STITCHED WALL CLOCK,689,778.07,55,0.9336043360433605,157,6.535230352303524,13.070460704607047,Low,High,Markdown
84661A,WHITE SQUARE TABLE CLOCK,203,228.54,25,0.2750677506775068,226,1.9254742547425474,3.850948509485095,Low,High,Markdown
84661B,BLACK SQUARE TABLE CLOCK,207,374.29,26,0.2804878048780488,100,1.9634146341463417,3.9268292682926833,Low,High,Markdown
84661C,PINK SQUARE TABLE CLOCK,137,124.55000000000001,12,0.1856368563685637,237,1.2994579945799458,2.5989159891598916,Low,High,Markdown
84663A,GRASS HOPPER WOODEN WALL CLOCK ,345,589.79,39,0.46747967479674796,21,3.272357723577236,6.544715447154472,Low,Low,Healthy
84664,CHERRY BLOSSOM BATHROOM CABINET,192,950.4,50,0.2601626016260163,197,1.821138211382114,3.642276422764228,Low,High,Markdown
84665,SQUARE CHERRY BLOSSOM CABINET,226,1364.7,47,0.3062330623306233,298,2.1436314363143634,4.287262872628727,Low,High,Markdown
84666,SQUARE CHERRY BLOSSOM CABINET,226,892.7,33,0.3062330623306233,165,2.1436314363143634,4.287262872628727,Low,High,Markdown
84670,JAPANESE CROCHETED ANIMAL,5092,2045.04,168,6.899728997289973,243,48.298102981029814,96.59620596205963,Low,Low,Healthy
84671B,CROCHET BEAR WITH BLUE STRIPES,98,249.9,24,0.13279132791327913,81,0.929539295392954,1.859078590785908,Low,High,Markdown
84673A,PINK FLY SWAT,457,274.01,70,0.6192411924119241,258,4.3346883468834685,8.669376693766937,Low,High,Markdown
84673B,BLUE FLY SWAT,420,299.46,79,0.5691056910569106,214,3.9837398373983737,7.967479674796747,Low,High,Markdown
84674,FLYING PIG WATERING CAN,444,1093.8000000000002,92,0.6016260162601627,185,4.211382113821139,8.422764227642277,Low,High,Markdown
84675,FROG KING WATERING CAN,187,467.65000000000003,44,0.25338753387533874,241,1.7737127371273713,3.5474254742547426,Low,High,Markdown
84676,BATH DUCK WATERING CAN,832,2016.5200000000002,98,1.127371273712737,80,7.891598915989159,15.783197831978319,Low,High,Markdown
84678,CLASSICAL ROSE SMALL VASE,541,989.5500000000001,64,0.7330623306233063,148,5.131436314363144,10.262872628726289,Low,High,Markdown
84679,CLASSICAL ROSE TABLE LAMP,14,103.3,4,0.018970189701897018,192,0.13279132791327913,0.26558265582655827,Low,High,Markdown
84680,CLASSICAL ROSE URN,94,372.3,17,0.12737127371273713,175,0.8915989159891599,1.7831978319783197,Low,High,Markdown
84682,CLASSICAL ROSE DISH,283,528.85,38,0.38346883468834686,129,2.684281842818428,5.368563685636856,Low,High,Markdown
84683,CLASSICAL ROSE CANDLESTAND,509,449.05,27,0.6897018970189702,288,4.827913279132791,9.655826558265582,Low,High,Markdown
84684,BEACH HUT PHOTO FRAME,574,583.1,21,0.7777777777777778,297,5.444444444444445,10.88888888888889,Low,High,Markdown
84685,BEACH HUT KEY CABINET,359,786.25,54,0.48644986449864497,93,3.4051490514905147,6.8102981029810294,Low,High,Markdown
84686,BEACH HUT MIRROR,344,654.54,37,0.46612466124661245,226,3.2628726287262872,6.5257452574525745,Low,High,Markdown
84687,BEACH HUT SHELF W 3 DRAWERS,292,961.4,52,0.3956639566395664,298,2.7696476964769645,5.539295392953929,Low,High,Markdown
84688,BEACH HUT DESIGN BLACKBOARD,388,1025.0,47,0.5257452574525745,223,3.6802168021680215,7.360433604336043,Low,High,Markdown
84689,S/2 BEACH HUT TREASURE CHESTS,305,671.65,34,0.4132791327913279,180,2.892953929539295,5.78590785907859,Low,High,Markdown
84690,S/2 BEACH HUT STOOLS,26,206.70000000000002,13,0.03523035230352303,47,0.24661246612466123,0.49322493224932246,Low,High,Markdown
84691,PACK 20 DOLLY PEGS,2616,2036.3999999999999,179,3.5447154471544717,276,24.8130081300813,49.6260162601626,Low,High,Markdown
84692,BOX OF 24 COCKTAIL PARASOLS,17299,6964.39,721,23.440379403794037,184,164.08265582655827,328.16531165311653,High,Low,Reorder
84705A,ENGLISH ROSE PHOTO FRAME ,14,65.10000000000001,7,0.018970189701897018,82,0.13279132791327913,0.26558265582655827,Low,High,Markdown
84705B,FAIRY CAKES PHOTO FRAME,83,103.75,2,0.11246612466124661,41,0.7872628726287263,1.5745257452574526,Low,High,Markdown
84705C,PINK FLOCK PHOTO FRAME ,160,213.6,6,0.21680216802168023,89,1.5176151761517616,3.035230352303523,Low,High,Markdown
84705D,CHERRY BLOSSOM PHOTO FRAME ,10,46.5,3,0.013550135501355014,115,0.0948509485094851,0.1897018970189702,Low,High,Markdown
84705F,RED PEONY PHOTO FRAME ,8,37.2,5,0.01084010840108401,182,0.07588075880758807,0.15176151761517614,Low,High,Markdown
84706A,ENGLISH ROSE TABLE CLOCK,136,307.2,6,0.1842818428184282,98,1.2899728997289972,2.5799457994579944,Low,High,Markdown
84706B,FAIRY CAKES TABLE CLOCK,19,170.04999999999998,8,0.025745257452574527,24,0.1802168021680217,0.3604336043360434,Low,High,Markdown
84706C,PINK FLOCK TABLE CLOCK ,84,170.8,4,0.11382113821138211,139,0.7967479674796748,1.5934959349593496,Low,High,Markdown
84706D,CHERRY BLOSSOM TABLE CLOCK ,216,477.2,14,0.2926829268292683,197,2.048780487804878,4.097560975609756,Low,High,Markdown
84706F,RED PEONY TABLE CLOCK,33,199.35,16,0.044715447154471545,195,0.3130081300813008,0.6260162601626016,Low,High,Markdown
84707A,SILVER JEWELLED MIRROR TRINKET TRAY,91,689.49,40,0.12330623306233063,236,0.8631436314363143,1.7262872628726287,Low,High,Markdown
84707B,PINK JEWELLED MIRROR TRINKET TRAY,47,357.65999999999997,22,0.06368563685636856,75,0.44579945799457993,0.8915989159891599,Low,High,Markdown
84708B,PINK JEWELLED PHOTO FRAME ,126,618.1,45,0.17073170731707318,206,1.1951219512195124,2.3902439024390247,Low,High,Markdown
84709A,SILVER OVAL JEWELLED MIRROR,21,124.95,11,0.028455284552845527,251,0.1991869918699187,0.3983739837398374,Low,High,Markdown
84709B,PINK OVAL JEWELLED MIRROR,111,629.25,41,0.15040650406504066,274,1.0528455284552847,2.1056910569105693,Low,High,Markdown
84711A,SILVER OVAL SHAPE TRINKET BOX,31,308.45,14,0.04200542005420054,123,0.2940379403794038,0.5880758807588076,Low,High,Markdown
84711B,PINK OVAL SHAPE TRINKET BOX,20,199.0,12,0.02710027100271003,96,0.1897018970189702,0.3794037940379404,Low,High,Markdown
84712B,PINK JEWELLED PHOTO FRAME,67,529.47,36,0.09078590785907859,249,0.6355013550135501,1.2710027100271002,Low,High,Markdown
84715,SET OF 6 ICE CREAM SKITTLES,232,684.4000000000001,39,0.3143631436314363,277,2.200542005420054,4.401084010840108,Low,High,Markdown
84720,DOT MATRIX CANVAS ART PICTURE,35,147.05,3,0.04742547425474255,283,0.33197831978319786,0.6639566395663957,Low,High,Markdown
84721,MANHATTAN CANVAS ART PICTURE,20,87.8,2,0.02710027100271003,201,0.1897018970189702,0.3794037940379404,Low,High,Markdown
84723,CHERRY BLOSSOM CANVAS ART PICTURE,54,201.3,12,0.07317073170731707,275,0.5121951219512195,1.024390243902439,Low,High,Markdown
84725,FREESTYLE CANVAS ART PICTURE,133,212.25,28,0.1802168021680217,57,1.2615176151761518,2.5230352303523036,Low,High,Markdown
84726,LILLIES CANVAS PICTURE,233,394.85,5,0.3157181571815718,195,2.210027100271003,4.420054200542006,Low,High,Markdown
84731,3 BIRDS CANVAS SCREEN,3,3.69,3,0.0040650406504065045,46,0.02845528455284553,0.05691056910569106,Low,High,Markdown
84732B,CUTE BIRD CEATURE SCREEN,28,18.48,6,0.037940379403794036,295,0.26558265582655827,0.5311653116531165,Low,High,Markdown
84732D,CUTE RABBIT CEATURE SCREEN ,15,10.89,6,0.02032520325203252,159,0.14227642276422764,0.2845528455284553,Low,High,Markdown
84741C,CITRUS GARLAND FELT FLOWERS ,180,351.0,47,0.24390243902439024,110,1.7073170731707317,3.4146341463414633,Low,High,Markdown
84743C,ORANGE FELT VASE + FLOWERS,9,11.25,5,0.012195121951219513,80,0.08536585365853659,0.17073170731707318,Low,High,Markdown
84744,S/6 SEW ON CROCHET FLOWERS,147,183.75,29,0.1991869918699187,182,1.3943089430894309,2.7886178861788617,Low,High,Markdown
84745A,PINK HANGING GINGHAM EASTER HEN,72,30.240000000000002,15,0.0975609756097561,162,0.6829268292682927,1.3658536585365855,Low,High,Markdown
84745B,BLUE HANGING GINGHAM EASTER HEN,83,34.86,17,0.11246612466124661,272,0.7872628726287263,1.5745257452574526,Low,High,Markdown
84746,PINK EASTER HENS+FLOWER,12,45.0,8,0.016260162601626018,288,0.11382113821138212,0.22764227642276424,Low,High,Markdown
84748,FOLK FELT HANGING MULTICOL GARLAND,980,1231.8,31,1.3279132791327912,206,9.29539295392954,18.59078590785908,Low,High,Markdown
84750A,PINK SMALL GLASS CAKE STAND,447,814.05,49,0.6056910569105691,105,4.239837398373984,8.479674796747968,Low,High,Markdown
84750B,BLACK SMALL GLASS CAKE STAND,564,956.64,55,0.7642276422764228,185,5.349593495934959,10.699186991869919,Low,High,Markdown
84751B,BLACK MEDIUM GLASS CAKE STAND,38,115.86,19,0.051490514905149054,133,0.3604336043360434,0.7208672086720868,Low,High,Markdown
84753A,PINK EAU DE COLOGNE BOTTLE,85,72.25,15,0.11517615176151762,202,0.8062330623306233,1.6124661246612466,Low,High,Markdown
84754,S/15 SILVER GLASS BAUBLES IN BAG,1958,2338.06,161,2.6531165311653115,226,18.571815718157183,37.143631436314365,Low,High,Markdown
84755,COLOUR GLASS T-LIGHT HOLDER HANGING,39259,23598.510000000002,1100,53.196476964769644,275,372.3753387533875,744.750677506775,High,Low,Reorder
84757,ENCHANTED GARDEN WROUGHT IRON TABLE,5,74.75,4,0.006775067750677507,254,0.04742547425474255,0.0948509485094851,Low,High,Markdown
84760L,LARGE HANGING GLASS+ZINC LANTERN,560,896.0,1,0.7588075880758808,22,5.311653116531166,10.623306233062332,Low,Low,Healthy
84760S,SMALL HANGING GLASS+ZINC LANTERN,197,285.65,24,0.2669376693766938,227,1.8685636856368564,3.7371273712737128,Low,High,Markdown
84761,IVORY HANGING BIRD PLANTER ,245,613.9499999999999,46,0.3319783197831978,216,2.323848238482385,4.64769647696477,Low,High,Markdown
84762A,WHITE PICNIC BARBECUE BUCKET,54,474.9,24,0.07317073170731707,144,0.5121951219512195,1.024390243902439,Low,High,Markdown
84762B,PINK PICNIC BARBECUE BUCKET,82,574.3000000000001,21,0.1111111111111111,157,0.7777777777777777,1.5555555555555554,Low,High,Markdown
84762C,GREEN PICNIC BARBECUE BUCKET,78,531.3,18,0.10569105691056911,44,0.7398373983739838,1.4796747967479675,Low,High,Markdown
84763,ZINC FINISH 15CM PLANTER POTS,1467,1778.27,148,1.9878048780487805,87,13.914634146341463,27.829268292682926,Low,Low,Healthy
84765,SILVER ROCOCO CANDELABRA,7,89.25,4,0.009485094850948509,80,0.06639566395663957,0.13279132791327913,Low,High,Markdown
84766,SILVER ROCOCO CANDLE STICK,200,638.0,27,0.27100271002710025,48,1.8970189701897018,3.7940379403794036,Low,High,Markdown
84767,ZINC POLICE BOX LANTERN,193,783.7,4,0.26151761517615174,38,1.8306233062330621,3.6612466124661243,Low,High,Markdown
84770,ROUND GEORGIAN SILVER MIRROR,135,419.25000000000006,16,0.18292682926829268,190,1.2804878048780488,2.5609756097560976,Low,High,Markdown
84773,RED ROSE AND LACE C/COVER,187,551.6500000000001,46,0.25338753387533874,93,1.7737127371273713,3.5474254742547426,Low,High,Markdown
84782A,PINK 3 TIER GLASS PLATE STAND,119,840.45,26,0.16124661246612465,80,1.1287262872628725,2.257452574525745,Low,High,Markdown
84782B,BLACK 3 TIER GLASS PLATE STAND,10,127.5,6,0.013550135501355014,172,0.0948509485094851,0.1897018970189702,Low,High,Markdown
84782C,GREEN 3 TIER GLASS PLATE STAND,74,509.9,18,0.1002710027100271,295,0.7018970189701897,1.4037940379403795,Low,High,Markdown
84789,ENCHANTED BIRD PLANT CAGE,432,1464.0,112,0.5853658536585366,67,4.097560975609756,8.195121951219512,Low,High,Markdown
84791,GINGHAM HEART DECORATION,296,863.6000000000001,75,0.4010840108401084,230,2.807588075880759,5.615176151761518,Low,High,Markdown
84792,ENCHANTED BIRD COATHANGER 5 HOOK,2201,9326.33,437,2.9823848238482387,158,20.87669376693767,41.75338753387534,Low,Low,Healthy
84795A,PASTEL STRIPE HAMMOCK ,194,1458.3000000000002,56,0.26287262872628725,129,1.8401084010840107,3.6802168021680215,Low,High,Markdown
84795B,SUNSET CHECK HAMMOCK,283,2135.85,83,0.38346883468834686,202,2.684281842818428,5.368563685636856,Low,High,Markdown
84795C,OCEAN STRIPE HAMMOCK ,294,2253.3,105,0.3983739837398374,47,2.7886178861788617,5.5772357723577235,Low,High,Markdown
84795D,SEASIDE STRIPE HAMMOCK,179,1387.05,73,0.24254742547425473,216,1.697831978319783,3.395663956639566,Low,High,Markdown
84795E,RIO PINK STRIPE HAMMOCK,10,79.5,5,0.013550135501355014,210,0.0948509485094851,0.1897018970189702,Low,High,Markdown
84796A,PINK HAWAIIAN PICNIC HAMPER FOR 2,150,856.5,25,0.2032520325203252,70,1.4227642276422765,2.845528455284553,Low,High,Markdown
84796B,BLUE SAVANNAH PICNIC HAMPER FOR 2,230,1645.3,32,0.3116531165311653,168,2.181571815718157,4.363143631436314,Low,High,Markdown
84797A,PINK HAWAIIAN PICNIC HAMPER FOR 4,349,1883.55,25,0.47289972899729,287,3.31029810298103,6.62059620596206,Low,High,Markdown
84797B,BLUE SAVANNAH PICNIC HAMPER FOR 4,310,1654.5,24,0.42005420054200543,69,2.940379403794038,5.880758807588076,Low,High,Markdown
84798A,PINK FOXGLOVE ARTIIFCIAL FLOWER,186,409.50000000000006,9,0.25203252032520324,265,1.7642276422764227,3.5284552845528454,Low,High,Markdown
84798B,PURPLE FOXGLOVE ARTIIFCIAL FLOWER,322,482.70000000000005,9,0.4363143631436314,132,3.05420054200542,6.10840108401084,Low,High,Markdown
84798C,WHITE FOXGLOVE ARTIIFCIAL FLOWER,16,40.8,3,0.02168021680216802,189,0.15176151761517614,0.3035230352303523,Low,High,Markdown
84799,SPRIG LAVENDER ARTIFICIAL FLOWER,667,515.03,29,0.9037940379403794,185,6.326558265582656,12.653116531165312,Low,High,Markdown
84800L,LARGE WHITE/PINK ROSE ART FLOWER,647,964.4300000000001,37,0.8766937669376694,33,6.136856368563686,12.273712737127372,Low,Low,Healthy
84800M,MEDIUM WHITE/PINK ROSE ART FLOWER,249,355.53000000000003,26,0.33739837398373984,222,2.361788617886179,4.723577235772358,Low,High,Markdown
84800S,SMALL WHITE/PINK ROSE ART FLOWER,388,292.03999999999996,19,0.5257452574525745,208,3.6802168021680215,7.360433604336043,Low,High,Markdown
84801A,PINK HYDRANGEA ART FLOWER,272,427.44000000000005,15,0.3685636856368564,174,2.5799457994579944,5.159891598915989,Low,High,Markdown
84801B,WHITE HYDRANGEA ART FLOWER,202,319.8,16,0.27371273712737126,74,1.9159891598915988,3.8319783197831976,Low,High,Markdown
84802A,WHITE ANEMONE ARTIFICIAL FLOWER,171,288.99,21,0.23170731707317074,201,1.6219512195121952,3.2439024390243905,Low,High,Markdown
84802B,PURPLE ANEMONE ARTIFICIAL FLOWER,405,379.65000000000003,16,0.5487804878048781,229,3.8414634146341466,7.682926829268293,Low,High,Markdown
84803A,PINK ALLIUM  ARTIFICIAL FLOWER,109,184.21,16,0.14769647696476965,94,1.0338753387533874,2.067750677506775,Low,High,Markdown
84803B,WHITE ALLIUM  ARTIFICIAL FLOWER,40,67.6,10,0.05420054200542006,296,0.3794037940379404,0.7588075880758808,Low,High,Markdown
84804A,CREAM DELPHINIUM ARTIFICIAL FLOWER,215,387.53000000000003,17,0.29132791327913277,152,2.0392953929539295,4.078590785907859,Low,High,Markdown
84804B,BLUE DELPHINIUM ARTIFICIAL FLOWER,355,501.9700000000001,19,0.481029810298103,78,3.367208672086721,6.734417344173442,Low,High,Markdown
84805A,CREAM CLIMBING HYDRANGA ART FLOWER,145,205.35,7,0.19647696476964768,201,1.3753387533875339,2.7506775067750677,Low,High,Markdown
84805B,BLUE CLIMBING HYDRANGA ART FLOWER,339,547.6500000000001,8,0.45934959349593496,83,3.2154471544715446,6.430894308943089,Low,High,Markdown
84806A,PINK CANDYSTUFT ARTIFICIAL FLOWER,319,261.90999999999997,20,0.43224932249322495,279,3.0257452574525745,6.051490514905149,Low,High,Markdown
84806B,WHITE CANDYSTUFT ARTIFICIAL FLOWER,433,543.37,30,0.5867208672086721,212,4.107046070460704,8.214092140921409,Low,High,Markdown
84807,RED POPPY ARTIFICIAL FLOWER,233,215.93,7,0.3157181571815718,162,2.210027100271003,4.420054200542006,Low,High,Markdown
84809A,WHITE CHRYSANTHEMUMS ART FLOWER,259,439.14,18,0.3509485094850949,123,2.456639566395664,4.913279132791328,Low,High,Markdown
84809B,PINK CHRYSANTHEMUMS ART FLOWER,296,351.6,8,0.4010840108401084,233,2.807588075880759,5.615176151761518,Low,High,Markdown
84813,SET OF 4 DIAMOND NAPKIN RINGS,379,2722.47,69,0.513550135501355,261,3.594850948509485,7.18970189701897,Low,High,Markdown
84814A,HEXAGONAL CRYSTAL PERFUME BOTTLE,1,1.95,1,0.0013550135501355014,228,0.009485094850948509,0.018970189701897018,Low,High,Markdown
84814B,RHOMBUS CRYSTAL PERFUME BOTTLE,6,11.7,2,0.008130081300813009,112,0.05691056910569106,0.11382113821138212,Low,High,Markdown
84815,SET OF 3 DANISH ROSE PLANTERS,906,1022.5,36,1.2276422764227641,161,8.59349593495935,17.1869918699187,Low,High,Markdown
84816,DANISH ROSE BEDSIDE CABINET,31,1198.45,18,0.04200542005420054,131,0.2940379403794038,0.5880758807588076,Low,High,Markdown
84817,DANISH ROSE DECORATIVE PLATE,1051,920.64,77,1.424119241192412,78,9.968834688346885,19.93766937669377,Low,Low,Healthy
84818,DANISH ROSE PHOTO FRAME,1691,2122.61,153,2.2913279132791327,62,16.039295392953928,32.078590785907856,Low,Low,Healthy
84819,DANISH ROSE ROUND SEWING BOX,907,1359.79,94,1.2289972899728998,226,8.602981029810298,17.205962059620596,Low,High,Markdown
84820,DANISH ROSE TRINKET TRAYS,317,828.15,49,0.42953929539295393,287,3.0067750677506777,6.013550135501355,Low,High,Markdown
84821,DANISH ROSE DELUXE COASTER,1306,722.5,67,1.7696476964769647,137,12.387533875338754,24.775067750677508,Low,High,Markdown
84823,DANISH ROSE FOLDING CHAIR,120,1210.0,29,0.16260162601626016,39,1.1382113821138211,2.2764227642276422,Low,High,Markdown
84824,DANISH ROSE UMBRELLA STAND,33,513.55,27,0.044715447154471545,241,0.3130081300813008,0.6260162601626016,Low,High,Markdown
84826,ASSTD DESIGN 3D PAPER STICKERS,1731,866.53,50,2.345528455284553,185,16.418699186991873,32.837398373983746,Low,High,Markdown
84827,ASS DES PHONE SPONGE CRAFT STICKER,1025,488.49,28,1.3888888888888888,150,9.722222222222221,19.444444444444443,Low,High,Markdown
84828,JUNGLE POPSICLES ICE LOLLY HOLDERS,2298,2826.81,233,3.113821138211382,175,21.796747967479675,43.59349593495935,Low,Low,Healthy
84830,LARGE ENGLISH ARBORETUM,113,1195.15,7,0.15311653116531165,203,1.0718157181571817,2.1436314363143634,Low,High,Markdown
84832,ZINC WILLIE WINKIE  CANDLE STICK,6166,5127.219999999999,442,8.355013550135501,109,58.48509485094851,116.97018970189701,High,Low,Reorder
84836,ZINC METAL HEART DECORATION,19328,23331.43,1244,26.18970189701897,113,183.3279132791328,366.6558265582656,High,Low,Reorder
84837,WHITE SWEETHEARTS CABINET 4 DRAWERS,239,2915.25,133,0.3238482384823848,32,2.2669376693766936,4.533875338753387,Low,High,Markdown
84838,ANT WHITE HIGH RISE BIRD BOX,49,304.0,3,0.06639566395663957,249,0.464769647696477,0.929539295392954,Low,High,Markdown
84839,SWEETHEART KEY CABINET,1478,8201.7,351,2.002710027100271,45,14.018970189701896,28.037940379403793,Low,Low,Healthy
84840,SWEETHEART CARRY-ALL BASKET,263,2194.7,126,0.35636856368563685,94,2.494579945799458,4.989159891598916,Low,High,Markdown
84842,HELLO SAILOR BATHROOM SET,1495,675.05,26,2.0257452574525745,169,14.180216802168022,28.360433604336045,Low,High,Markdown
84843,WHITE SOAP RACK WITH 2 BOTTLES,247,1376.05,86,0.3346883468834688,167,2.3428184281842817,4.685636856368563,Low,High,Markdown
84845A,HOLLYHOCK SQUARE HANDY TIN,1,1.25,1,0.0013550135501355014,27,0.009485094850948509,0.018970189701897018,Low,High,Markdown
84845C,CARNATION SQUARE HANDY TIN,42,52.5,14,0.056910569105691054,48,0.3983739837398374,0.7967479674796748,Low,High,Markdown
84845D,GERANIUM SQUARE HANDY TIN,41,51.25,11,0.05555555555555555,228,0.38888888888888884,0.7777777777777777,Low,High,Markdown
84846A,SCENTED CANDLE IN DIGITALIS TIN,232,487.20000000000005,42,0.3143631436314363,147,2.200542005420054,4.401084010840108,Low,High,Markdown
84847,FLORAL BATHROOM SET,2315,1043.01,37,3.1368563685636857,135,21.9579945799458,43.9159891598916,Low,Low,Healthy
84849A,HELLO SAILOR BLUE SOAP HOLDER,430,700.78,68,0.5826558265582655,163,4.078590785907859,8.157181571815718,Low,High,Markdown
84849B,FAIRY SOAP SOAP HOLDER,1819,2932.99,226,2.464769647696477,254,17.253387533875337,34.506775067750674,Low,High,Markdown
84849D,HOT BATHS SOAP HOLDER,1518,2484.78,227,2.0569105691056913,26,14.39837398373984,28.79674796747968,High,Low,Reorder
84854,GIRLY PINK TOOL SET,280,1302.0,57,0.3794037940379404,64,2.655826558265583,5.311653116531166,Low,High,Markdown
84855,BLOKEY SILVER TOOL SET,31,153.45000000000002,11,0.04200542005420054,258,0.2940379403794038,0.5880758807588076,Low,High,Markdown
84856L,LARGE TAHITI BEACH BAG,211,1177.45,55,0.2859078590785908,174,2.0013550135501355,4.002710027100271,Low,High,Markdown
84856S,SMALL TAHITI BEACH BAG,457,1802.49,29,0.6192411924119241,200,4.3346883468834685,8.669376693766937,Low,High,Markdown
84857A,SILVER MONTE CARLO HANDBAG,8,68.0,3,0.01084010840108401,234,0.07588075880758807,0.15176151761517614,Low,High,Markdown
84857B,BLUE MONTE CARLO HANDBAG,24,46.8,1,0.032520325203252036,107,0.22764227642276424,0.4552845528455285,Low,High,Markdown
84857C,PINK MONTE CARLO HANDBAG,193,402.54999999999995,14,0.26151761517615174,275,1.8306233062330621,3.6612466124661243,Low,High,Markdown
84858A,NATURAL RIVIERA HANDBAG,52,116.7,7,0.07046070460704607,92,0.49322493224932246,0.9864498644986449,Low,High,Markdown
84858B,BLUE RIVIERA HANDBAG,326,431.0,9,0.44173441734417346,198,3.0921409214092144,6.184281842818429,Low,High,Markdown
84858C,PINK RIVIERA HANDBAG,344,575.7,27,0.46612466124661245,231,3.2628726287262872,6.5257452574525745,Low,High,Markdown
84859A,SILVER DISCO HANDBAG,284,560.76,50,0.38482384823848237,253,2.6937669376693765,5.387533875338753,Low,High,Markdown
84859B,BLUE DISCO HANDBAG,279,417.43,15,0.3780487804878049,258,2.6463414634146343,5.2926829268292686,Low,High,Markdown
84859C,PINK DISCO HANDBAG,302,542.64,37,0.4092140921409214,242,2.86449864498645,5.7289972899729,Low,High,Markdown
84864A,PINK PAISLEY PHOTO ALBUM,4,27.0,3,0.005420054200542005,138,0.037940379403794036,0.07588075880758807,Low,High,Markdown
84865,NEW BAROQUE BLACK PHOTO ALBUM,64,449.65,37,0.08672086720867209,283,0.6070460704607046,1.2140921409214092,Low,High,Markdown
84867A,PINK BABY GIRLS PHOTO ALBUM,15,92.25,3,0.02032520325203252,226,0.14227642276422764,0.2845528455284553,Low,High,Markdown
84868A,PINK BABY GIRL'S MEMORY BOX,2,13.9,2,0.0027100271002710027,114,0.018970189701897018,0.037940379403794036,Low,High,Markdown
84868B,BLUE BABY BOY'S MEMORY BOX,5,34.75,4,0.006775067750677507,241,0.04742547425474255,0.0948509485094851,Low,High,Markdown
84869,CANDY BUTTON PHOTO ALBUM,295,631.25,21,0.3997289972899729,295,2.7981029810298104,5.596205962059621,Low,High,Markdown
84870B,BLUE GEISHA GIRL ,54,202.5,23,0.07317073170731707,250,0.5121951219512195,1.024390243902439,Low,High,Markdown
84870C,GREEN GEISHA GIRL ,54,202.5,21,0.07317073170731707,138,0.5121951219512195,1.024390243902439,Low,High,Markdown
84872A,TEATIME FUNKY FLOWER BACKPACK FOR 2,7,118.65,6,0.009485094850948509,287,0.06639566395663957,0.13279132791327913,Low,High,Markdown
84873A,FUNKY FLOWER PICNIC BAG FOR 4,6,101.69999999999999,5,0.008130081300813009,292,0.05691056910569106,0.11382113821138212,Low,High,Markdown
84874B,BLUE TRAVEL FIRST AID KIT,78,128.7,28,0.10569105691056911,83,0.7398373983739838,1.4796747967479675,Low,High,Markdown
84875A,PINK SQUARE COMPACT MIRROR,15,56.25,11,0.02032520325203252,30,0.14227642276422764,0.2845528455284553,Low,High,Markdown
84875B,GREEN SQUARE COMPACT MIRROR,367,476.25,35,0.497289972899729,117,3.4810298102981028,6.9620596205962055,Low,High,Markdown
84875D,BLUE SQUARE COMPACT MIRROR,371,483.75,37,0.502710027100271,90,3.5189701897018972,7.0379403794037945,Low,High,Markdown
84876B,GREEN HEART COMPACT MIRROR,327,423.75,27,0.44308943089430897,77,3.1016260162601625,6.203252032520325,Low,High,Markdown
84876C,SILVER HEART COMPACT MIRROR,7,26.25,4,0.009485094850948509,270,0.06639566395663957,0.13279132791327913,Low,High,Markdown
84876D,BLUE HEART COMPACT MIRROR,324,547.5,28,0.43902439024390244,295,3.073170731707317,6.146341463414634,Low,High,Markdown
84877A,PINK ROUND COMPACT MIRROR,46,142.5,14,0.06233062330623306,69,0.4363143631436314,0.8726287262872628,Low,High,Markdown
84877B,GREEN ROUND COMPACT MIRROR,227,296.25,15,0.3075880758807588,235,2.1531165311653115,4.306233062330623,Low,High,Markdown
84877D,BLUE ROUND COMPACT MIRROR,101,173.75,15,0.13685636856368563,71,0.9579945799457994,1.9159891598915988,Low,High,Markdown
84879,ASSORTED COLOUR BIRD ORNAMENT,78234,124351.86,2652,106.00813008130082,290,742.0569105691058,1484.1138211382115,High,Low,Reorder
84880,WHITE WIRE EGG HOLDER,1668,9227.800000000001,327,2.2601626016260163,103,15.821138211382115,31.64227642276423,Low,Low,Healthy
84881,BLUE WIRE SPIRAL CANDLE HOLDER,50,317.5,22,0.06775067750677506,145,0.47425474254742545,0.9485094850948509,Low,High,Markdown
84882,GREEN WIRE STANDING CANDLE HOLDER,55,206.25,27,0.07452574525745258,91,0.521680216802168,1.043360433604336,Low,High,Markdown
84884A,ANT WHITE WIRE HEART SPIRAL,1654,5817.66,269,2.241192411924119,255,15.688346883468833,31.376693766937667,Low,High,Markdown
84886,BLUE METAL WALL SHELF,11,109.44999999999999,8,0.014905149051490514,75,0.1043360433604336,0.2086720867208672,Low,High,Markdown
84891B,GREEN WIRE GOBLET CANDLEHOLDER,7,55.65,5,0.009485094850948509,129,0.06639566395663957,0.13279132791327913,Low,High,Markdown
84893,ANT WHITE IRON BASKET,33,186.35000000000002,15,0.044715447154471545,211,0.3130081300813008,0.6260162601626016,Low,High,Markdown
84898F,YELLOW FLOWERS FELT HANDBAG KIT,154,323.40000000000003,47,0.2086720867208672,112,1.4607046070460705,2.921409214092141,Low,High,Markdown
84899E,YELLOW + BROWN BEAR FELT PURSE KIT,46,57.5,14,0.06233062330623306,75,0.4363143631436314,0.8726287262872628,Low,High,Markdown
84899F,YELLOW PURPLE DAISY FELT PURSE KIT,86,107.5,23,0.11653116531165311,79,0.8157181571815718,1.6314363143631436,Low,High,Markdown
84901,BLACK FACE LAMB WITH PANTS,98,365.34,56,0.13279132791327913,157,0.929539295392954,1.859078590785908,Low,High,Markdown
84902,PINK KNITTED COW STUFFED TOY,58,215.34,33,0.07859078590785908,58,0.5501355013550135,1.100271002710027,Low,High,Markdown
84905,PINK BUTTERFLY C/COVER ,151,392.25,20,0.2046070460704607,47,1.432249322493225,2.86449864498645,Low,High,Markdown
84906,PINK B'FLY C/COVER W BOBBLES,58,277.1,18,0.07859078590785908,68,0.5501355013550135,1.100271002710027,Low,High,Markdown
84907,PINK/YELLOW PATCH CUSHION COVER,365,820.0500000000001,14,0.494579945799458,144,3.462059620596206,6.924119241192412,Low,High,Markdown
84908A,PINK 5 PATCH FLOWER CUSHION COVER ,387,769.65,7,0.524390243902439,32,3.6707317073170733,7.341463414634147,Low,High,Markdown
84908B,BLUE 5 PATCH FLOWER CUSHION COVER,385,755.75,5,0.521680216802168,55,3.651761517615176,7.303523035230352,Low,High,Markdown
84909A,PINK PAISLEY QUILT ,208,2784.8,29,0.28184281842818426,120,1.9728997289972898,3.9457994579945797,Low,High,Markdown
84910A,PINK PAISLEY CUSHION COVER ,412,1058.2,40,0.5582655826558266,105,3.907859078590786,7.815718157181572,Low,High,Markdown
84912A,PINK ROSE WASHBAG,891,2291.25,97,1.2073170731707317,23,8.451219512195122,16.902439024390244,Low,Low,Healthy
84912B,GREEN ROSE WASHBAG,870,2212.5,84,1.1788617886178863,242,8.252032520325203,16.504065040650406,Low,High,Markdown
84913A,SOFT PINK ROSE TOWEL ,110,511.5,32,0.14905149051490515,185,1.043360433604336,2.086720867208672,Low,High,Markdown
84913B,MINT GREEN ROSE TOWEL,104,483.6,30,0.14092140921409213,297,0.9864498644986449,1.9728997289972898,Low,High,Markdown
84914A,PINK ROSE PICNIC RUG,3,77.85,2,0.0040650406504065045,149,0.02845528455284553,0.05691056910569106,Low,High,Markdown
84915,HAND TOWEL PINK FLOWER AND DAISY,208,335.5,18,0.28184281842818426,50,1.9728997289972898,3.9457994579945797,Low,High,Markdown
84916,HAND TOWEL PALE BLUE W FLOWERS,230,514.5,30,0.3116531165311653,30,2.181571815718157,4.363143631436314,Low,High,Markdown
84917,WHITE HAND TOWEL WITH BUTTERFLY,183,477.85,17,0.24796747967479674,115,1.735772357723577,3.471544715447154,Low,High,Markdown
84918,CREAM C/COVER W YELLOW/GREEN FLOWER,113,425.35,17,0.15311653116531165,209,1.0718157181571817,2.1436314363143634,Low,High,Markdown
84919,L BLUE C/COVER W PINK/YELLOW FLOWER,260,1407.0,21,0.3523035230352303,211,2.4661246612466123,4.932249322493225,Low,High,Markdown
84920,PINK FLOWER FABRIC PONY,145,537.35,54,0.19647696476964768,285,1.3753387533875339,2.7506775067750677,Low,High,Markdown
84921,CREAM AND PINK FLOWERS PONY ,27,101.25,14,0.036585365853658534,147,0.25609756097560976,0.5121951219512195,Low,High,Markdown
84922,PINK BUTTERFLY WASHBAG,335,748.75,10,0.453929539295393,257,3.177506775067751,6.355013550135502,Low,High,Markdown
84923,PINK BUTTERFLY HANDBAG W BOBBLES,9,76.5,5,0.012195121951219513,131,0.08536585365853659,0.17073170731707318,Low,High,Markdown
84924A,WAKE UP COCKEREL CALENDAR SIGN ,117,449.88,46,0.15853658536585366,164,1.1097560975609757,2.2195121951219514,Low,High,Markdown
84924D,LA PALMIERA METAL SIGN CALENDAR,760,246.0,12,1.029810298102981,84,7.208672086720868,14.417344173441736,Low,High,Markdown
84924F,PSYCHEDELIC METAL SIGN CALENDAR,973,259.15,8,1.3184281842818428,266,9.2289972899729,18.4579945799458,Low,High,Markdown
84925A,WAKE UP COCKEREL WALL THERMOMETER,177,328.95,15,0.23983739837398374,242,1.6788617886178863,3.3577235772357725,Low,High,Markdown
84925C,FAIRY CAKES  WALL THERMOMETER,28,71.39999999999999,10,0.037940379403794036,125,0.26558265582655827,0.5311653116531165,Low,High,Markdown
84925D,LA PALMIERA WALL THERMOMETER,452,677.4499999999999,26,0.6124661246612466,200,4.287262872628727,8.574525745257453,Low,High,Markdown
84925E,FLOWERS WALL THERMOMETER,75,130.05,3,0.1016260162601626,203,0.7113821138211383,1.4227642276422765,Low,High,Markdown
84925F,PSYCHEDELIC WALL THERMOMETER,711,857.9300000000001,31,0.9634146341463414,245,6.7439024390243905,13.487804878048781,Low,High,Markdown
84926A,WAKE UP COCKEREL TILE COASTER,651,265.59,42,0.8821138211382114,284,6.17479674796748,12.34959349593496,Low,High,Markdown
84926B,SCOTTS ROSES TILE COASTER,54,67.5,10,0.07317073170731707,297,0.5121951219512195,1.024390243902439,Low,High,Markdown
84926C,FAIRY CAKES TILE COASTER,125,156.25,19,0.16937669376693767,108,1.1856368563685638,2.3712737127371275,Low,High,Markdown
84926D,LA PALMIERA TILE COASTER,762,337.89,38,1.032520325203252,195,7.227642276422764,14.455284552845528,Low,High,Markdown
84926E,FLOWERS TILE COASTER,1077,461.63,48,1.4593495934959348,37,10.215447154471544,20.43089430894309,Low,Low,Healthy
84926F,PSYCHEDELIC TILE COASTER,465,230.5,30,0.6300813008130082,125,4.410569105691057,8.821138211382115,Low,High,Markdown
84927A,WAKE UP COCKEREL TILE HOOK,218,124.17,25,0.2953929539295393,290,2.067750677506775,4.13550135501355,Low,High,Markdown
84927D,LA PALMIERA TILE HOOK,949,194.61,24,1.2859078590785908,186,9.001355013550135,18.00271002710027,Low,High,Markdown
84927E,FLOWERS TILE HOOK,489,203.34,24,0.6626016260162602,32,4.638211382113822,9.276422764227643,Low,Low,Healthy
84927F,PSYCHEDELIC TILE HOOK,324,227.25,51,0.43902439024390244,51,3.073170731707317,6.146341463414634,Low,High,Markdown
84929,ASSTD FRUIT+FLOWERS FRIDGE MAGNETS,2928,915.12,90,3.967479674796748,59,27.772357723577233,55.544715447154466,Low,Low,Healthy
84931A,PINK SCOTTIE DOG W FLOWER PATTERN,146,369.6,47,0.1978319783197832,167,1.3848238482384823,2.7696476964769645,Low,High,Markdown
84931B,BLUE SCOTTIE DOG W FLOWER PATTERN,219,553.05,52,0.2967479674796748,237,2.0772357723577235,4.154471544715447,Low,High,Markdown
84932A,SMALL GREEN PEONY FOLDING STOOL,262,602.6,24,0.35501355013550134,238,2.4850948509485096,4.970189701897019,Low,High,Markdown
84932B,SMALL PINK PEONY FOLDING STOOL,189,401.3,17,0.25609756097560976,101,1.7926829268292683,3.5853658536585367,Low,High,Markdown
84932C,SMALL ORIENTAL BLUE FOLDING STOOL,282,615.4,34,0.3821138211382114,227,2.6747967479674797,5.349593495934959,Low,High,Markdown
84932D,SMALL ORIENTAL RED FOLDING STOOL,237,540.75,19,0.32113821138211385,220,2.247967479674797,4.495934959349594,Low,High,Markdown
84933A,LARGE GREEN PEONY FOLDING STOOL,131,314.34999999999997,6,0.17750677506775067,57,1.2425474254742548,2.4850948509485096,Low,High,Markdown
84933B,LARGE PINK PEONY FOLDING STOOL,136,309.15,6,0.1842818428184282,230,1.2899728997289972,2.5799457994579944,Low,High,Markdown
84933C,LARGE BLUE ORIENTAL FOLDING STOOL,136,317.0,6,0.1842818428184282,268,1.2899728997289972,2.5799457994579944,Low,High,Markdown
84934,ASSTD DESIGN POP ART SLIM PEN,684,581.4,12,0.926829268292683,246,6.487804878048781,12.975609756097562,Low,High,Markdown
84937,KASHMIR FOLKART TUMBLERS,2486,4827.82,83,3.368563685636856,67,23.57994579945799,47.15989159891598,Low,Low,Healthy
84942,KASHMIR FOLKART HEART DISHES,3,5.07,3,0.0040650406504065045,37,0.02845528455284553,0.05691056910569106,Low,High,Markdown
84944,SET OF 6 KASHMIR FOLKART BAUBLES,911,2493.75,149,1.2344173441734418,215,8.640921409214092,17.281842818428185,Low,High,Markdown
84945,MULTI COLOUR SILVER T-LIGHT HOLDER,21125,16833.35,585,28.624661246612465,206,200.37262872628725,400.7452574525745,High,Low,Reorder
84946,ANTIQUE SILVER TEA GLASS ETCHED,31553,36716.86,1323,42.75474254742547,243,299.2831978319783,598.5663956639567,High,Low,Reorder
84947,ANTIQUE SILVER TEA GLASS ENGRAVED,15028,17162.93,559,20.363143631436316,248,142.5420054200542,285.0840108401084,High,Low,Reorder
84948,SILVER HANGING T-LIGHT HOLDER DOME,268,442.2,33,0.36314363143631434,96,2.5420054200542004,5.084010840108401,Low,High,Markdown
84949,SILVER HANGING T-LIGHT HOLDER,11635,18001.35,612,15.765582655826558,207,110.3590785907859,220.7181571815718,High,Low,Reorder
84950,ASSORTED COLOUR T-LIGHT HOLDER,5610,3677.1400000000003,221,7.6016260162601625,289,53.21138211382114,106.42276422764228,Low,Low,Healthy
84951A,S/4 PISTACHIO LOVEBIRD COASTERS,461,488.72,46,0.6246612466124661,114,4.372628726287263,8.745257452574526,Low,High,Markdown
84951B,S/4 BLACK LOVEBIRD COASTERS,366,400.04,40,0.4959349593495935,151,3.471544715447154,6.943089430894308,Low,High,Markdown
84952A,CLEAR LOVE BIRD T-LIGHT HOLDER,84,249.11,14,0.11382113821138211,58,0.7967479674796748,1.5934959349593496,Low,High,Markdown
84952B,BLACK LOVE BIRD T-LIGHT HOLDER,311,485.36,21,0.42140921409214094,91,2.9498644986449865,5.899728997289973,Low,High,Markdown
84952C,MIRROR LOVE BIRD T-LIGHT HOLDER,343,601.65,24,0.46476964769647694,179,3.2533875338753386,6.506775067750677,Low,High,Markdown
84962,SET/3 COLOUR PAINTED KASHMIRI STOOL,3,179.85000000000002,2,0.0040650406504065045,206,0.02845528455284553,0.05691056910569106,Low,High,Markdown
84963A,PINK PAINTED KASHMIRI CHAIR,22,713.4000000000001,8,0.02981029810298103,210,0.2086720867208672,0.4173441734417344,Low,High,Markdown
84963B,BLUE PAINTED KASHMIRI CHAIR,18,591.5,6,0.024390243902439025,139,0.17073170731707318,0.34146341463414637,Low,High,Markdown
84964A,PINK PAINTED KASHMIRI TABLE,11,630.0,2,0.014905149051490514,239,0.1043360433604336,0.2086720867208672,Low,High,Markdown
84964B,BLUE PAINTED KASHMIRI TABLE ,17,990.0,2,0.023035230352303523,72,0.16124661246612465,0.3224932249322493,Low,High,Markdown
84965A,PINK KASHMIRI COFFEE TABLE ,20,1050.0,3,0.02710027100271003,241,0.1897018970189702,0.3794037940379404,Low,High,Markdown
84965B,BLUE KASHMIRI COFFEE TABLE ,27,1359.95,4,0.036585365853658534,150,0.25609756097560976,0.5121951219512195,Low,High,Markdown
84966A,PINK KASHMIRI BOXED MIRROR,12,176.0,3,0.016260162601626018,256,0.11382113821138212,0.22764227642276424,Low,High,Markdown
84966B,BLUE KASHMIRI BOXED MIRROR,33,428.0,4,0.044715447154471545,265,0.3130081300813008,0.6260162601626016,Low,High,Markdown
84966C,GREEN KASHMIRI BOXED MIRROR,23,276.0,2,0.03116531165311653,245,0.2181571815718157,0.4363143631436314,Low,High,Markdown
84967A,PINK KASHMIRI OCCASIONAL TABLE,2,94.95,2,0.0027100271002710027,227,0.018970189701897018,0.037940379403794036,Low,High,Markdown
84967B,BLUE KASHMIRI OCCASIONAL TABLE,23,1169.5,10,0.03116531165311653,115,0.2181571815718157,0.4363143631436314,Low,High,Markdown
84967C,GREEN KASHMIRI OCCASIONAL TABLE,9,419.85,4,0.012195121951219513,219,0.08536585365853659,0.17073170731707318,Low,High,Markdown
84968A,S/16 VINTAGE ROSE CUTLERY,351,4302.45,116,0.47560975609756095,266,3.3292682926829267,6.658536585365853,Low,High,Markdown
84968B,S/16 VINTAGE IVORY CUTLERY,280,3471.0,80,0.3794037940379404,91,2.655826558265583,5.311653116531166,Low,High,Markdown
84968C,S/16 VINTAGE PISTACHIO CUTLERY,354,4254.299999999999,97,0.4796747967479675,204,3.3577235772357725,6.715447154471545,Low,High,Markdown
84968D,S/16 VINTAGE RED CUTLERY,341,3983.37,59,0.462059620596206,25,3.234417344173442,6.468834688346884,Low,Low,Healthy
84968E,S/16 VINTAGE BLACK CUTLERY,315,3682.8599999999997,62,0.4268292682926829,225,2.9878048780487805,5.975609756097561,Low,High,Markdown
84968F,S/16 VINTAGE SKY BLUE CUTLERY,155,1933.05,65,0.21002710027100271,51,1.470189701897019,2.940379403794038,Low,High,Markdown
84969,ASSORTED COLOUR SET 6 TEASPOONS,645,2755.49,168,0.8739837398373984,118,6.117886178861789,12.235772357723578,Low,High,Markdown
84970L,SINGLE HEART ZINC T-LIGHT HOLDER,16445,15241.51,821,22.28319783197832,275,155.98238482384824,311.96476964769647,High,Low,Reorder
84970S,HANGING HEART ZINC T-LIGHT HOLDER,25389,19821.96,1141,34.40243902439025,206,240.81707317073173,481.63414634146346,High,Low,Reorder
84971L,LARGE HEART FLOWERS HOOK   ,568,680.36,43,0.7696476964769647,95,5.387533875338753,10.775067750677506,Low,High,Markdown
84971S,SMALL HEART FLOWERS HOOK ,6206,5053.259999999999,325,8.409214092140921,196,58.86449864498645,117.7289972899729,Low,Low,Healthy
84972L,GIANT PINK HEART MEMO HOLDER,112,442.40000000000003,44,0.15176151761517614,274,1.062330623306233,2.124661246612466,Low,High,Markdown
84974,S/2 ZINC HEART DESIGN PLANTERS,89,879.55,57,0.12059620596205962,209,0.8441734417344173,1.6883468834688347,Low,High,Markdown
84975,HEART SHAPED MIRROR,1923,3041.07,167,2.605691056910569,146,18.239837398373982,36.479674796747965,Low,Low,Healthy
84976,RECTANGULAR SHAPED MIRROR,652,656.9,42,0.8834688346883469,273,6.184281842818429,12.368563685636857,Low,High,Markdown
84977,WIRE FLOWER T-LIGHT HOLDER,220,275.0,41,0.2981029810298103,232,2.086720867208672,4.173441734417344,Low,High,Markdown
84978,HANGING HEART JAR T-LIGHT HOLDER,19012,22079.739999999998,1087,25.761517615176153,269,180.33062330623306,360.66124661246613,High,Low,Reorder
84984A,GREEN PEONY DES C/COVER,265,450.25,16,0.35907859078590787,103,2.513550135501355,5.02710027100271,Low,High,Markdown
84984B,RED PEONY DES C/COVER ,322,541.3,16,0.4363143631436314,32,3.05420054200542,6.10840108401084,Low,High,Markdown
84984C,ORIENTAL BLUE C/COVER ,227,341.55,12,0.3075880758807588,64,2.1531165311653115,4.306233062330623,Low,High,Markdown
84984D,ORIENTAL RED C/COVER ,152,328.0,15,0.20596205962059622,146,1.4417344173441735,2.883468834688347,Low,High,Markdown
84985A,SET OF 72 GREEN PAPER DOILIES,578,838.0999999999999,119,0.7831978319783198,133,5.482384823848239,10.964769647696478,Low,High,Markdown
84985B,SET OF 72 BLACK PAPER DOILIES ,122,176.89999999999998,19,0.16531165311653118,295,1.1571815718157183,2.3143631436314367,Low,High,Markdown
84986B,SET OF 36 SILVER PAPER DOILIES,415,601.75,67,0.5623306233062331,224,3.9363143631436315,7.872628726287263,Low,High,Markdown
84987,SET OF 36 TEATIME PAPER DOILIES,7832,11012.88,642,10.612466124661246,292,74.28726287262873,148.57452574525746,Low,Low,Healthy
84988,SET OF 72 PINK HEART PAPER DOILIES,7595,10729.4,618,10.291327913279133,77,72.03929539295393,144.07859078590786,High,Low,Reorder
84989A,75 GREEN FAIRY CAKE CASES,2066,1027.1,121,2.799457994579946,238,19.59620596205962,39.19241192411924,Low,High,Markdown
84989B,75 BLACK FAIRY CAKE CASES,985,479.34999999999997,46,1.334688346883469,128,9.342818428184282,18.685636856368564,Low,High,Markdown
84990,60 GOLD AND SILVER FAIRY CAKE CASES,4201,2006.23,161,5.6924119241192415,298,39.84688346883469,79.69376693766938,Low,Low,Healthy
84991,60 TEATIME FAIRY CAKE CASES,52828,25785.92,1765,71.58265582655827,193,501.07859078590786,1002.1571815718157,High,Low,Reorder
84992,72 SWEETHEART FAIRY CAKE CASES,33936,16178.47,1176,45.983739837398375,283,321.8861788617886,643.7723577235772,High,Low,Reorder
84993A,75 GREEN PETIT FOUR CASES,1343,564.06,126,1.8197831978319783,130,12.738482384823849,25.476964769647697,Low,High,Markdown
84993B,75 BLACK PETIT FOUR CASES,521,218.82,77,0.7059620596205962,206,4.941734417344174,9.883468834688347,Low,High,Markdown
84997A,GREEN 3 PIECE MINI DOTS CUTLERY SET,5093,18834.65,544,6.901084010840108,288,48.30758807588076,96.61517615176152,Low,Low,Healthy
84997B,RED 3 PIECE MINI DOTS CUTLERY SET,8905,32788.13,932,12.066395663956639,248,84.46476964769647,168.92953929539294,Low,Low,Healthy
84997C,BLUE 3 PIECE MINI DOTS CUTLERY SET,8531,31521.77,883,11.559620596205962,175,80.91734417344173,161.83468834688347,Low,Low,Healthy
84997D,PINK 3 PIECE MINI DOTS CUTLERY SET,10284,38082.82,992,13.934959349593496,208,97.54471544715447,195.08943089430895,Low,Low,Healthy
85006,SET 4 NURSERY DES ROUND BOXES,3047,1280.45,35,4.1287262872628725,291,28.90108401084011,57.80216802168022,Low,High,Markdown
85007,SET OF 3 VINTAGE TEA TIME BOXES,139,376.35,19,0.18834688346883469,21,1.3184281842818428,2.6368563685636857,Low,High,Markdown
85008,SET OF 3 CONEY ISLAND OVAL BOXES,259,961.8,89,0.3509485094850949,265,2.456639566395664,4.913279132791328,Low,High,Markdown
85014A,BLACK/BLUE DOTS RUFFLED UMBRELLA,4566,21174.690000000002,640,6.186991869918699,229,43.30894308943089,86.61788617886178,Low,Low,Healthy
85014B,RED/WHITE DOTS RUFFLED UMBRELLA,6018,29235.27,794,8.154471544715447,32,57.08130081300813,114.16260162601625,High,Low,Reorder
85014C,BLUE/BROWN DOTS RUFFLED UMBRELLA,539,2167.85,65,0.7303523035230353,115,5.112466124661247,10.224932249322494,Low,High,Markdown
85014D,PINK/BROWN DOTS RUFFLED UMBRELLA,1912,6607.6,86,2.5907859078590785,240,18.13550135501355,36.2710027100271,Low,High,Markdown
85015,SET OF 12  VINTAGE POSTCARD SET,2709,2250.87,144,3.6707317073170733,257,25.695121951219512,51.390243902439025,Low,High,Markdown
85016,SET OF 6 VINTAGE NOTELETS KIT,1450,1457.3999999999999,70,1.9647696476964769,113,13.753387533875339,27.506775067750677,Low,Low,Healthy
85017A,ENVELOPE 50 ROMANTIC IMAGES,924,599.64,53,1.2520325203252032,288,8.764227642276422,17.528455284552845,Low,High,Markdown
85017B,ENVELOPE 50 BLOSSOM IMAGES,1859,1080.99,118,2.5189701897018972,190,17.63279132791328,35.26558265582656,Low,High,Markdown
85017C,ENVELOPE 50 CURIOUS IMAGES,931,590.11,56,1.2615176151761518,113,8.830623306233063,17.661246612466126,Low,High,Markdown
85018A,S/6 PAPER BOXES ROMANTIC IMAGES,15,63.75,10,0.02032520325203252,168,0.14227642276422764,0.2845528455284553,Low,High,Markdown
85018B,S/6 PAPER BOXES BLOSSOM IMAGES ,15,63.75,10,0.02032520325203252,131,0.14227642276422764,0.2845528455284553,Low,High,Markdown
85018C,S/6 PAPER BOXES CURIOUS IMAGES ,36,127.2,4,0.04878048780487805,74,0.34146341463414637,0.6829268292682927,Low,High,Markdown
85018D,YULETIDE IMAGES S/6 PAPER BOXES,762,901.5,63,1.032520325203252,135,7.227642276422764,14.455284552845528,Low,High,Markdown
85019A,ROMANTIC IMAGES NOTEBOOK SET,639,876.75,41,0.8658536585365854,162,6.060975609756097,12.121951219512194,Low,High,Markdown
85019B,BLOSSOM  IMAGES NOTEBOOK SET,704,940.0,36,0.9539295392953929,220,6.677506775067751,13.355013550135501,Low,High,Markdown
85019C,CURIOUS  IMAGES NOTEBOOK SET,421,634.25,23,0.5704607046070461,199,3.9932249322493227,7.9864498644986455,Low,High,Markdown
85020,ROUND PINK HEART MIRROR,224,470.4,44,0.3035230352303523,221,2.124661246612466,4.249322493224932,Low,High,Markdown
85023A,CRYSTAL LARGE JEWELLED PHOTO FRAME,22,56.099999999999994,10,0.02981029810298103,72,0.2086720867208672,0.4173441734417344,Low,High,Markdown
85023B,EAU DE NILE JEWELLED PHOTOFRAME,292,679.8000000000001,37,0.3956639566395664,199,2.7696476964769645,5.539295392953929,Low,High,Markdown
85023C,PINK LARGE JEWELED PHOTOFRAME,23,58.64999999999999,11,0.03116531165311653,156,0.2181571815718157,0.4363143631436314,Low,High,Markdown
85024A,CRYSTAL SMALL JEWELLED PHOTOFRAME,1,1.65,1,0.0013550135501355014,201,0.009485094850948509,0.018970189701897018,Low,High,Markdown
85024B,EAU DE NILE JEWELLED PHOTOFRAME,218,330.90000000000003,20,0.2953929539295393,20,2.067750677506775,4.13550135501355,Low,High,Markdown
85024C,PINK SMALL JEWELLED PHOTOFRAME,99,163.35,42,0.13414634146341464,63,0.9390243902439025,1.878048780487805,Low,High,Markdown
85025B,EAU DE NILE HEART SHAPE PHOTO FRAME,525,837.45,65,0.7113821138211383,246,4.979674796747968,9.959349593495936,Low,High,Markdown
85025C,PINK HEART SHAPE PHOTO FRAME,642,1029.1,92,0.8699186991869918,117,6.089430894308943,12.178861788617885,Low,High,Markdown
85026B,EAU DE NILE JEWELLED T-LIGHT HOLDER,161,136.85,20,0.2181571815718157,227,1.52710027100271,3.05420054200542,Low,High,Markdown
85027L,FRENCH CHATEAU LARGE PLATTER ,190,538.5,40,0.25745257452574527,284,1.802168021680217,3.604336043360434,Low,High,Markdown
85028L,FRENCH CHATEAU LARGE FRUIT BOWL ,269,621.75,25,0.36449864498644985,290,2.551490514905149,5.102981029810298,Low,High,Markdown
85028S,FRENCH CHATEAU SMALL FRUITBOWL,429,646.65,32,0.5813008130081301,159,4.069105691056911,8.138211382113822,Low,High,Markdown
85030,FRENCH CHATEAU OVAL PLATTER,211,531.4499999999999,29,0.2859078590785908,256,2.0013550135501355,4.002710027100271,Low,High,Markdown
85031A,ROMANTIC IMAGES SCRAP BOOK SET,386,634.2,38,0.5230352303523035,91,3.6612466124661243,7.3224932249322485,Low,High,Markdown
85031B,BLOSSOM IMAGES SCRAP BOOK SET,408,598.8,26,0.5528455284552846,174,3.869918699186992,7.739837398373984,Low,High,Markdown
85031C,CURIOUS IMAGES SCRAP BOOK SET,343,543.45,28,0.46476964769647694,209,3.2533875338753386,6.506775067750677,Low,High,Markdown
85032A,ROMANTIC IMAGES GIFT WRAP SET,1383,1200.55,118,1.8739837398373984,287,13.117886178861788,26.235772357723576,Low,High,Markdown
85032B,BLOSSOM IMAGES GIFT WRAP SET,929,846.0,106,1.2588075880758807,126,8.811653116531165,17.62330623306233,Low,High,Markdown
85032C,CURIOUS IMAGES GIFT WRAP SET,793,772.1,100,1.0745257452574526,251,7.521680216802168,15.043360433604336,Low,High,Markdown
85032D,YULETIDE IMAGES GIFT WRAP SET,1008,1063.06,90,1.3658536585365855,61,9.560975609756099,19.121951219512198,Low,Low,Healthy
85033G,SET/6 GOLD REINDEER T-LIGHT CANDLES,201,225.55,17,0.27235772357723576,209,1.9065040650406502,3.8130081300813004,Low,High,Markdown
85033S,SET/6 SILVER REINDEER T-LIGHTS,242,252.2,39,0.32791327913279134,158,2.2953929539295395,4.590785907859079,Low,High,Markdown
85034A,3 GARDENIA MORRIS BOXED CANDLES,819,2145.11,110,1.1097560975609757,122,7.76829268292683,15.53658536585366,Low,High,Markdown
85034B,3 WHITE CHOC MORRIS BOXED CANDLES,1105,2232.73,111,1.497289972899729,190,10.481029810298104,20.962059620596207,Low,High,Markdown
85034C,3 ROSE MORRIS BOXED CANDLES,1237,2223.73,158,1.6761517615176151,292,11.733062330623305,23.46612466124661,Low,High,Markdown
85035A,GARDENIA 3 WICK MORRIS BOXED CANDLE,613,2112.17,154,0.8306233062330624,240,5.814363143631437,11.628726287262873,Low,High,Markdown
85035B,CHOCOLATE 3 WICK MORRIS BOX CANDLE,916,2242.12,98,1.2411924119241193,232,8.688346883468835,17.37669376693767,Low,High,Markdown
85035C,ROSE 3 WICK MORRIS BOX CANDLE,1302,2470.82,168,1.7642276422764227,75,12.34959349593496,24.69918699186992,Low,Low,Healthy
85036A,GARDENIA 1 WICK MORRIS BOXED CANDLE,605,2293.17,155,0.8197831978319783,121,5.738482384823848,11.476964769647696,Low,High,Markdown
85036B,CHOCOLATE 1 WICK MORRIS BOX CANDLE,588,1498.06,79,0.7967479674796748,211,5.5772357723577235,11.154471544715447,Low,High,Markdown
85036C,ROSE 1 WICK MORRIS BOXED CANDLE,862,1575.68,120,1.1680216802168022,219,8.176151761517616,16.352303523035232,Low,High,Markdown
85038,6 CHOCOLATE LOVE HEART T-LIGHTS,2502,4935.76,282,3.3902439024390243,252,23.73170731707317,47.46341463414634,Low,High,Markdown
85039A,SET/4 RED MINI ROSE CANDLE IN BOWL,1117,1095.35,90,1.513550135501355,246,10.594850948509485,21.18970189701897,Low,High,Markdown
85039B,S/4 IVORY MINI ROSE CANDLE IN BOWL,1255,1488.43,110,1.7005420054200542,158,11.90379403794038,23.80758807588076,Low,High,Markdown
85039C,S/4 BLACK MINI ROSE CANDLE IN BOWL,413,267.96999999999997,39,0.559620596205962,168,3.9173441734417342,7.8346883468834685,Low,High,Markdown
85040A,S/4 PINK FLOWER CANDLES IN BOWL,1905,3131.09,314,2.5813008130081303,134,18.06910569105691,36.13821138211382,Low,Low,Healthy
85040B,SET/4 BLUE FLOWER CANDLES IN BOWL,2415,3703.95,232,3.272357723577236,82,22.90650406504065,45.8130081300813,Low,Low,Healthy
85041,SET/4 PINK ORCHID CANDLES IN BOWL,1818,2397.7799999999997,79,2.4634146341463414,123,17.24390243902439,34.48780487804878,Low,Low,Healthy
85042,ANTIQUE LILY FAIRY LIGHTS,2668,12081.0,281,3.6151761517615175,175,25.306233062330623,50.612466124661246,Low,Low,Healthy
85043,RED HEART CANDY POP LIGHTS,1,4.95,1,0.0013550135501355014,292,0.009485094850948509,0.018970189701897018,Low,High,Markdown
85044,RED REINDEER STRING OF 20 LIGHTS,131,605.75,26,0.17750677506775067,25,1.2425474254742548,2.4850948509485096,Low,High,Markdown
85045,GREEN CHRISTMAS TREE STRING 20LIGHT,457,2102.55,70,0.6192411924119241,166,4.3346883468834685,8.669376693766937,Low,High,Markdown
85047,WHITE BEADED GARLAND STRING 20LIGHT,994,6043.099999999999,201,1.3468834688346885,203,9.42818428184282,18.85636856368564,Low,High,Markdown
85048,15CM CHRISTMAS GLASS BALL 20 LIGHTS,2525,18618.75,432,3.421409214092141,47,23.94986449864499,47.89972899728998,High,Low,Reorder
85049A,TRADITIONAL CHRISTMAS RIBBONS,5802,7171.83,562,7.861788617886178,57,55.03252032520325,110.0650406504065,High,Low,Reorder
85049B,LUSH GREENS RIBBONS,2092,2585.36,317,2.834688346883469,138,19.842818428184284,39.68563685636857,Low,Low,Healthy
85049C,ROMANTIC PINKS RIBBONS ,2927,3630.32,459,3.9661246612466123,263,27.762872628726285,55.52574525745257,Low,High,Markdown
85049D,BRIGHT BLUES RIBBONS ,2283,2826.39,372,3.0934959349593494,87,21.654471544715445,43.30894308943089,Low,Low,Healthy
85049E,SCANDINAVIAN REDS RIBBONS,5933,7427.48,681,8.03929539295393,233,56.27506775067751,112.55013550135502,Low,Low,Healthy
85049F,BABY BOOM RIBBONS ,2074,2565.14,295,2.81029810298103,237,19.67208672086721,39.34417344173442,Low,High,Markdown
85049G,CHOCOLATE BOX RIBBONS ,3761,4570.5,459,5.096205962059621,196,35.673441734417345,71.34688346883469,Low,Low,Healthy
85049H,URBAN BLACK RIBBONS ,1627,1653.3,210,2.2046070460704605,183,15.432249322493224,30.864498644986448,Low,High,Markdown
85050,FRENCH ENAMEL SOAP DISH WITH LID,48,100.8,1,0.06504065040650407,77,0.4552845528455285,0.910569105691057,Low,High,Markdown
85053,FRENCH ENAMEL CANDLEHOLDER,1845,3667.29,277,2.5,288,17.5,35.0,Low,High,Markdown
85054,FRENCH ENAMEL POT W LID,843,2083.9100000000003,159,1.1422764227642277,77,7.995934959349594,15.991869918699187,Low,High,Markdown
85055,FRENCH ENAMEL UTENSIL HOLDER,316,1130.6,79,0.4281842818428184,124,2.997289972899729,5.994579945799458,Low,High,Markdown
85059,FRENCH ENAMEL WATER BASIN,536,1655.31,142,0.7262872628726287,247,5.084010840108401,10.168021680216802,Low,High,Markdown
85060,WOOD FAN WITH FLOWER DESIGN,1391,1638.43,74,1.8848238482384825,266,13.193766937669377,26.387533875338754,Low,High,Markdown
85061W,WHITE JEWELLED HEART DECORATION,5858,4714.5199999999995,330,7.937669376693767,207,55.56368563685637,111.12737127371274,Low,Low,Healthy
85062,PEARL CRYSTAL PUMPKIN T-LIGHT HLDR,3648,5792.07,278,4.943089430894309,102,34.60162601626016,69.20325203252033,Low,Low,Healthy
85063,CREAM SWEETHEART MAGAZINE RACK,275,4455.25,150,0.37262872628726285,205,2.60840108401084,5.21680216802168,Low,High,Markdown
85064,CREAM SWEETHEART LETTER RACK,1538,6897.62,239,2.084010840108401,271,14.588075880758808,29.176151761517616,Low,High,Markdown
85065,CREAM SWEETHEART TRAYS,582,6734.5,232,0.7886178861788617,257,5.520325203252032,11.040650406504064,Low,High,Markdown
85066,CREAM SWEETHEART MINI CHEST,2948,35264.729999999996,809,3.994579945799458,203,27.962059620596207,55.924119241192415,Low,Low,Healthy
85067,CREAM SWEETHEART WALL CABINET,472,7417.259999999999,154,0.6395663956639567,229,4.476964769647696,8.953929539295393,Low,High,Markdown
85068,CREAM SWEETHEART SHELF + HOOKS,922,6097.56,173,1.2493224932249323,116,8.745257452574526,17.490514905149052,Low,High,Markdown
85069,CREAM SWEETHEART DOUBLE SHELF,3,50.85,1,0.0040650406504065045,227,0.02845528455284553,0.05691056910569106,Low,High,Markdown
85070,ANT WHITE SWEETHEART TABLE W 3 DRAW,3,320.0,3,0.0040650406504065045,156,0.02845528455284553,0.05691056910569106,Low,High,Markdown
85071A,BLUE CHARLIE+LOLA PERSONAL DOORSIGN,1839,1336.41,124,2.491869918699187,203,17.443089430894307,34.886178861788615,Low,High,Markdown
85071B,RED CHARLIE+LOLA PERSONAL DOORSIGN,2291,1226.57,139,3.1043360433604335,95,21.730352303523034,43.46070460704607,Low,Low,Healthy
85071C,"CHARLIE+LOLA""EXTREMELY BUSY"" SIGN",1197,669.8199999999999,98,1.6219512195121952,161,11.353658536585368,22.707317073170735,Low,High,Markdown
85071D,CHARLIE+LOLA MY ROOM DOOR SIGN,838,482.34,87,1.1355013550135502,256,7.948509485094851,15.897018970189702,Low,High,Markdown
85072,OCCASIONS GIFT CARD ASSORTMENT,120,66.0,1,0.16260162601626016,44,1.1382113821138211,2.2764227642276422,Low,High,Markdown
85078,SCANDINAVIAN 3 HEARTS NAPKIN RING,2044,570.2,84,2.769647696476965,86,19.387533875338754,38.77506775067751,Low,Low,Healthy
85079,EMBROIDERED REINDEER DECORATION,18,28.0,6,0.024390243902439025,269,0.17073170731707318,0.34146341463414637,Low,High,Markdown
85080,PADDED RED HEART DECORATION,113,55.76,22,0.15311653116531165,137,1.0718157181571817,2.1436314363143634,Low,High,Markdown
85081,PADDED HOLLY CHRISTMAS DECORATION ,100,44.49,20,0.13550135501355012,92,0.9485094850948509,1.8970189701897018,Low,High,Markdown
85083,KISS REINDEER SCANDINAVIAN STOCKING,5,12.749999999999998,2,0.006775067750677507,29,0.04742547425474255,0.0948509485094851,Low,High,Markdown
85084,HOLLY TOP CHRISTMAS STOCKING,605,554.5699999999999,62,0.8197831978319783,230,5.738482384823848,11.476964769647696,Low,High,Markdown
85086A,CANDY SPOT HEART DECORATION,396,336.59999999999997,49,0.5365853658536586,171,3.75609756097561,7.51219512195122,Low,High,Markdown
85087,CANDY SPOT CUSHION COVER,113,325.11000000000007,21,0.15311653116531165,24,1.0718157181571817,2.1436314363143634,Low,High,Markdown
85088,CANDY SPOT HAND BAG,273,563.77,44,0.3699186991869919,214,2.589430894308943,5.178861788617886,Low,High,Markdown
85089,CANDY SPOT BUNNY,87,249.45000000000005,18,0.11788617886178862,132,0.8252032520325203,1.6504065040650406,Low,High,Markdown
85090,CANDY SPOT APRON,82,381.3,35,0.1111111111111111,290,0.7777777777777777,1.5555555555555554,Low,High,Markdown
85091,CANDY SPOT BREAD BASKETS,337,487.35,14,0.45663956639566394,182,3.196476964769648,6.392953929539296,Low,High,Markdown
85092,CANDY SPOT TEA COSY,374,534.7,14,0.5067750677506775,124,3.5474254742547426,7.094850948509485,Low,High,Markdown
85093,CANDY SPOT EGG WARMER HARE,1044,692.74,59,1.4146341463414633,200,9.902439024390244,19.804878048780488,Low,High,Markdown
85094,CANDY SPOT EGG WARMER RABBIT,609,211.43,42,0.8252032520325203,63,5.776422764227642,11.552845528455284,Low,High,Markdown
85095,THREE CANVAS LUGGAGE TAGS,90,143.85999999999999,11,0.12195121951219512,194,0.8536585365853658,1.7073170731707317,Low,High,Markdown
85096,HILDA CANDY SPOT RABBIT,142,532.5,50,0.19241192411924118,181,1.3468834688346882,2.6937669376693765,Low,High,Markdown
85097B,BLUE ROCKING SINGING CANARY,101,378.75,36,0.13685636856368563,159,0.9579945799457994,1.9159891598915988,Low,High,Markdown
85098B,BLUE FLYING SINGING CANARY,328,1172.4,84,0.4444444444444444,151,3.1111111111111107,6.222222222222221,Low,High,Markdown
85099B,JUMBO BAG RED WHITE SPOTTY ,93436,167920.64,3260,126.60704607046071,106,886.249322493225,1772.49864498645,High,Low,Reorder
85099C,JUMBO  BAG BAROQUE BLACK WHITE,28899,52188.18,1449,39.15853658536585,195,274.109756097561,548.219512195122,High,Low,Reorder
85099F,JUMBO BAG STRAWBERRY,35842,64127.77,1514,48.56639566395664,202,339.96476964769647,679.9295392953929,High,Low,Reorder
85103, SILVER T-LIGHT SETTING,248,1543.6000000000001,54,0.33604336043360433,148,2.3523035230352303,4.7046070460704605,Low,High,Markdown
85104,SILVER GLASS T-LIGHT SET,327,888.9300000000001,51,0.44308943089430897,265,3.1016260162601625,6.203252032520325,Low,High,Markdown
85106,CUT GLASS HEXAGON T-LIGHT HOLDER,1022,1849.0,44,1.3848238482384825,108,9.693766937669377,19.387533875338754,Low,High,Markdown
85107,CUT GLASS T-LIGHT HOLDER OCTAGON,1169,2118.21,64,1.584010840108401,85,11.088075880758806,22.176151761517612,Low,Low,Healthy
85109,PINK BOUDOIR T-LIGHT HOLDER,4203,462.15000000000003,18,5.695121951219512,177,39.86585365853659,79.73170731707317,Low,Low,Healthy
85110,BLACK SILVER FLOWER T-LIGHT HOLDER,11512,1124.68,19,15.598915989159892,168,109.19241192411924,218.38482384823848,High,Low,Reorder
85111,SILVER GLITTER FLOWER VOTIVE HOLDER,2872,879.92,63,3.8915989159891597,135,27.241192411924118,54.482384823848236,Low,Low,Healthy
85112,S/3 TEAR DROP CUT GLASS DECORATION,429,320.25,23,0.5813008130081301,233,4.069105691056911,8.138211382113822,Low,High,Markdown
85113,POLKA DOT PISTACHIO PAIL,279,566.22,43,0.3780487804878049,272,2.6463414634146343,5.2926829268292686,Low,High,Markdown
85114A,BLACK ENCHANTED FOREST PLACEMAT,1179,1813.35,83,1.5975609756097562,162,11.182926829268293,22.365853658536587,Low,High,Markdown
85114B,IVORY ENCHANTED FOREST PLACEMAT,1753,2756.45,157,2.375338753387534,269,16.627371273712736,33.25474254742547,Low,High,Markdown
85114C,RED ENCHANTED FOREST PLACEMAT,961,1549.65,127,1.3021680216802167,44,9.115176151761517,18.230352303523034,Low,Low,Healthy
85115B,S/4 BLACK DISCO PARTITION PANEL,3,12.75,1,0.0040650406504065045,296,0.02845528455284553,0.05691056910569106,Low,High,Markdown
85116,BLACK CANDELABRA T-LIGHT HOLDER,1173,1139.66,52,1.589430894308943,89,11.1260162601626,22.2520325203252,Low,Low,Healthy
85117,NIGHTINGALE COATHOOK WHITE,317,493.45,40,0.42953929539295393,132,3.0067750677506777,6.013550135501355,Low,High,Markdown
85118,HEART T-LIGHT HOLDER,2027,1072.1499999999999,62,2.7466124661246614,131,19.22628726287263,38.45257452574526,Low,Low,Healthy
85119,WATERING CAN SINGLE HOOK PISTACHIO,412,564.12,38,0.5582655826558266,110,3.907859078590786,7.815718157181572,Low,High,Markdown
85121B,RETRO LAUNDRY TUB PINK,60,510.0,27,0.08130081300813008,37,0.5691056910569106,1.1382113821138211,Low,High,Markdown
85121C,RETRO LAUNDRY TUB PISTACHIO,85,722.5,42,0.11517615176151762,168,0.8062330623306233,1.6124661246612466,Low,High,Markdown
85123A,WHITE HANGING HEART T-LIGHT HOLDER,91814,247203.36000000002,4895,124.40921409214093,246,870.8644986449865,1741.728997289973,High,Low,Reorder
85124A,PINK JUICY FRUIT PHOTO FRAME,339,843.75,70,0.45934959349593496,233,3.2154471544715446,6.430894308943089,Low,High,Markdown
85124B,BLUE JUICY FRUIT PHOTO FRAME,331,827.85,84,0.44850948509485095,170,3.1395663956639566,6.279132791327913,Low,High,Markdown
85124C,GREEN JUICY FRUIT PHOTO FRAME,397,979.95,97,0.537940379403794,211,3.765582655826558,7.531165311653116,Low,High,Markdown
85125,SMALL ROUND CUT GLASS CANDLESTICK,267,1222.95,43,0.3617886178861789,59,2.532520325203252,5.065040650406504,Low,High,Markdown
85126,LARGE ROUND CUTGLASS CANDLESTICK,148,960.6,32,0.2005420054200542,261,1.4037940379403795,2.807588075880759,Low,High,Markdown
85127,SMALL SQUARE CUT GLASS CANDLESTICK,138,683.1,37,0.18699186991869918,157,1.3089430894308942,2.6178861788617884,Low,High,Markdown
85128,PLANTPOT SINGLE HOOK PISTACHIO,165,182.09,2,0.22357723577235772,199,1.565040650406504,3.130081300813008,Low,High,Markdown
85129A,"WHITE PEARL BEADED HEART, SMALL",428,535.0,62,0.5799457994579946,219,4.059620596205963,8.119241192411925,Low,High,Markdown
85129B,BEADED CRYSTAL HEART GREEN SMALL,210,258.08,36,0.2845528455284553,222,1.9918699186991868,3.9837398373983737,Low,High,Markdown
85129C,BEADED CRYSTAL HEART BLUE SMALL,370,463.85,48,0.5013550135501355,80,3.509485094850948,7.018970189701896,Low,High,Markdown
85129D,BEADED CRYSTAL HEART PINK SMALL,655,850.35,85,0.8875338753387534,211,6.212737127371273,12.425474254742547,Low,High,Markdown
85130A,BEADED PEARL HEART WHITE LARGE,656,1080.0,74,0.8888888888888888,24,6.222222222222221,12.444444444444443,Low,Low,Healthy
85130B,BEADED CRYSTAL HEART GREEN LARGE,875,805.0500000000001,59,1.1856368563685638,256,8.299457994579946,16.59891598915989,Low,High,Markdown
85130C,BEADED CRYSTAL HEART BLUE  LARGE,650,707.86,61,0.8807588075880759,200,6.1653116531165315,12.330623306233063,Low,High,Markdown
85130D,BEADED CRYSTAL HEART PINK LARGE,734,824.28,80,0.994579945799458,56,6.9620596205962055,13.924119241192411,Low,Low,Healthy
85131A,BEADED PEARL HEART WHITE ON STICK,1375,1060.43,77,1.8631436314363143,75,13.0420054200542,26.0840108401084,Low,Low,Healthy
85131B,BEADED CRYSTAL HEART GREEN ON STICK,330,210.17999999999998,24,0.44715447154471544,256,3.130081300813008,6.260162601626016,Low,High,Markdown
85131C,BEADED CRYSTAL HEART BLUE ON STICK,308,207.34,26,0.4173441734417344,216,2.921409214092141,5.842818428184282,Low,High,Markdown
85131D,BEADED CRYSTAL HEART PINK\ON STICK,503,289.69,32,0.6815718157181572,92,4.7710027100271,9.5420054200542,Low,High,Markdown
85132A,CHARLIE + LOLA BISCUITS TINS,1183,3896.65,147,1.602981029810298,78,11.220867208672086,22.441734417344172,Low,Low,Healthy
85132B,CHARLIE AND LOLA TABLE TINS,893,2573.35,100,1.2100271002710028,259,8.47018970189702,16.94037940379404,Low,High,Markdown
85132C,CHARLIE AND LOLA FIGURES TINS,1919,4843.53,191,2.600271002710027,21,18.20189701897019,36.40379403794038,High,Low,Reorder
85135A,YELLOW DRAGONFLY HELICOPTER,76,604.2,50,0.10298102981029811,207,0.7208672086720868,1.4417344173441735,Low,High,Markdown
85135B,BLUE DRAGONFLY HELICOPTER,98,779.1,76,0.13279132791327913,49,0.929539295392954,1.859078590785908,Low,High,Markdown
85135C,RED DRAGONFLY HELICOPTER,103,818.85,65,0.13956639566395665,286,0.9769647696476965,1.953929539295393,Low,High,Markdown
85136A,YELLOW SHARK HELICOPTER,89,707.55,67,0.12059620596205962,127,0.8441734417344173,1.6883468834688347,Low,High,Markdown
85136B,BLUE SHARK HELICOPTER,49,389.55,39,0.06639566395663957,109,0.464769647696477,0.929539295392954,Low,High,Markdown
85136C,RED SHARK HELICOPTER,125,993.75,80,0.16937669376693767,224,1.1856368563685638,2.3712737127371275,Low,High,Markdown
85141,JARDIN ETCHED GLASS FRUITBOWL,180,1267.4,69,0.24390243902439024,239,1.7073170731707317,3.4146341463414633,Low,High,Markdown
85142,JARDIN ETCHED GLASS GINGER JAR,50,397.5,27,0.06775067750677506,113,0.47425474254742545,0.9485094850948509,Low,High,Markdown
85144,JARDIN ETCHED GLASS BUTTER DISH,287,1046.85,70,0.3888888888888889,122,2.7222222222222223,5.444444444444445,Low,High,Markdown
85145,JARDIN ETCHED GLASS LARGE BELL JAR,91,809.05,30,0.12330623306233063,242,0.8631436314363143,1.7262872628726287,Low,High,Markdown
85146,JARDIN ETCHED GLASS SMALL BELL JAR,115,564.25,27,0.15582655826558264,205,1.0907859078590785,2.181571815718157,Low,High,Markdown
85147,JARDIN ETCHED GLASS CANDLEHLDR LONG,61,301.95,16,0.08265582655826559,203,0.5785907859078592,1.1571815718157183,Low,High,Markdown
85150,LADIES & GENTLEMEN METAL SIGN,8078,18847.98,889,10.94579945799458,181,76.62059620596206,153.24119241192412,Low,Low,Healthy
85151,WELCOME METAL SIGN,44,55.0,8,0.05962059620596206,266,0.4173441734417344,0.8346883468834688,Low,High,Markdown
85152,HAND OVER THE CHOCOLATE   SIGN ,16146,30615.930000000004,1300,21.878048780487806,50,153.14634146341464,306.2926829268293,High,Low,Reorder
85159A,"BLACK TEA,COFFEE,SUGAR JARS",456,811.1999999999999,48,0.6178861788617886,71,4.32520325203252,8.65040650406504,Low,High,Markdown
85159B,"WHITE TEA,COFFEE,SUGAR JARS",638,1236.1,68,0.8644986449864499,95,6.051490514905149,12.102981029810298,Low,High,Markdown
85160A,WHITE BIRD GARDEN DESIGN MUG,8800,1323.2,22,11.924119241192411,297,83.46883468834687,166.93766937669375,Low,Low,Healthy
85160B,BLACK BIRD GARDEN DESIGN MUG,6149,934.87,30,8.331978319783198,59,58.32384823848239,116.64769647696478,High,Low,Reorder
85161,ACRYLIC GEOMETRIC LAMP,27,497.65,20,0.036585365853658534,120,0.25609756097560976,0.5121951219512195,Low,High,Markdown
85162A,SILVER RETRODISC LAMPSHADE,605,1211.75,19,0.8197831978319783,130,5.738482384823848,11.476964769647696,Low,High,Markdown
85162B,BLACK RETRODISC LAMPSHADE,977,1905.15,13,1.3238482384823849,268,9.266937669376695,18.53387533875339,Low,High,Markdown
85162C,WHITE RETRODISC LAMPSHADE,898,1775.1,41,1.2168021680216803,210,8.517615176151763,17.035230352303525,Low,High,Markdown
85163A,WHITE BAROQUE WALL CLOCK ,79,772.65,41,0.1070460704607046,201,0.7493224932249323,1.4986449864498645,Low,High,Markdown
85163B,BLACK BAROQUE WALL CLOCK ,68,639.6,37,0.0921409214092141,228,0.6449864498644986,1.2899728997289972,Low,High,Markdown
85164B,BLACK BAROQUE CUCKOO CLOCK,113,1134.75,41,0.15311653116531165,41,1.0718157181571817,2.1436314363143634,Low,High,Markdown
85165,CANDY PINK FRENCH BOUDOIR CLOCK,16,159.2,11,0.02168021680216802,185,0.15176151761517614,0.3035230352303523,Low,High,Markdown
85166A,WHITE METAL BAROQUE PHOTO FRAME,72,120.0,8,0.0975609756097561,118,0.6829268292682927,1.3658536585365855,Low,High,Markdown
85166B,BLACK METAL BAROQUE PHOTO FRAME,501,798.75,31,0.6788617886178862,227,4.752032520325203,9.504065040650406,Low,High,Markdown
85167A,WHITE GRAND BAROQUE PHOTO FRAME,174,379.5,12,0.23577235772357724,27,1.6504065040650406,3.3008130081300813,Low,High,Markdown
85167B,BLACK GRAND BAROQUE PHOTO FRAME,684,1358.4,52,0.926829268292683,209,6.487804878048781,12.975609756097562,Low,High,Markdown
85168A,WHITE BAROQUE CARRIAGE CLOCK,22,218.89999999999998,15,0.02981029810298103,194,0.2086720867208672,0.4173441734417344,Low,High,Markdown
85168B,BLACK BAROQUE CARRIAGE CLOCK,37,348.66999999999996,23,0.05013550135501355,292,0.3509485094850949,0.7018970189701897,Low,High,Markdown
85169A,IVORY LOVE BIRD CANDLE,913,999.07,97,1.2371273712737128,36,8.659891598915989,17.319783197831978,Low,Low,Healthy
85169B,BLACK LOVE BIRD CANDLE,280,290.24,45,0.3794037940379404,109,2.655826558265583,5.311653116531166,Low,High,Markdown
85169C,EAU DE NIL LOVE BIRD CANDLE,397,429.97,38,0.537940379403794,160,3.765582655826558,7.531165311653116,Low,High,Markdown
85169D,PINK LOVE BIRD CANDLE,374,413.98,45,0.5067750677506775,164,3.5474254742547426,7.094850948509485,Low,High,Markdown
85170A,SET/6 IVORY BIRD T-LIGHT CANDLES,799,1378.32,62,1.0826558265582655,185,7.578590785907859,15.157181571815718,Low,High,Markdown
85170B,SET/6 BLACK BIRD T-LIGHT CANDLES,237,312.78000000000003,33,0.32113821138211385,97,2.247967479674797,4.495934959349594,Low,High,Markdown
85170C,SET/6 EAU DE NIL BIRD T-LIGHTS,428,615.83,48,0.5799457994579946,281,4.059620596205963,8.119241192411925,Low,High,Markdown
85170D,SET/6 PINK BIRD T-LIGHT CANDLES,574,772.1899999999999,77,0.7777777777777778,182,5.444444444444445,10.88888888888889,Low,High,Markdown
85171,S/2 HYACINTH BULB CANDLES,1,2.55,1,0.0013550135501355014,33,0.009485094850948509,0.018970189701897018,Low,High,Markdown
85172,HYACINTH BULB T-LIGHT CANDLES,4178,1688.52,137,5.661246612466124,258,39.62872628726287,79.25745257452574,Low,Low,Healthy
85173,SET/6 FROG PRINCE T-LIGHT CANDLES,954,1563.27,102,1.2926829268292683,91,9.048780487804878,18.097560975609756,Low,High,Markdown
85174,S/4 CACTI CANDLES,1282,5606.82,229,1.7371273712737128,162,12.159891598915989,24.319783197831978,Low,High,Markdown
85175,CACTI T-LIGHT CANDLES,15302,6128.12,409,20.73441734417344,288,145.1409214092141,290.2818428184282,High,Low,Reorder
85176,SEWING SUSAN 21 NEEDLE SET,2408,1875.4999999999998,174,3.2628726287262872,260,22.84010840108401,45.68021680216802,Low,High,Markdown
85177,BASKET OF FLOWERS SEWING KIT,1765,1442.11,112,2.3915989159891597,264,16.741192411924118,33.482384823848236,Low,High,Markdown
85178,VICTORIAN SEWING KIT,5294,5777.54,254,7.173441734417344,182,50.21409214092141,100.42818428184282,Low,Low,Healthy
85179A,GREEN BITTY LIGHT CHAIN,139,281.31,26,0.18834688346883469,79,1.3184281842818428,2.6368563685636857,Low,High,Markdown
85179B,WHITE BITTY LIGHT CHAIN ,240,1000.0799999999999,39,0.3252032520325203,25,2.2764227642276422,4.5528455284552845,Low,High,Markdown
85179C,PINK BITTY LIGHT CHAIN,77,126.85,10,0.1043360433604336,216,0.7303523035230353,1.4607046070460705,Low,High,Markdown
85180A,RED HEARTS LIGHT CHAIN ,553,1377.53,66,0.7493224932249323,77,5.245257452574526,10.490514905149052,Low,High,Markdown
85180B,PINK HEARTS LIGHT CHAIN ,279,726.63,32,0.3780487804878049,236,2.6463414634146343,5.2926829268292686,Low,High,Markdown
85183A,CHARLIE & LOLA WASTEPAPER BIN BLUE,1497,2194.75,132,2.0284552845528454,45,14.199186991869919,28.398373983739837,Low,Low,Healthy
85183B,CHARLIE & LOLA WASTEPAPER BIN FLORA,1696,2583.5,154,2.2981029810298104,24,16.086720867208673,32.173441734417345,High,Low,Reorder
85184B,SET 4 EASTER DECOUPAGE OVAL BOXES,14,41.300000000000004,7,0.018970189701897018,39,0.13279132791327913,0.26558265582655827,Low,High,Markdown
85184C,S/4 VALENTINE DECOUPAGE HEART BOX,2098,4117.08,255,2.8428184281842817,217,19.899728997289973,39.799457994579946,Low,High,Markdown
85184D,S/4 BLUE ROUND DECOUPAGE BOXES,8294,4445.139999999999,52,11.238482384823849,78,78.66937669376694,157.33875338753387,High,Low,Reorder
85185B,PINK HORSE SOCK PUPPET,546,1579.5000000000002,145,0.7398373983739838,261,5.178861788617886,10.357723577235772,Low,High,Markdown
85185C,COW  SOCK PUPPET,54,159.3,26,0.07317073170731707,165,0.5121951219512195,1.024390243902439,Low,High,Markdown
85185D,FROG SOCK PUPPET,168,483.6000000000001,45,0.22764227642276422,292,1.5934959349593496,3.186991869918699,Low,High,Markdown
85185E,DUCK SOCK PUPPET,4,11.8,2,0.005420054200542005,268,0.037940379403794036,0.07588075880758807,Low,High,Markdown
85185F,LION SOCK PUPPET,35,103.25000000000001,17,0.04742547425474255,33,0.33197831978319786,0.6639566395663957,Low,High,Markdown
85186A,EASTER BUNNY GARLAND OF FLOWERS,1302,546.84,81,1.7642276422764227,32,12.34959349593496,24.69918699186992,Low,Low,Healthy
85186B,BUNNY BUNCH OF FLOWERS,14,5.88,2,0.018970189701897018,63,0.13279132791327913,0.26558265582655827,Low,High,Markdown
85186C,BUNNY EGG GARLAND,1179,495.18,79,1.5975609756097562,38,11.182926829268293,22.365853658536587,Low,Low,Healthy
85187,S/12 MINI RABBIT EASTER,451,724.9499999999999,88,0.6111111111111112,82,4.277777777777779,8.555555555555557,Low,High,Markdown
85188A,GREEN METAL SWINGING BUNNY,904,765.28,81,1.2249322493224932,258,8.574525745257453,17.149051490514907,Low,High,Markdown
85188B,PINK METAL SWINGING BUNNY,669,568.65,51,0.9065040650406504,119,6.345528455284553,12.691056910569106,Low,High,Markdown
85189,HANGING BUTTERFLY  EGG,1117,908.89,58,1.513550135501355,182,10.594850948509485,21.18970189701897,Low,High,Markdown
85190,PINK FLOWER HANGING HEART ,133,113.05,14,0.1802168021680217,141,1.2615176151761518,2.5230352303523036,Low,High,Markdown
85192S,HANGING SPRING FLOWER HEART SMALL,3,1.9500000000000002,2,0.0040650406504065045,63,0.02845528455284553,0.05691056910569106,Low,High,Markdown
85194L,HANGING SPRING FLOWER EGG LARGE,1713,1399.8899999999999,109,2.321138211382114,164,16.2479674796748,32.4959349593496,Low,High,Markdown
85194S,HANGING SPRING FLOWER EGG SMALL,1680,783.8,95,2.2764227642276422,69,15.934959349593495,31.86991869918699,Low,Low,Healthy
85195,HANGING HEART BASKET,145,265.14,16,0.19647696476964768,84,1.3753387533875339,2.7506775067750677,Low,High,Markdown
85196,EASTER BUNNIES ON A STICK,1536,783.96,66,2.0813008130081303,183,14.569105691056912,29.138211382113823,Low,High,Markdown
85197,SET OF 12 MINI BUNNIES IN A BUCKET,1667,955.26,73,2.258807588075881,160,15.811653116531167,31.623306233062333,Low,High,Markdown
85198,ASSORTED FARMYARD ANIMALS IN BUCKET,3824,1421.24,38,5.181571815718157,147,36.2710027100271,72.5420054200542,Low,Low,Healthy
85199L,LARGE HANGING IVORY & RED WOOD BIRD,3303,2092.23,188,4.475609756097561,258,31.329268292682926,62.65853658536585,Low,Low,Healthy
85199S,SMALL HANGING IVORY/RED WOOD BIRD,5336,2222.99,291,7.230352303523035,206,50.612466124661246,101.22493224932249,Low,Low,Healthy
85200,BUNNY EGG BOX,1007,1253.95,94,1.3644986449864498,227,9.551490514905149,19.102981029810298,Low,High,Markdown
85202,HANGING WOOD AND FELT HEART,745,311.46,90,1.0094850948509486,239,7.066395663956641,14.132791327913282,Low,High,Markdown
85203,HANGING WOOD AND FELT BUTTERFLY ,1089,454.5,111,1.475609756097561,209,10.329268292682926,20.65853658536585,Low,High,Markdown
85204,HANGING WOOD AND FELT FLOWER,2150,364.62,78,2.913279132791328,256,20.392953929539296,40.78590785907859,Low,High,Markdown
85205A,IVORY FELT EASTER RABBIT GARLAND,66,168.29999999999998,21,0.08943089430894309,213,0.6260162601626016,1.2520325203252032,Low,High,Markdown
85205B,PINK FELT EASTER RABBIT GARLAND,215,548.25,43,0.29132791327913277,278,2.0392953929539295,4.078590785907859,Low,High,Markdown
85206A,CREAM FELT EASTER EGG BASKET,2148,3436.2,283,2.910569105691057,265,20.3739837398374,40.7479674796748,Low,High,Markdown
85206B,PINK FELT EASTER EGG BASKET,1474,2303.3,162,1.997289972899729,155,13.981029810298104,27.962059620596207,Low,High,Markdown
85208,SET/12 FUNKY FELT FLOWER PEG IN BAG,353,701.94,59,0.47831978319783197,299,3.348238482384824,6.696476964769648,Low,High,Markdown
85211,S/4 GROOVY CAT MAGNETS,279,377.96999999999997,51,0.3780487804878049,290,2.6463414634146343,5.2926829268292686,Low,High,Markdown
85212,MINI PAINTED GARDEN DECORATION ,2766,990.6199999999999,96,3.747967479674797,190,26.235772357723576,52.47154471544715,Low,Low,Healthy
85213,MINI  ZINC GARDEN DECORATIONS ,1270,669.5799999999999,49,1.7208672086720866,178,12.046070460704607,24.092140921409214,Low,High,Markdown
85214,TUB 24 PINK FLOWER PEGS,419,691.35,135,0.5677506775067751,220,3.9742547425474255,7.948509485094851,Low,High,Markdown
85215,ASSORTED CHEESE FRIDGE MAGNETS,755,484.99,46,1.0230352303523036,64,7.161246612466125,14.32249322493225,Low,High,Markdown
85216,ASSORTED CAKES FRIDGE MAGNETS,2790,1744.38,149,3.7804878048780486,283,26.46341463414634,52.92682926829268,Low,High,Markdown
85217,ASSORTED ICE CREAM FRIDGE MAGNETS,2811,1751.91,136,3.8089430894308944,90,26.66260162601626,53.32520325203252,Low,Low,Healthy
85218,S/5 MINI ICE CREAM FRIDGE MAGNETS,1992,625.1999999999999,2,2.6991869918699187,122,18.89430894308943,37.78861788617886,Low,Low,Healthy
85220,SMALL FAIRY CAKE FRIDGE MAGNETS,12236,6875.0,5,16.579945799457995,144,116.05962059620597,232.11924119241195,High,Low,Reorder
85221,ASSORTED COLOUR SILK COIN PURSE,3551,1667.5900000000001,43,4.811653116531165,249,33.68157181571816,67.36314363143632,Low,Low,Healthy
85222,ASSORTED COLOUR SILK COSMETIC PURSE,1394,1535.4,41,1.8888888888888888,165,13.222222222222221,26.444444444444443,Low,High,Markdown
85224,ASSORTED COLOUR SILK GLASSES CASE,1987,1051.14,47,2.692411924119241,216,18.846883468834687,37.69376693766937,Low,High,Markdown
85225,BLING KEY RING STAND,19,22.5,11,0.025745257452574527,240,0.1802168021680217,0.3604336043360434,Low,High,Markdown
85226A,WHITE/BLUE PULL BACK RACING CAR,1658,849.5,114,2.2466124661246614,79,15.72628726287263,31.45257452574526,Low,Low,Healthy
85226C,BLUE PULL BACK RACING CAR,952,461.2,66,1.2899728997289972,117,9.02981029810298,18.05962059620596,Low,High,Markdown
85227,SET/6 3D KIT CARDS FOR KIDS,3120,2584.98,289,4.227642276422764,190,29.59349593495935,59.1869918699187,Low,Low,Healthy
85230A,OPIUM SCENTED VOTIVE CANDLE,1992,497.03999999999996,48,2.6991869918699187,192,18.89430894308943,37.78861788617886,Low,High,Markdown
85230B,CINNAMON SCENTED VOTIVE CANDLE,2095,553.79,66,2.8387533875338753,170,19.87127371273713,39.74254742547426,Low,Low,Healthy
85230C,ROSE SCENTED VOTIVE CANDLE,24,6.959999999999999,1,0.032520325203252036,141,0.22764227642276424,0.4552845528455285,Low,High,Markdown
85230D,VANILLA SCENTED VOTIVE CANDLE,24,6.959999999999999,1,0.032520325203252036,127,0.22764227642276424,0.4552845528455285,Low,High,Markdown
85230E,STRAWBRY SCENTED VOTIVE CANDLE,2421,621.4499999999999,65,3.2804878048780486,23,22.96341463414634,45.92682926829268,High,Low,Reorder
85230F,JASMINE VOTIVE CANDLE,2944,725.1199999999999,61,3.989159891598916,112,27.92411924119241,55.84823848238482,Low,Low,Healthy
85230G,ORANGE VOTIVE CANDLE,1680,425.75999999999993,46,2.2764227642276422,25,15.934959349593495,31.86991869918699,High,Low,Reorder
85231B,CINAMMON SET OF 9 T-LIGHTS,1868,1581.56,286,2.5311653116531163,125,17.718157181571815,35.43631436314363,Low,Low,Healthy
85231E,STRAWBERRY SCENTED SET/9 T-LIGHTS,815,661.55,93,1.1043360433604337,165,7.730352303523036,15.460704607046072,Low,High,Markdown
85231G,ORANGE SCENTED SET/9 T-LIGHTS,1404,1170.0,208,1.9024390243902438,290,13.317073170731707,26.634146341463413,Low,High,Markdown
85231L,LAVENDER SCENTED SET/9 T-LIGHTS,1018,810.6999999999999,101,1.3794037940379404,115,9.655826558265582,19.311653116531165,Low,High,Markdown
85232A,SET/3 POLKA DOT STACKING TINS,355,1723.65,122,0.481029810298103,248,3.367208672086721,6.734417344173442,Low,High,Markdown
85232B,SET/3 RUSSIAN DOLL STACKING TINS,2916,13949.800000000001,441,3.951219512195122,221,27.65853658536585,55.3170731707317,Low,Low,Healthy
85232C,RUSSIAN FOLKART STACKING TINS,1,4.95,1,0.0013550135501355014,231,0.009485094850948509,0.018970189701897018,Low,High,Markdown
85232D,SET/3 DECOUPAGE STACKING TINS,633,2998.95,175,0.8577235772357723,25,6.004065040650406,12.008130081300813,Low,Low,Healthy
90000A,RASPBERRY ANT COPPER FLOWER NECKLAC,25,148.75,14,0.03387533875338753,131,0.23712737127371272,0.47425474254742545,Low,High,Markdown
90000B,MIDNIGHT BLUE COPPER FLOWER NECKLAC,14,83.30000000000001,9,0.018970189701897018,125,0.13279132791327913,0.26558265582655827,Low,High,Markdown
90000C,OPAL WHITE/SILVER FLOWER NECKLACE,1,5.95,1,0.0013550135501355014,158,0.009485094850948509,0.018970189701897018,Low,High,Markdown
90000D,COPPER/OLIVE GREEN FLOWER NECKLACE,25,148.75,13,0.03387533875338753,115,0.23712737127371272,0.47425474254742545,Low,High,Markdown
90001A,ANTIQUE RASPBERRY FLOWER EARRINGS,4,17.0,3,0.005420054200542005,233,0.037940379403794036,0.07588075880758807,Low,High,Markdown
90001B,ANTIQUE MID BLUE FLOWER EARRINGS,7,29.75,4,0.009485094850948509,41,0.06639566395663957,0.13279132791327913,Low,High,Markdown
90001C,ANTIQUE OPAL WHITE FLOWER EARRINGS,6,25.5,5,0.008130081300813009,212,0.05691056910569106,0.11382113821138212,Low,High,Markdown
90001D,ANTIQUE OLIVE GREEN FLOWER EARRINGS,16,68.0,7,0.02168021680216802,169,0.15176151761517614,0.3035230352303523,Low,High,Markdown
90002A,FLOWER BURST SILVER RING OPAL,36,135.0,14,0.04878048780487805,266,0.34146341463414637,0.6829268292682927,Low,High,Markdown
90002B,FLOWER BURST SILVER RING ROSE,18,67.5,7,0.024390243902439025,286,0.17073170731707318,0.34146341463414637,Low,High,Markdown
90002C,FLOWER BURST SILVER RING MIDN'T BLU,25,93.75,11,0.03387533875338753,270,0.23712737127371272,0.47425474254742545,Low,High,Markdown
90002D,FLOWER BURST SILVER RING CRYSTAL,91,316.25,21,0.12330623306233063,22,0.8631436314363143,1.7262872628726287,Low,High,Markdown
90002E,FLOWER BURST SILVER RING GREEN,15,56.25,8,0.02032520325203252,95,0.14227642276422764,0.2845528455284553,Low,High,Markdown
90003B,ROSE COLOUR PAIR HEART HAIR SLIDES,24,90.0,9,0.032520325203252036,106,0.22764227642276424,0.4552845528455285,Low,High,Markdown
90003C,MIDNIGHT BLUE PAIR HEART HAIR SLIDE,25,93.75,10,0.03387533875338753,289,0.23712737127371272,0.47425474254742545,Low,High,Markdown
90003D,CRYSTAL PAIR HEART HAIR SLIDES,35,131.25,15,0.04742547425474255,244,0.33197831978319786,0.6639566395663957,Low,High,Markdown
90003E,GREEN PAIR HEART HAIR SLIDES,10,37.5,3,0.013550135501355014,37,0.0948509485094851,0.1897018970189702,Low,High,Markdown
90004A,JADE GREEN PAIR ENAMEL HAIR SLIDES,1,3.75,1,0.0013550135501355014,132,0.009485094850948509,0.018970189701897018,Low,High,Markdown
90005A,JADE GREEN ENAMEL HAIR COMB,36,70.2,7,0.04878048780487805,270,0.34146341463414637,0.6829268292682927,Low,High,Markdown
90010A,MIDNIGHT BLUE GLASS/SILVER BRACELET,31,271.0,14,0.04200542005420054,252,0.2940379403794038,0.5880758807588076,Low,High,Markdown
90010B,BLACK/WHITE GLASS/SILVER BRACELET,45,402.75,17,0.06097560975609756,298,0.4268292682926829,0.8536585365853658,Low,High,Markdown
90010E,AMBER GLASS/SILVER BRACELET,32,279.95,18,0.04336043360433604,221,0.3035230352303523,0.6070460704607046,Low,High,Markdown
90011A,MIDNIGHT BLUE CRYSTAL DROP EARRINGS,2,5.9,2,0.0027100271002710027,102,0.018970189701897018,0.037940379403794036,Low,High,Markdown
90011B,BLACK CRYSTAL DROP EARRINGS,9,26.550000000000004,4,0.012195121951219513,144,0.08536585365853659,0.17073170731707318,Low,High,Markdown
90011C,GREEN CRYSTAL DROP EARRINGS,6,17.700000000000003,1,0.008130081300813009,194,0.05691056910569106,0.11382113821138212,Low,High,Markdown
90011E,AMBER CRYSTAL DROP EARRINGS,1,2.95,1,0.0013550135501355014,88,0.009485094850948509,0.018970189701897018,Low,High,Markdown
90012A,MIDNIGHT BLUE DROP CRYSTAL NECKLACE,8,23.6,2,0.01084010840108401,66,0.07588075880758807,0.15176151761517614,Low,High,Markdown
90012B,BLACK DROP CRYSTAL NECKLACE,13,45.35000000000001,3,0.017615176151761516,275,0.12330623306233061,0.24661246612466123,Low,High,Markdown
90013A,MIDNIGHT BLUE VINTAGE EARRINGS,41,153.75,10,0.05555555555555555,234,0.38888888888888884,0.7777777777777777,Low,High,Markdown
90013B,BLACK VINTAGE EARRINGS,20,75.0,5,0.02710027100271003,49,0.1897018970189702,0.3794037940379404,Low,High,Markdown
90013C,GREEN VINTAGE EARRINGS ,35,131.25,10,0.04742547425474255,256,0.33197831978319786,0.6639566395663957,Low,High,Markdown
90013D,PURPLE VINTAGE EARRINGS,34,127.5,8,0.04607046070460705,267,0.3224932249322493,0.6449864498644986,Low,High,Markdown
90014A,SILVER/MOP ORBIT NECKLACE,36,302.2,22,0.04878048780487805,44,0.34146341463414637,0.6829268292682927,Low,High,Markdown
90014B,GOLD M PEARL  ORBIT NECKLACE,19,175.04999999999998,15,0.025745257452574527,93,0.1802168021680217,0.3604336043360434,Low,High,Markdown
90014C,SILVER/BLACK ORBIT NECKLACE,23,221.85,14,0.03116531165311653,225,0.2181571815718157,0.4363143631436314,Low,High,Markdown
90016A,SILVER/M.O.P PENDANT ORBIT NECKLACE,22,148.75,9,0.02981029810298103,113,0.2086720867208672,0.4173441734417344,Low,High,Markdown
90016B,GOLD/M.O.P PENDANT ORBIT NECKLACE,22,187.0,17,0.02981029810298103,146,0.2086720867208672,0.4173441734417344,Low,High,Markdown
90016C,SILVER/BLACK PENDANT ORBIT NECKLACE,6,51.0,4,0.008130081300813009,44,0.05691056910569106,0.11382113821138212,Low,High,Markdown
90018A,SILVER M.O.P ORBIT DROP EARRINGS,33,140.25,16,0.044715447154471545,135,0.3130081300813008,0.6260162601626016,Low,High,Markdown
90018B,GOLD M.O.P ORBIT DROP EARRINGS,16,68.0,10,0.02168021680216802,67,0.15176151761517614,0.3035230352303523,Low,High,Markdown
90018C,SILVER BLACK ORBIT DROP EARRINGS,14,59.5,7,0.018970189701897018,245,0.13279132791327913,0.26558265582655827,Low,High,Markdown
90019A,SILVER M.O.P ORBIT BRACELET,32,158.4,17,0.04336043360433604,285,0.3035230352303523,0.6070460704607046,Low,High,Markdown
90019B,GOLD M.O.P ORBIT BRACELET,11,54.45,7,0.014905149051490514,118,0.1043360433604336,0.2086720867208672,Low,High,Markdown
90019C,SILVER BLACK ORBIT BRACELET,10,49.5,7,0.013550135501355014,30,0.0948509485094851,0.1897018970189702,Low,High,Markdown
90020,FILIGREE DIAMANTE CHAIN,4,51.0,2,0.005420054200542005,104,0.037940379403794036,0.07588075880758807,Low,High,Markdown
90021,LASER CUT MULTI STRAND NECKLACE,5,59.75,4,0.006775067750677507,233,0.04742547425474255,0.0948509485094851,Low,High,Markdown
90022,EDWARDIAN DROP EARRINGS JET BLACK,8,30.0,4,0.01084010840108401,192,0.07588075880758807,0.15176151761517614,Low,High,Markdown
90023,FILIGREE DIAMANTE EARRINGS,21,89.25,11,0.028455284552845527,228,0.1991869918699187,0.3983739837398374,Low,High,Markdown
90024A,NEW BAROQUE B'FLY NECKLACE BLACK,5,42.5,4,0.006775067750677507,83,0.04742547425474255,0.0948509485094851,Low,High,Markdown
90024B,NEW BAROQUE B'FLY NECKLACE RED,9,76.5,6,0.012195121951219513,277,0.08536585365853659,0.17073170731707318,Low,High,Markdown
90024C,NEW BAROQUE B'FLY NECKLACE GREEN,6,51.0,5,0.008130081300813009,140,0.05691056910569106,0.11382113821138212,Low,High,Markdown
90024D,NEW BAROQUE B'FLY NECKLACE PINK,13,110.5,11,0.017615176151761516,73,0.12330623306233061,0.24661246612466123,Low,High,Markdown
90024E,NEW BAROQUE B'FLY NECKLACE MONTANA,12,102.0,7,0.016260162601626018,291,0.11382113821138212,0.22764227642276424,Low,High,Markdown
90024F,NEW BAROQUE B'FLY NECKLACE CRYSTAL,3,25.5,2,0.0040650406504065045,260,0.02845528455284553,0.05691056910569106,Low,High,Markdown
90025A,BAROQUE BUTTERFLY EARRINGS BLACK,2,7.5,2,0.0027100271002710027,262,0.018970189701897018,0.037940379403794036,Low,High,Markdown
90025B,BAROQUE BUTTERFLY EARRINGS RED,1,3.75,1,0.0013550135501355014,37,0.009485094850948509,0.018970189701897018,Low,High,Markdown
90025C,BAROQUE BUTTERFLY EARRINGS GREEN,2,7.5,2,0.0027100271002710027,206,0.018970189701897018,0.037940379403794036,Low,High,Markdown
90025D,BAROQUE BUTTERFLY EARRINGS PINK,2,7.5,2,0.0027100271002710027,163,0.018970189701897018,0.037940379403794036,Low,High,Markdown
90025E,BAROQUE BUTTERFLY EARRINGS MONTANA,3,11.25,3,0.0040650406504065045,281,0.02845528455284553,0.05691056910569106,Low,High,Markdown
90025F,BAROQUE BUTTERFLY EARRINGS CRYSTAL,2,7.5,2,0.0027100271002710027,258,0.018970189701897018,0.037940379403794036,Low,High,Markdown
90026A,GLASS BEAD HOOP NECKLACE BLACK,8,68.0,6,0.01084010840108401,95,0.07588075880758807,0.15176151761517614,Low,High,Markdown
90026B,GLASS BEAD HOOP NECKLACE MONTANA,7,59.5,6,0.009485094850948509,207,0.06639566395663957,0.13279132791327913,Low,High,Markdown
90026C,GLASS BEAD HOOP NECKLACE GREEN,7,59.5,5,0.009485094850948509,265,0.06639566395663957,0.13279132791327913,Low,High,Markdown
90026D,GLASS BEAD HOOP NECKLACE AMETHYST,10,85.0,8,0.013550135501355014,149,0.0948509485094851,0.1897018970189702,Low,High,Markdown
90027A,GLASS BEAD HOOP EARRINGS BLACK,6,17.700000000000003,3,0.008130081300813009,98,0.05691056910569106,0.11382113821138212,Low,High,Markdown
90027B,GLASS BEAD HOOP EARRINGS MONTANA,7,20.650000000000002,4,0.009485094850948509,91,0.06639566395663957,0.13279132791327913,Low,High,Markdown
90027C,GLASS BEAD HOOP EARRINGS GREEN,4,11.8,2,0.005420054200542005,282,0.037940379403794036,0.07588075880758807,Low,High,Markdown
90027D,GLASS BEAD HOOP EARRINGS AMETHYST,12,35.400000000000006,6,0.016260162601626018,210,0.11382113821138212,0.22764227642276424,Low,High,Markdown
90028,NEW BAROQUE LARGE NECKLACE BLK/WHIT,9,76.5,5,0.012195121951219513,82,0.08536585365853659,0.17073170731707318,Low,High,Markdown
90029,NEW BAROQUE SMALL NECKLACE BLACK,21,178.5,10,0.028455284552845527,31,0.1991869918699187,0.3983739837398374,Low,High,Markdown
90030A,SPOTTED WHITE NATURAL SEED NECKLACE,77,101.75,8,0.1043360433604336,160,0.7303523035230353,1.4607046070460705,Low,High,Markdown
90030B,RED KUKUI COCONUT SEED NECKLACE,122,191.3,19,0.16531165311653118,273,1.1571815718157183,2.3143631436314367,Low,High,Markdown
90030C,BROWN KUKUI COCONUT SEED NECKLACE,81,115.65,10,0.10975609756097561,62,0.7682926829268293,1.5365853658536586,Low,High,Markdown
90031,BILI NUT AND WOOD NECKLACE,48,48.0,5,0.06504065040650407,36,0.4552845528455285,0.910569105691057,Low,High,Markdown
90032,IVORY SHELL HEART NECKLACE,45,253.17000000000002,21,0.06097560975609756,82,0.4268292682926829,0.8536585365853658,Low,High,Markdown
90033,IVORY SHELL HEART EARRINGS,5,12.749999999999998,2,0.006775067750677507,272,0.04742547425474255,0.0948509485094851,Low,High,Markdown
90034,WHITE SILVER NECKLACE SHELL GLASS,2,19.9,2,0.0027100271002710027,27,0.018970189701897018,0.037940379403794036,Low,High,Markdown
90035A,"PEARL & SHELL 42""NECKL. GREEN",17,182.75,9,0.023035230352303523,109,0.16124661246612465,0.3224932249322493,Low,High,Markdown
90035B,"PEARL & SHELL 42""NECKL. PINK",43,380.89,4,0.058265582655826556,227,0.4078590785907859,0.8157181571815718,Low,High,Markdown
90035C,"PEARL & SHELL 42""NECKL. IVORY",28,301.0,5,0.037940379403794036,137,0.26558265582655827,0.5311653116531165,Low,High,Markdown
90036A,FLOWER GARLAND NECKLACE RED,21,166.95000000000002,14,0.028455284552845527,194,0.1991869918699187,0.3983739837398374,Low,High,Markdown
90036B,"FLOWER GLASS GARLAND NECKL.36""GREEN",17,135.15,9,0.023035230352303523,95,0.16124661246612465,0.3224932249322493,Low,High,Markdown
90036C,"FLOWER GLASS GARLAND NECKL.36""BLUE",22,174.9,8,0.02981029810298103,120,0.2086720867208672,0.4173441734417344,Low,High,Markdown
90036D,"FLOWER GLASS GARLAND NECKL.36""BLACK",34,270.3,12,0.04607046070460705,170,0.3224932249322493,0.6449864498644986,Low,High,Markdown
90036E,"FLOWER GLASS GARLD NECKL36""AMETHYST",18,143.1,11,0.024390243902439025,289,0.17073170731707318,0.34146341463414637,Low,High,Markdown
90036F,"FLOWER GLASS GARLD NECKL36""TURQUOIS",13,103.35000000000001,4,0.017615176151761516,90,0.12330623306233061,0.24661246612466123,Low,High,Markdown
90037A,TINY CRYSTAL BRACELET RED,18,45.9,4,0.024390243902439025,199,0.17073170731707318,0.34146341463414637,Low,High,Markdown
90037B,TINY CRYSTAL BRACELET GREEN,23,58.650000000000006,5,0.03116531165311653,143,0.2181571815718157,0.4363143631436314,Low,High,Markdown
90037C,TINY CRYSTAL BRACELET BLUE,17,43.35,4,0.023035230352303523,214,0.16124661246612465,0.3224932249322493,Low,High,Markdown
90037D,TINY CRYSTALS BRACELET BLACK,6,15.3,1,0.008130081300813009,247,0.05691056910569106,0.11382113821138212,Low,High,Markdown
90038A,GLASS AND PAINTED BEADS BRACELET TO,18,67.5,4,0.024390243902439025,294,0.17073170731707318,0.34146341463414637,Low,High,Markdown
90038B,GLASS AND PAINTED BEADS BRACELET OL,10,37.5,2,0.013550135501355014,125,0.0948509485094851,0.1897018970189702,Low,High,Markdown
90038C,GLASS AND BEADS BRACELET IVORY,13,48.75,3,0.017615176151761516,40,0.12330623306233061,0.24661246612466123,Low,High,Markdown
90039A,FIRE POLISHED GLASS BRACELET RED,7,26.25,2,0.009485094850948509,83,0.06639566395663957,0.13279132791327913,Low,High,Markdown
90039B,FIRE POLISHED GLASS BRACELET MONTAN,13,48.75,3,0.017615176151761516,184,0.12330623306233061,0.24661246612466123,Low,High,Markdown
90039C,FIRE POLISHED GLASS BRACELET BLACK,14,52.5,3,0.018970189701897018,46,0.13279132791327913,0.26558265582655827,Low,High,Markdown
90039D,FIRE POLISHED GLASS BRACELET GREEN,22,82.5,5,0.02981029810298103,167,0.2086720867208672,0.4173441734417344,Low,High,Markdown
90040A,MURANO STYLE GLASS BRACELET RED,23,80.5,10,0.03116531165311653,183,0.2181571815718157,0.4363143631436314,Low,High,Markdown
90040B,MURANO STYLE GLASS BRACELET BLACK,46,161.0,17,0.06233062330623306,243,0.4363143631436314,0.8726287262872628,Low,High,Markdown
90040C,MURANO STYLE GLASS BRACELET GOLD,29,101.5,10,0.03929539295392954,291,0.2750677506775068,0.5501355013550135,Low,High,Markdown
90040D,MURANO STYLE GLASS BRACELET PINK,26,91.0,10,0.03523035230352303,165,0.24661246612466123,0.49322493224932246,Low,High,Markdown
90041,PEARL AND CHERRY QUARTZ BRACLET,3,10.5,2,0.0040650406504065045,49,0.02845528455284553,0.05691056910569106,Low,High,Markdown
90042A,FRESHWATER PEARL BRACELET GOLD,27,68.85,7,0.036585365853658534,64,0.25609756097560976,0.5121951219512195,Low,High,Markdown
90042B,FRESHWATER PEARL BRACELET PINK,15,38.25,5,0.02032520325203252,294,0.14227642276422764,0.2845528455284553,Low,High,Markdown
90042C,FRESHWATER PEARL BRACELET IVORY,35,89.25,8,0.04742547425474255,53,0.33197831978319786,0.6639566395663957,Low,High,Markdown
90043,COPPER AND BRASS BAG CHARM,10,54.510000000000005,6,0.013550135501355014,160,0.0948509485094851,0.1897018970189702,Low,High,Markdown
90046,WHITE WITH METAL BAG CHARM,13,64.35,7,0.017615176151761516,240,0.12330623306233061,0.24661246612466123,Low,High,Markdown
90048,GREEN WITH METAL BAG CHARM,29,143.55,6,0.03929539295392954,41,0.2750677506775068,0.5501355013550135,Low,High,Markdown
90049,IVORY GOLD METAL BAG CHARM,19,104.07,5,0.025745257452574527,199,0.1802168021680217,0.3604336043360434,Low,High,Markdown
90050,CRACKED GLAZE NECKLACE IVORY,6,41.7,2,0.008130081300813009,250,0.05691056910569106,0.11382113821138212,Low,High,Markdown
90051,CRACKED GLAZE NECKLACE RED,7,48.65,4,0.009485094850948509,57,0.06639566395663957,0.13279132791327913,Low,High,Markdown
90052,CRACKED GLAZE NECKLACE BROWN,3,20.85,1,0.0040650406504065045,89,0.02845528455284553,0.05691056910569106,Low,High,Markdown
90054,CRACKED GLAZE EARRINGS RED,2,5.1,2,0.0027100271002710027,135,0.018970189701897018,0.037940379403794036,Low,High,Markdown
90055,CRACKED GLAZE EARRINGS BROWN,1,2.55,1,0.0013550135501355014,258,0.009485094850948509,0.018970189701897018,Low,High,Markdown
90056,CHUNKY CRACKED GLAZE NECKLACE IVORY,6,64.5,1,0.008130081300813009,167,0.05691056910569106,0.11382113821138212,Low,High,Markdown
90057,DIAMANTE RING ASSORTED IN BOX.,1800,2660.88,34,2.4390243902439024,28,17.073170731707318,34.146341463414636,High,Low,Reorder
90058A,CRYSTAL STUD EARRINGS CLEAR DISPLAY,576,218.88,13,0.7804878048780488,69,5.463414634146342,10.926829268292684,Low,High,Markdown
90058B,CRYSTAL STUD EARRINGS ASSORTED COL ,1081,508.7,28,1.4647696476964769,24,10.253387533875339,20.506775067750677,Low,Low,Healthy
90059A,DIAMANTE HAIR GRIP PACK/2 CRYSTAL,18,29.700000000000003,3,0.024390243902439025,145,0.17073170731707318,0.34146341463414637,Low,High,Markdown
90059B,DIAMANTE HAIR GRIP PACK/2 BLACK DIA,15,24.75,4,0.02032520325203252,94,0.14227642276422764,0.2845528455284553,Low,High,Markdown
90059C,DIAMANTE HAIR GRIP PACK/2 MONTANA,24,39.6,7,0.032520325203252036,184,0.22764227642276424,0.4552845528455285,Low,High,Markdown
90059D,DIAMANTE HAIR GRIP PACK/2 PERIDOT,26,42.900000000000006,5,0.03523035230352303,297,0.24661246612466123,0.49322493224932246,Low,High,Markdown
90059E,DIAMANTE HAIR GRIP PACK/2 RUBY,21,34.65,7,0.028455284552845527,96,0.1991869918699187,0.3983739837398374,Low,High,Markdown
90059F,DIAMANTE HAIR GRIP PACK/2 LT ROSE,21,34.65,5,0.028455284552845527,156,0.1991869918699187,0.3983739837398374,Low,High,Markdown
90060B,FIRE POLISHED GLASS NECKL GOLD,6,35.7,4,0.008130081300813009,125,0.05691056910569106,0.11382113821138212,Low,High,Markdown
90060C,FIRE POLISHED GLASS NECKL SILVER,7,41.65,3,0.009485094850948509,114,0.06639566395663957,0.13279132791327913,Low,High,Markdown
90060D,FIRE POLISHED GLASS NECKL BRONZE,11,65.45,7,0.014905149051490514,154,0.1043360433604336,0.2086720867208672,Low,High,Markdown
90060F,FIRE POLISHED GLASS NECKL GREEN,17,101.15,7,0.023035230352303523,87,0.16124661246612465,0.3224932249322493,Low,High,Markdown
90062,CARNIVAL BRACELET,113,1430.5,38,0.15311653116531165,166,1.0718157181571817,2.1436314363143634,Low,High,Markdown
90063A,WHITE VINT ART DECO CRYSTAL NECKLAC,18,153.0,10,0.024390243902439025,178,0.17073170731707318,0.34146341463414637,Low,High,Markdown
90063B,BLACK VINT ART DEC CRYSTAL NECKLACE,15,127.5,9,0.02032520325203252,182,0.14227642276422764,0.2845528455284553,Low,High,Markdown
90064A,WHITE VINTAGE CRYSTAL EARRINGS,11,41.25,4,0.014905149051490514,208,0.1043360433604336,0.2086720867208672,Low,High,Markdown
90064B,BLACK VINTAGE  CRYSTAL EARRINGS,17,63.75,9,0.023035230352303523,114,0.16124661246612465,0.3224932249322493,Low,High,Markdown
90065A,WHITE VINTAGE CRYSTAL BRACELET,17,114.75,7,0.023035230352303523,200,0.16124661246612465,0.3224932249322493,Low,High,Markdown
90065B,BLACK VINT ART DEC CRYSTAL BRACELET,8,54.0,6,0.01084010840108401,206,0.07588075880758807,0.15176151761517614,Low,High,Markdown
90066A,PINK VINTAGE VICTORIAN CHOKER,5,33.75,2,0.006775067750677507,157,0.04742547425474255,0.0948509485094851,Low,High,Markdown
90067A,PINK VINTAGE VICTORIAN EARRINGS,25,73.75000000000001,8,0.03387533875338753,149,0.23712737127371272,0.47425474254742545,Low,High,Markdown
90067B,BROWN VINTAGE VICTORIAN EARRINGS,12,35.400000000000006,2,0.016260162601626018,213,0.11382113821138212,0.22764227642276424,Low,High,Markdown
90069,RUBY GLASS CLUSTER NECKLACE,11,82.5,5,0.014905149051490514,292,0.1043360433604336,0.2086720867208672,Low,High,Markdown
90070,RUBY GLASS CLUSTER BRACELET,37,220.15,11,0.05013550135501355,163,0.3509485094850949,0.7018970189701897,Low,High,Markdown
90071,RUBY GLASS CLUSTER EARRINGS,2,2.5,2,0.0027100271002710027,35,0.018970189701897018,0.037940379403794036,Low,High,Markdown
90072,RUBY DROP CHANDELIER EARRINGS,18,67.5,5,0.024390243902439025,264,0.17073170731707318,0.34146341463414637,Low,High,Markdown
90073,VINTAGE ENAMEL & CRYSTAL EARRINGS,22,108.9,7,0.02981029810298103,126,0.2086720867208672,0.4173441734417344,Low,High,Markdown
90074,BLACK DIAMOND CLUSTER NECKLACE,5,44.75,4,0.006775067750677507,107,0.04742547425474255,0.0948509485094851,Low,High,Markdown
90075,MONTANA DIAMOND CLUSTER NECKLACE,4,35.8,3,0.005420054200542005,148,0.037940379403794036,0.07588075880758807,Low,High,Markdown
90076,MONTANA DIAMOND CLUSTER EARRINGS,6,15.3,1,0.008130081300813009,23,0.05691056910569106,0.11382113821138212,Low,High,Markdown
90077,BLACK DIAMOND CLUSTER EARRINGS,1,2.55,1,0.0013550135501355014,114,0.009485094850948509,0.018970189701897018,Low,High,Markdown
90078,PINK/WHITE GLASS DEMI CHOKER,8,60.0,4,0.01084010840108401,228,0.07588075880758807,0.15176151761517614,Low,High,Markdown
90079,VINTAGE ENAMEL & CRYSTAL NECKLACE,10,49.5,5,0.013550135501355014,244,0.0948509485094851,0.1897018970189702,Low,High,Markdown
90081A,LILY BROOCH AMETHYST COLOUR,48,237.6,23,0.06504065040650407,66,0.4552845528455285,0.910569105691057,Low,High,Markdown
90081B,LILY BROOCH WHITE/SILVER COLOUR,6,29.7,2,0.008130081300813009,200,0.05691056910569106,0.11382113821138212,Low,High,Markdown
90081C,LILY BROOCH OLIVE COLOUR,27,133.65,13,0.036585365853658534,125,0.25609756097560976,0.5121951219512195,Low,High,Markdown
90082A,DIAMANTE BOW BROOCH GREEN COLOUR,42,266.7,20,0.056910569105691054,218,0.3983739837398374,0.7967479674796748,Low,High,Markdown
90082B,DIAMANTE BOW BROOCH RED COLOUR,57,361.95,24,0.07723577235772358,125,0.540650406504065,1.08130081300813,Low,High,Markdown
90082C,DIAMANTE BOW BROOCH WHITE COLOUR,1,6.35,1,0.0013550135501355014,299,0.009485094850948509,0.018970189701897018,Low,High,Markdown
90082D,DIAMANTE BOW BROOCH BLACK COLOUR,83,527.05,35,0.11246612466124661,279,0.7872628726287263,1.5745257452574526,Low,High,Markdown
90083,CRYSTAL CZECH CROSS PHONE CHARM,44,34.94,8,0.05962059620596206,127,0.4173441734417344,0.8346883468834688,Low,High,Markdown
90084,PINK CRYSTAL GUITAR PHONE CHARM,64,54.4,9,0.08672086720867209,38,0.6070460704607046,1.2140921409214092,Low,High,Markdown
90085,CRYSTAL STILETTO PHONE CHARM,297,252.45,17,0.4024390243902439,190,2.8170731707317076,5.634146341463415,Low,High,Markdown
90086,CRYSTAL FROG PHONE CHARM,189,138.32999999999998,19,0.25609756097560976,214,1.7926829268292683,3.5853658536585367,Low,High,Markdown
90087,CRYSTAL SEA HORSE PHONE CHARM,276,191.76,21,0.37398373983739835,31,2.6178861788617884,5.235772357723577,Low,High,Markdown
90088,CRYSTAL KEY+LOCK PHONE CHARM,99,84.14999999999999,12,0.13414634146341464,214,0.9390243902439025,1.878048780487805,Low,High,Markdown
90089,PINK CRYSTAL SKULL PHONE CHARM,88,66.22,11,0.11924119241192412,201,0.8346883468834688,1.6693766937669376,Low,High,Markdown
90090,PINK CRYSTAL HEART PHONE CHARM,258,219.3,17,0.34959349593495936,163,2.4471544715447155,4.894308943089431,Low,High,Markdown
90091,CRYSTAL DRAGONFLY PHONE CHARM,3,2.55,2,0.0040650406504065045,201,0.02845528455284553,0.05691056910569106,Low,High,Markdown
90092,BLUE CRYSTAL BOOT PHONE CHARM,91,77.35,7,0.12330623306233063,49,0.8631436314363143,1.7262872628726287,Low,High,Markdown
90093,CLEAR CRYSTAL STAR PHONE CHARM,200,150.44,18,0.27100271002710025,103,1.8970189701897018,3.7940379403794036,Low,High,Markdown
90094,NECKLACE+BRACELET SET FRUIT SALAD ,34,86.69999999999999,21,0.04607046070460705,185,0.3224932249322493,0.6449864498644986,Low,High,Markdown
90095,NECKLACE+BRACELET SET PINK BLOSSOM,7,17.85,2,0.009485094850948509,115,0.06639566395663957,0.13279132791327913,Low,High,Markdown
90096,NECKLACE+BRACELET SET BLUE BLOSSOM,31,79.05,11,0.04200542005420054,285,0.2940379403794038,0.5880758807588076,Low,High,Markdown
90098,NECKLACE+BRACELET PINK BUTTERFLY,59,150.45,23,0.07994579945799458,244,0.559620596205962,1.119241192411924,Low,High,Markdown
90099,NECKLACE+BRACELET SET BLUE HIBISCUS,29,73.94999999999999,17,0.03929539295392954,61,0.2750677506775068,0.5501355013550135,Low,High,Markdown
90100,NECKLACE+BRACELET SET PINK DAISY,22,56.1,9,0.02981029810298103,265,0.2086720867208672,0.4173441734417344,Low,High,Markdown
90101,WHITE FRANGIPANI NECKLACE,17,43.35,5,0.023035230352303523,227,0.16124661246612465,0.3224932249322493,Low,High,Markdown
90102,WHITE FRANGIPANI HAIR CLIP,17,14.45,3,0.023035230352303523,256,0.16124661246612465,0.3224932249322493,Low,High,Markdown
90103,PURPLE FRANGIPANI NECKLACE,12,30.6,5,0.016260162601626018,41,0.11382113821138212,0.22764227642276424,Low,High,Markdown
90104,PURPLE FRANGIPANI HAIRCLIP,57,48.449999999999996,11,0.07723577235772358,204,0.540650406504065,1.08130081300813,Low,High,Markdown
90108,BLUE BLOSSOM HAIR CLIP,101,106.05,13,0.13685636856368563,261,0.9579945799457994,1.9159891598915988,Low,High,Markdown
90111,BLUE HIBISCUS  HAIR CLIP,7,7.35,6,0.009485094850948509,60,0.06639566395663957,0.13279132791327913,Low,High,Markdown
90112,PINK DOLLY HAIR CLIPS,70,73.5,15,0.0948509485094851,181,0.6639566395663957,1.3279132791327914,Low,High,Markdown
90114,SUMMER DAISIES BAG CHARM,84,214.2,19,0.11382113821138211,179,0.7967479674796748,1.5934959349593496,Low,High,Markdown
90115,SUMMER BUTTERFLIES BAG CHARM,31,79.05,11,0.04200542005420054,108,0.2940379403794038,0.5880758807588076,Low,High,Markdown
90116,FRUIT SALAD BAG CHARM,44,74.36,11,0.05962059620596206,31,0.4173441734417344,0.8346883468834688,Low,High,Markdown
90118,PINK DAISY BAG CHARM,8,20.4,3,0.01084010840108401,92,0.07588075880758807,0.15176151761517614,Low,High,Markdown
90119,METALIC LEAVES BAG CHARMS,67,166.17,18,0.09078590785907859,95,0.6355013550135501,1.2710027100271002,Low,High,Markdown
90120A,PINK MURANO TWIST BRACELET,68,289.0,21,0.0921409214092141,220,0.6449864498644986,1.2899728997289972,Low,High,Markdown
90120B,BLUE MURANO TWIST BRACELET,77,325.5,21,0.1043360433604336,29,0.7303523035230353,1.4607046070460705,Low,High,Markdown
90120C,GREEN MURANO TWIST BRACELET,61,259.25,17,0.08265582655826559,245,0.5785907859078592,1.1571815718157183,Low,High,Markdown
90120D,WHITE MURANO TWIST BRACELET,102,418.25,20,0.13821138211382114,195,0.967479674796748,1.934959349593496,Low,High,Markdown
90121B,VINTAGE ROSE BEAD BRACELET BLUE,19,80.75,9,0.025745257452574527,295,0.1802168021680217,0.3604336043360434,Low,High,Markdown
90122A,PINK CRYSTAL+GLASS BRACELET,36,178.20000000000002,14,0.04878048780487805,58,0.34146341463414637,0.6829268292682927,Low,High,Markdown
90122B,JADE CRYSTAL+GLASS BRACELET,34,168.3,14,0.04607046070460705,79,0.3224932249322493,0.6449864498644986,Low,High,Markdown
90122C,TURQUOISE CRYSTAL+GLASS BRACELET,38,188.1,15,0.051490514905149054,85,0.3604336043360434,0.7208672086720868,Low,High,Markdown
90123A,PINK HEART OF GLASS BRACELET,35,208.25,18,0.04742547425474255,143,0.33197831978319786,0.6639566395663957,Low,High,Markdown
90123B,TURQUOISE HEART OF GLASS BRACELET,24,142.8,11,0.032520325203252036,183,0.22764227642276424,0.4552845528455285,Low,High,Markdown
90123C,GREEN HEART OF GLASS BRACELET,24,142.8,9,0.032520325203252036,178,0.22764227642276424,0.4552845528455285,Low,High,Markdown
90123D,WHITE HEART OF GLASS BRACELET,23,136.85000000000002,8,0.03116531165311653,76,0.2181571815718157,0.4363143631436314,Low,High,Markdown
90124A,PINK MURANO TWIST NECKLACE,26,258.7,16,0.03523035230352303,97,0.24661246612466123,0.49322493224932246,Low,High,Markdown
90124B,BLUE MURANO TWIST NECKLACE,20,199.0,11,0.02710027100271003,213,0.1897018970189702,0.3794037940379404,Low,High,Markdown
90124C,GREEN MURANO TWIST NECKLACE,14,139.29999999999998,8,0.018970189701897018,34,0.13279132791327913,0.26558265582655827,Low,High,Markdown
90125A,PINK BERTIE GLASS BEAD BAG CHARM,140,159.0,12,0.1897018970189702,31,1.3279132791327914,2.655826558265583,Low,High,Markdown
90125B,AQUA BERTIE GLASS BEAD BAG CHARM,31,50.099999999999994,6,0.04200542005420054,120,0.2940379403794038,0.5880758807588076,Low,High,Markdown
90125C,TURQUOISE BERTIE GLASS BEAD CHARM,88,94.8,6,0.11924119241192412,175,0.8346883468834688,1.6693766937669376,Low,High,Markdown
90125D,PURPLE BERTIE GLASS BEAD BAG CHARM,102,124.2,11,0.13821138211382114,144,0.967479674796748,1.934959349593496,Low,High,Markdown
90125E,AMBER BERTIE GLASS BEAD BAG CHARM,2,4.2,2,0.0027100271002710027,299,0.018970189701897018,0.037940379403794036,Low,High,Markdown
90126A,PINK BERTIE MOBILE PHONE CHARM,18,30.42,3,0.024390243902439025,129,0.17073170731707318,0.34146341463414637,Low,High,Markdown
90126C,AMBER BERTIE MOBILE PHONE CHARM,17,28.73,2,0.023035230352303523,165,0.16124661246612465,0.3224932249322493,Low,High,Markdown
90127A,PINK BEADS+HAND PHONE CHARM,12,15.0,1,0.016260162601626018,235,0.11382113821138212,0.22764227642276424,Low,High,Markdown
90127B,BLUE BEADS+HAND PHONE CHARM,2,2.5,2,0.0027100271002710027,181,0.018970189701897018,0.037940379403794036,Low,High,Markdown
90128A,PINK LEAVES AND BEADS PHONE CHARM,17,21.25,5,0.023035230352303523,147,0.16124661246612465,0.3224932249322493,Low,High,Markdown
90128B,BLUE LEAVES AND BEADS PHONE CHARM,17,21.25,5,0.023035230352303523,169,0.16124661246612465,0.3224932249322493,Low,High,Markdown
90128C,GREEN LEAVES AND BEADS PHONE CHARM,14,17.5,3,0.018970189701897018,55,0.13279132791327913,0.26558265582655827,Low,High,Markdown
90128D,PURPLE LEAVES AND BEADS PHONE CHAR,3,3.75,2,0.0040650406504065045,192,0.02845528455284553,0.05691056910569106,Low,High,Markdown
90129A,PINK GLASS TASSLE BAG CHARM ,35,103.25,15,0.04742547425474255,41,0.33197831978319786,0.6639566395663957,Low,High,Markdown
90129B,TURQUOISE GLASS TASSLE BAG CHARM ,65,191.75000000000003,18,0.08807588075880758,225,0.6165311653116531,1.2330623306233062,Low,High,Markdown
90129C,GREEN GLASS TASSLE BAG CHARM,50,147.5,17,0.06775067750677506,146,0.47425474254742545,0.9485094850948509,Low,High,Markdown
90129D,AMBER GLASS TASSLE BAG CHARM,37,109.15000000000002,12,0.05013550135501355,236,0.3509485094850949,0.7018970189701897,Low,High,Markdown
90129E,PURPLE GLASS TASSLE BAG CHARM,37,109.15,10,0.05013550135501355,115,0.3509485094850949,0.7018970189701897,Low,High,Markdown
90129F,RED GLASS TASSLE BAG CHARM,35,103.25000000000001,14,0.04742547425474255,183,0.33197831978319786,0.6639566395663957,Low,High,Markdown
90130A,WHITE STONE/CRYSTAL EARRINGS,18,53.10000000000001,6,0.024390243902439025,167,0.17073170731707318,0.34146341463414637,Low,High,Markdown
90130B,TURQ STONE/CRYSTAL EARRINGS,15,44.25000000000001,4,0.02032520325203252,37,0.14227642276422764,0.2845528455284553,Low,High,Markdown
90130C,GREEN STONE/CRYSTAL EARRINGS,2,5.9,2,0.0027100271002710027,214,0.018970189701897018,0.037940379403794036,Low,High,Markdown
90130D,RED STONE/CRYSTAL EARRINGS,6,17.700000000000003,1,0.008130081300813009,170,0.05691056910569106,0.11382113821138212,Low,High,Markdown
90131,PINK/AMETHYST/GOLD NECKLACE,9,62.55,4,0.012195121951219513,142,0.08536585365853659,0.17073170731707318,Low,High,Markdown
90133,TEAL/FUSCHIA COL BEAD NECKLACE,18,89.1,7,0.024390243902439025,206,0.17073170731707318,0.34146341463414637,Low,High,Markdown
90134,OLD ROSE COMBO BEAD NECKLACE,12,35.400000000000006,2,0.016260162601626018,168,0.11382113821138212,0.22764227642276424,Low,High,Markdown
90135,ORANGE/WHT/FUSCHIA STONES NECKLACE,6,29.700000000000003,1,0.008130081300813009,123,0.05691056910569106,0.11382113821138212,Low,High,Markdown
90135A,ORANGE/FUSCHIA STONES NECKLACE,9,44.550000000000004,2,0.012195121951219513,262,0.08536585365853659,0.17073170731707318,Low,High,Markdown
90136,PALE PINK/AMETHYST STONE NECKLACE,3,29.849999999999998,2,0.0040650406504065045,250,0.02845528455284553,0.05691056910569106,Low,High,Markdown
90137,PINK COMBO MINI CRYSTALS NECKLACE,19,94.05000000000001,8,0.025745257452574527,225,0.1802168021680217,0.3604336043360434,Low,High,Markdown
90138,WHITE/PINK MINI CRYSTALS NECKLACE,11,54.45,5,0.014905149051490514,217,0.1043360433604336,0.2086720867208672,Low,High,Markdown
90139,FLOWER BROOCH 4 ASSORTED COLOURS,5,24.75,3,0.006775067750677507,106,0.04742547425474255,0.0948509485094851,Low,High,Markdown
90140,PINK SWEETIE NECKLACE,5,37.5,3,0.006775067750677507,161,0.04742547425474255,0.0948509485094851,Low,High,Markdown
90141A,GREEN PENDANT TRIPLE SHELL NECKLACE,7,34.65,4,0.009485094850948509,218,0.06639566395663957,0.13279132791327913,Low,High,Markdown
90141B,IVORY PENDANT TRIPLE SHELL NECKLACE,6,29.7,2,0.008130081300813009,65,0.05691056910569106,0.11382113821138212,Low,High,Markdown
90141C,TURQ PENDANT TRIPLE SHELL NECKLACE,7,34.65,4,0.009485094850948509,34,0.06639566395663957,0.13279132791327913,Low,High,Markdown
90141D,ROSE PENDANT TRIPLE SHELL NECKLACE,3,14.85,1,0.0040650406504065045,63,0.02845528455284553,0.05691056910569106,Low,High,Markdown
90141E,ORANGE PENDANT TRIPLE SHELL NECKLAC,7,34.65,3,0.009485094850948509,188,0.06639566395663957,0.13279132791327913,Low,High,Markdown
90142D,MOP PENDANT SHELL NECKLACE,10,49.5,4,0.013550135501355014,63,0.0948509485094851,0.1897018970189702,Low,High,Markdown
90143,SILVER BRACELET W PASTEL FLOWER,54,400.0,18,0.07317073170731707,117,0.5121951219512195,1.024390243902439,Low,High,Markdown
90144,SILVER DROP EARRINGS WITH FLOWER,31,116.25,11,0.04200542005420054,280,0.2940379403794038,0.5880758807588076,Low,High,Markdown
90145,SILVER HOOP EARRINGS WITH FLOWER,50,297.5,23,0.06775067750677506,128,0.47425474254742545,0.9485094850948509,Low,High,Markdown
90146,FINE SILVER NECKLACE W PASTEL FLOWE,35,228.75,13,0.04742547425474255,123,0.33197831978319786,0.6639566395663957,Low,High,Markdown
90147,CHUNKY SILVER NECKLACE PASTEL FLOWE,73,726.3499999999999,38,0.0989159891598916,275,0.6924119241192411,1.3848238482384823,Low,High,Markdown
90148,LONG SILVER NECKLACE PASTEL FLOWER,25,318.75,16,0.03387533875338753,225,0.23712737127371272,0.47425474254742545,Low,High,Markdown
90149,SILVER FLOWR PINK SHELL NECKLACE,60,395.28000000000003,7,0.08130081300813008,62,0.5691056910569106,1.1382113821138211,Low,High,Markdown
90150,BLUE SHELL+SILVER NECKLACE,12,90.0,7,0.016260162601626018,264,0.11382113821138212,0.22764227642276424,Low,High,Markdown
90151,SILVER/NATURAL SHELL NECKLACE,14,119.0,7,0.018970189701897018,292,0.13279132791327913,0.26558265582655827,Low,High,Markdown
90152A,SILVER/NAT SHELL NECKLACE W PENDANT,4,23.8,4,0.005420054200542005,102,0.037940379403794036,0.07588075880758807,Low,High,Markdown
90152B,BLUE/GREEN SHELL NECKLACE W PENDANT,5,29.75,4,0.006775067750677507,129,0.04742547425474255,0.0948509485094851,Low,High,Markdown
90152C,BLUE/NAT SHELL NECKLACE W PENDANT,7,41.650000000000006,4,0.009485094850948509,209,0.06639566395663957,0.13279132791327913,Low,High,Markdown
90154,LAZER CUT NECKLACE W PASTEL BEADS,58,430.7,6,0.07859078590785908,270,0.5501355013550135,1.100271002710027,Low,High,Markdown
90155,RESIN NECKLACE W PASTEL BEADS,21,157.5,12,0.028455284552845527,231,0.1991869918699187,0.3983739837398374,Low,High,Markdown
90156,RESIN BRACELET W PASTEL BEADS,18,89.10000000000001,7,0.024390243902439025,152,0.17073170731707318,0.34146341463414637,Low,High,Markdown
90157,RIVIERA NECKLACE,44,217.8,16,0.05962059620596206,220,0.4173441734417344,0.8346883468834688,Low,High,Markdown
90158,ST TROPEZ NECKLACE,22,108.9,11,0.02981029810298103,114,0.2086720867208672,0.4173441734417344,Low,High,Markdown
90159,COTE D'AZURE NECKLACE,33,163.35,15,0.044715447154471545,297,0.3130081300813008,0.6260162601626016,Low,High,Markdown
90160A,PURPLE BOUDICCA LARGE BRACELET,44,305.8,20,0.05962059620596206,238,0.4173441734417344,0.8346883468834688,Low,High,Markdown
90160B,RED BOUDICCA LARGE BRACELET,60,412.55,23,0.08130081300813008,108,0.5691056910569106,1.1382113821138211,Low,High,Markdown
90160C,TURQ+RED BOUDICCA LARGE BRACELET,81,562.95,32,0.10975609756097561,91,0.7682926829268293,1.5365853658536586,Low,High,Markdown
90160D,PINK BOUDICCA LARGE BRACELET,69,479.55,21,0.09349593495934959,266,0.6544715447154471,1.3089430894308942,Low,High,Markdown
90161A,ANT COPPER RED BOUDICCA BRACELET,39,193.05,14,0.052845528455284556,148,0.3699186991869919,0.7398373983739838,Low,High,Markdown
90161B,ANT COPPER TURQ BOUDICCA BRACELET,87,430.65,26,0.11788617886178862,231,0.8252032520325203,1.6504065040650406,Low,High,Markdown
90161C,ANT COPPER LIME BOUDICCA BRACELET,99,490.05,34,0.13414634146341464,115,0.9390243902439025,1.878048780487805,Low,High,Markdown
90161D,ANT COPPER PINK BOUDICCA BRACELET,74,363.85,24,0.1002710027100271,94,0.7018970189701897,1.4037940379403795,Low,High,Markdown
90162A,ANT SILVER TURQUOISE BOUDICCA RING,29,85.55000000000001,10,0.03929539295392954,73,0.2750677506775068,0.5501355013550135,Low,High,Markdown
90162B,ANT SILVER LIME GREEN BOUDICCA RING,54,159.3,19,0.07317073170731707,73,0.5121951219512195,1.024390243902439,Low,High,Markdown
90162C,ANT SILVER FUSCHIA BOUDICCA RING,42,123.90000000000002,16,0.056910569105691054,237,0.3983739837398374,0.7967479674796748,Low,High,Markdown
90162D,ANT SILVER PURPLE BOUDICCA RING,26,76.7,11,0.03523035230352303,35,0.24661246612466123,0.49322493224932246,Low,High,Markdown
90163A,PINK ROSEBUD & PEARL NECKLACE,12,90.0,5,0.016260162601626018,118,0.11382113821138212,0.22764227642276424,Low,High,Markdown
90163B,WHITE ROSEBUD & PEARL NECKLACE,4,30.0,2,0.005420054200542005,39,0.037940379403794036,0.07588075880758807,Low,High,Markdown
90164A,PINK ROSEBUD PEARL BRACELET,21,85.35,7,0.028455284552845527,65,0.1991869918699187,0.3983739837398374,Low,High,Markdown
90164B,WHITE  ROSEBUD PEARL BRACELET,30,80.7,8,0.04065040650406504,212,0.2845528455284553,0.5691056910569106,Low,High,Markdown
90165A,PINK ROSEBUD PEARL EARRINGS,12,30.6,2,0.016260162601626018,77,0.11382113821138212,0.22764227642276424,Low,High,Markdown
90165B,WHITE ROSEBUD  PEARL EARRINGS,20,51.0,6,0.02710027100271003,130,0.1897018970189702,0.3794037940379404,Low,High,Markdown
90166,PINK & WHITE ROSEBUD RING,19,80.15,11,0.025745257452574527,148,0.1802168021680217,0.3604336043360434,Low,High,Markdown
90167,BEADED LOVE HEART JEWELLERY SET,2098,1667.86,75,2.8428184281842817,213,19.899728997289973,39.799457994579946,Low,High,Markdown
90168,2 DAISIES HAIR COMB,18,53.10000000000001,3,0.024390243902439025,27,0.17073170731707318,0.34146341463414637,Low,High,Markdown
90169,DAISY HAIR COMB,14,35.7,3,0.018970189701897018,48,0.13279132791327913,0.26558265582655827,Low,High,Markdown
90170,DAISY HAIR BAND,67,110.55000000000001,10,0.09078590785907859,131,0.6355013550135501,1.2710027100271002,Low,High,Markdown
90171,DAISY RING,11,13.75,2,0.014905149051490514,180,0.1043360433604336,0.2086720867208672,Low,High,Markdown
90173,PAIR BUTTERFLY HAIR CLIPS,29,108.75,7,0.03929539295392954,150,0.2750677506775068,0.5501355013550135,Low,High,Markdown
90174,BUTTERFLY HAIR BAND,16,40.8,4,0.02168021680216802,207,0.15176151761517614,0.3035230352303523,Low,High,Markdown
90175A,WHITE GLASS CHUNKY CHARM BRACELET,69,611.1,28,0.09349593495934959,182,0.6544715447154471,1.3089430894308942,Low,High,Markdown
90175B,PINK GLASS CHUNKY CHARM BRACELET,15,127.8,7,0.02032520325203252,216,0.14227642276422764,0.2845528455284553,Low,High,Markdown
90175C,BLUE GLASS CHUNKY CHARM BRACELET,34,304.3,17,0.04607046070460705,223,0.3224932249322493,0.6449864498644986,Low,High,Markdown
90175D,TIGRIS EYE CHUNKY CHARM BRACELET,28,250.6,15,0.037940379403794036,231,0.26558265582655827,0.5311653116531165,Low,High,Markdown
90176A,CLASSIC DIAMANTE NECKLACE JET,5,37.5,3,0.006775067750677507,128,0.04742547425474255,0.0948509485094851,Low,High,Markdown
90176B,DIAMANTE NECKLACE BLACK ,3,22.5,2,0.0040650406504065045,295,0.02845528455284553,0.05691056910569106,Low,High,Markdown
90176C,DIAMANTE NECKLACE,8,60.0,4,0.01084010840108401,92,0.07588075880758807,0.15176151761517614,Low,High,Markdown
90176D,DIAMANTE NECKLACE PURPLE,10,75.0,6,0.013550135501355014,186,0.0948509485094851,0.1897018970189702,Low,High,Markdown
90176E,DIAMANTE NECKLACE GREEN,3,22.5,2,0.0040650406504065045,279,0.02845528455284553,0.05691056910569106,Low,High,Markdown
90177A,CLASSIC DIAMANTE EARRINGS JET,7,20.650000000000002,2,0.009485094850948509,262,0.06639566395663957,0.13279132791327913,Low,High,Markdown
90177B,DROP DIAMANTE EARRINGS BLACK DIAMON,15,44.25,5,0.02032520325203252,294,0.14227642276422764,0.2845528455284553,Low,High,Markdown
90177C,DROP DIAMANTE EARRINGS CRYSTAL,16,47.2,6,0.02168021680216802,121,0.15176151761517614,0.3035230352303523,Low,High,Markdown
90177D,DROP DIAMANTE EARRINGS PURPLE,31,91.45000000000002,10,0.04200542005420054,192,0.2940379403794038,0.5880758807588076,Low,High,Markdown
90177E,DROP DIAMANTE EARRINGS GREEN,8,23.6,3,0.01084010840108401,190,0.07588075880758807,0.15176151761517614,Low,High,Markdown
90178A,AMBER CHUNKY GLASS+BEAD NECKLACE,21,250.95,15,0.028455284552845527,160,0.1991869918699187,0.3983739837398374,Low,High,Markdown
90178B,PURPLE CHUNKY GLASS+BEAD NECKLACE,14,167.29999999999998,9,0.018970189701897018,207,0.13279132791327913,0.26558265582655827,Low,High,Markdown
90179A,AMBER FINE BEAD NECKLACE W TASSEL,8,47.6,5,0.01084010840108401,105,0.07588075880758807,0.15176151761517614,Low,High,Markdown
90179B,PURPLE FINE BEAD NECKLACE W TASSEL,7,41.65,5,0.009485094850948509,71,0.06639566395663957,0.13279132791327913,Low,High,Markdown
90179C,BLACK FINE BEAD NECKLACE W TASSEL,10,59.5,7,0.013550135501355014,130,0.0948509485094851,0.1897018970189702,Low,High,Markdown
90180A,BLACK+WHITE NECKLACE W TASSEL,35,306.25,19,0.04742547425474255,62,0.33197831978319786,0.6639566395663957,Low,High,Markdown
90180B,PURPLE AMETHYST NECKLACE W TASSEL,14,139.29999999999998,10,0.018970189701897018,230,0.13279132791327913,0.26558265582655827,Low,High,Markdown
90181A,AMBER GLASS/SHELL/PEARL NECKLACE,3,26.849999999999998,3,0.0040650406504065045,219,0.02845528455284553,0.05691056910569106,Low,High,Markdown
90182C,BLACK 3 BEAD DROP EARRINGS,8,23.6,2,0.01084010840108401,259,0.07588075880758807,0.15176151761517614,Low,High,Markdown
90183A,AMBER DROP EARRINGS W LONG BEADS,26,76.70000000000002,6,0.03523035230352303,134,0.24661246612466123,0.49322493224932246,Low,High,Markdown
90183C,BLACK DROP EARRINGS W LONG BEADS,2,5.9,2,0.0027100271002710027,45,0.018970189701897018,0.037940379403794036,Low,High,Markdown
90184A,AMBER CHUNKY BEAD BRACELET W STRAP,29,259.55,12,0.03929539295392954,96,0.2750677506775068,0.5501355013550135,Low,High,Markdown
90184B,AMETHYST CHUNKY BEAD BRACELET W STR,46,411.7,26,0.06233062330623306,156,0.4363143631436314,0.8726287262872628,Low,High,Markdown
90184C,BLACK CHUNKY BEAD BRACELET W STRAP,48,429.59999999999997,26,0.06504065040650407,39,0.4552845528455285,0.910569105691057,Low,High,Markdown
90185A,AMBER DIAMANTE EXPANDABLE RING,36,153.0,9,0.04878048780487805,230,0.34146341463414637,0.6829268292682927,Low,High,Markdown
90185B,AMETHYST DIAMANTE EXPANDABLE RING,44,187.0,13,0.05962059620596206,259,0.4173441734417344,0.8346883468834688,Low,High,Markdown
90185C,BLACK DIAMANTE EXPANDABLE RING,51,216.75,19,0.06910569105691057,58,0.483739837398374,0.967479674796748,Low,High,Markdown
90185D,CRYSTAL DIAMANTE EXPANDABLE RING,48,204.0,16,0.06504065040650407,287,0.4552845528455285,0.910569105691057,Low,High,Markdown
90186A,AMETHYST HOOP EARRING FLORAL LEAF,48,141.60000000000002,15,0.06504065040650407,226,0.4552845528455285,0.910569105691057,Low,High,Markdown
90186B,CRYSTAL HOOP EARRING FLORAL LEAF,36,106.20000000000002,13,0.04878048780487805,286,0.34146341463414637,0.6829268292682927,Low,High,Markdown
90187A,BLUE DROP EARRINGS W BEAD CLUSTER,2,6.7,1,0.0027100271002710027,173,0.018970189701897018,0.037940379403794036,Low,High,Markdown
90187B,GREEN DROP EARRINGS W BEAD CLUSTER,6,20.1,2,0.008130081300813009,61,0.05691056910569106,0.11382113821138212,Low,High,Markdown
90188,DROP EARRINGS W FLOWER & LEAF,3,7.6499999999999995,3,0.0040650406504065045,30,0.02845528455284553,0.05691056910569106,Low,High,Markdown
90189A,SILVER 2 STRAND NECKLACE-LEAF CHARM,8,60.0,5,0.01084010840108401,117,0.07588075880758807,0.15176151761517614,Low,High,Markdown
90189B,GOLD 2 STRAND NECKLACE-LEAF CHARMS,3,22.5,2,0.0040650406504065045,294,0.02845528455284553,0.05691056910569106,Low,High,Markdown
90190A,SILVER/CRYSTAL DROP EARRINGS W LEAF,18,53.10000000000001,8,0.024390243902439025,249,0.17073170731707318,0.34146341463414637,Low,High,Markdown
90190B,GOLD/AMBER DROP EARRINGS W LEAF,34,100.30000000000001,6,0.04607046070460705,239,0.3224932249322493,0.6449864498644986,Low,High,Markdown
90190C,SILVER/AMETHYST DROP EARRINGS LEAF,29,85.55000000000001,10,0.03929539295392954,84,0.2750677506775068,0.5501355013550135,Low,High,Markdown
90191,SILVER LARIAT 40CM,32,241.4,14,0.04336043360433604,251,0.3035230352303523,0.6070460704607046,Low,High,Markdown
90192,JADE DROP EARRINGS W FILIGREE,58,287.1,19,0.07859078590785908,71,0.5501355013550135,1.100271002710027,Low,High,Markdown
90194,SILVER LARIAT BLACK STONE EARRINGS,25,106.25,14,0.03387533875338753,282,0.23712737127371272,0.47425474254742545,Low,High,Markdown
90195A,PURPLE GEMSTONE BRACELET,51,408.45,26,0.06910569105691057,286,0.483739837398374,0.967479674796748,Low,High,Markdown
90195B,BLACK GEMSTONE BRACELET,45,396.75,20,0.06097560975609756,173,0.4268292682926829,0.8536585365853658,Low,High,Markdown
90196A,PURPLE GEMSTONE NECKLACE 45CM,17,216.75,9,0.023035230352303523,159,0.16124661246612465,0.3224932249322493,Low,High,Markdown
90196B,BLACK GEMSTONE NECKLACE 45CM,15,191.25,10,0.02032520325203252,70,0.14227642276422764,0.2845528455284553,Low,High,Markdown
90197B,BLACK GLASS BRACELET W HEART CHARMS,6,29.7,2,0.008130081300813009,136,0.05691056910569106,0.11382113821138212,Low,High,Markdown
90197D,AMBER GLASS BRACELET HEART CHARMS,9,44.550000000000004,4,0.012195121951219513,65,0.08536585365853659,0.17073170731707318,Low,High,Markdown
90198A,VINTAGE ROSE BEAD BRACELET RASPBERR,74,314.5,26,0.1002710027100271,107,0.7018970189701897,1.4037940379403795,Low,High,Markdown
90198B,VINTAGE ROSE BEAD BRACELET BLACK,85,361.25,32,0.11517615176151762,227,0.8062330623306233,1.6124661246612466,Low,High,Markdown
90199A,5 STRAND GLASS NECKLACE BLACK,15,95.25,9,0.02032520325203252,288,0.14227642276422764,0.2845528455284553,Low,High,Markdown
90199B,5 STRAND GLASS NECKLACE AMETHYST,17,107.94999999999999,12,0.023035230352303523,108,0.16124661246612465,0.3224932249322493,Low,High,Markdown
90199C,5 STRAND GLASS NECKLACE CRYSTAL,94,553.9,26,0.12737127371273713,137,0.8915989159891599,1.7831978319783197,Low,High,Markdown
90199D,5 STRAND GLASS NECKLACE AMBER,15,95.25,9,0.02032520325203252,73,0.14227642276422764,0.2845528455284553,Low,High,Markdown
90200A,PURPLE SWEETHEART BRACELET,118,501.5,43,0.15989159891598917,135,1.119241192411924,2.238482384823848,Low,High,Markdown
90200B,BLACK SWEETHEART BRACELET,141,599.25,45,0.1910569105691057,137,1.3373983739837398,2.6747967479674797,Low,High,Markdown
90200C,BLUE SWEETHEART BRACELET,133,565.25,40,0.1802168021680217,279,1.2615176151761518,2.5230352303523036,Low,High,Markdown
90200D,PINK SWEETHEART BRACELET,199,833.75,55,0.2696476964769648,94,1.8875338753387536,3.775067750677507,Low,High,Markdown
90200E,GREEN SWEETHEART BRACELET,170,710.5,53,0.23035230352303523,26,1.6124661246612466,3.2249322493224932,Low,High,Markdown
90201A,PURPLE ENAMEL FLOWER RING,91,268.45000000000005,20,0.12330623306233063,141,0.8631436314363143,1.7262872628726287,Low,High,Markdown
90201B,BLACK ENAMEL FLOWER RING,107,315.65000000000003,18,0.14498644986449866,30,1.0149051490514907,2.0298102981029813,Low,High,Markdown
90201C,RED ENAMEL FLOWER RING,89,262.55,19,0.12059620596205962,234,0.8441734417344173,1.6883468834688347,Low,High,Markdown
90201D,GREEN ENAMEL FLOWER RING,83,244.85000000000002,16,0.11246612466124661,298,0.7872628726287263,1.5745257452574526,Low,High,Markdown
90202A,PURPLE ENAMEL FLOWER HAIR TIE,8,23.6,3,0.01084010840108401,47,0.07588075880758807,0.15176151761517614,Low,High,Markdown
90202B,WHITE ENAMEL FLOWER HAIR TIE,9,26.550000000000004,3,0.012195121951219513,254,0.08536585365853659,0.17073170731707318,Low,High,Markdown
90202C,GREEN ENAMEL FLOWER HAIR TIE,9,26.550000000000004,4,0.012195121951219513,45,0.08536585365853659,0.17073170731707318,Low,High,Markdown
90202D,PINK ENAMEL FLOWER HAIR TIE,26,76.70000000000002,5,0.03523035230352303,73,0.24661246612466123,0.49322493224932246,Low,High,Markdown
90203,SILVER CHARM NECKLACE 70CM,60,450.0,24,0.08130081300813008,48,0.5691056910569106,1.1382113821138211,Low,High,Markdown
90204,PAIR OF ENAMEL BUTTERFLY HAIRCLIP,18,60.300000000000004,9,0.024390243902439025,183,0.17073170731707318,0.34146341463414637,Low,High,Markdown
90205A,LARGE MINT DIAMANTE HAIRSLIDE,16,26.4,6,0.02168021680216802,289,0.15176151761517614,0.3035230352303523,Low,High,Markdown
90205C,LARGE CRYSTAL DIAMANTE HAIRSLIDE,46,68.7,5,0.06233062330623306,54,0.4363143631436314,0.8726287262872628,Low,High,Markdown
90206A,GOLD DIAMANTE STAR BROOCH,10,49.5,6,0.013550135501355014,292,0.0948509485094851,0.1897018970189702,Low,High,Markdown
90206C,CRYSTAL DIAMANTE STAR BROOCH,21,103.95,11,0.028455284552845527,227,0.1991869918699187,0.3983739837398374,Low,High,Markdown
90208,PAIR OF ENAMEL FLOWER CLUSTER SLIDE,92,218.4,12,0.12466124661246612,257,0.8726287262872628,1.7452574525745257,Low,High,Markdown
90209A,PURPLE ENAMEL+GLASS HAIR COMB,173,325.5,10,0.23441734417344173,112,1.640921409214092,3.281842818428184,Low,High,Markdown
90209B,GREEN ENAMEL+GLASS HAIR COMB,248,453.6,18,0.33604336043360433,192,2.3523035230352303,4.7046070460704605,Low,High,Markdown
90209C,PINK ENAMEL+GLASS HAIR COMB,330,609.0,24,0.44715447154471544,98,3.130081300813008,6.260162601626016,Low,High,Markdown
90210A,GREY ACRYLIC FACETED BANGLE,78,179.70000000000002,12,0.10569105691056911,129,0.7398373983739838,1.4796747967479675,Low,High,Markdown
90210B,CLEAR ACRYLIC FACETED BANGLE,95,211.25,17,0.12872628726287264,236,0.9010840108401085,1.802168021680217,Low,High,Markdown
90210C,RED   ACRYLIC FACETED BANGLE,113,171.95000000000002,9,0.15311653116531165,125,1.0718157181571817,2.1436314363143634,Low,High,Markdown
90210D,PURPLE ACRYLIC FACETED BANGLE,131,204.65,12,0.17750677506775067,66,1.2425474254742548,2.4850948509485096,Low,High,Markdown
90211A,DIAMOND LAS VEGAS NECKLACE 45CM,9,53.550000000000004,5,0.012195121951219513,200,0.08536585365853659,0.17073170731707318,Low,High,Markdown
90211B,JET BLACK LAS VEGAS NECKLACE 45CM,16,95.2,8,0.02168021680216802,83,0.15176151761517614,0.3035230352303523,Low,High,Markdown
90212B,JET BLACK LAS VEGAS BRACELET ROUND,16,60.0,7,0.02168021680216802,265,0.15176151761517614,0.3035230352303523,Low,High,Markdown
90212C,PURPLE LAS VEGAS BRACELET ROUND,13,48.75,5,0.017615176151761516,263,0.12330623306233061,0.24661246612466123,Low,High,Markdown
90214A,"LETTER ""A"" BLING KEY RING",127,135.71,45,0.17208672086720866,106,1.2046070460704605,2.409214092140921,Low,High,Markdown
90214B,"LETTER ""B"" BLING KEY RING",47,47.23,16,0.06368563685636856,236,0.44579945799457993,0.8915989159891599,Low,High,Markdown
90214C,"LETTER ""C"" BLING KEY RING",114,117.53999999999999,35,0.15447154471544716,26,1.08130081300813,2.16260162601626,Low,High,Markdown
90214D,"LETTER ""D"" BLING KEY RING",65,58.21,19,0.08807588075880758,297,0.6165311653116531,1.2330623306233062,Low,High,Markdown
90214E,"LETTER ""E"" BLING KEY RING",95,94.75,33,0.12872628726287264,229,0.9010840108401085,1.802168021680217,Low,High,Markdown
90214F,"LETTER ""F"" BLING KEY RING",29,23.77,13,0.03929539295392954,188,0.2750677506775068,0.5501355013550135,Low,High,Markdown
90214G,"LETTER ""G"" BLING KEY RING",69,62.25,21,0.09349593495934959,157,0.6544715447154471,1.3089430894308942,Low,High,Markdown
90214H,"LETTER ""H"" BLING KEY RING",50,50.019999999999996,23,0.06775067750677506,249,0.47425474254742545,0.9485094850948509,Low,High,Markdown
90214I,"LETTER ""I"" BLING KEY RING",44,42.519999999999996,12,0.05962059620596206,180,0.4173441734417344,0.8346883468834688,Low,High,Markdown
90214J,"LETTER ""J"" BLING KEY RING",81,89.73,30,0.10975609756097561,20,0.7682926829268293,1.5365853658536586,Low,High,Markdown
90214K,"LETTER ""K"" BLING KEY RING",109,112.25,45,0.14769647696476965,255,1.0338753387533874,2.067750677506775,Low,High,Markdown
90214L,"LETTER ""L"" BLING KEY RING",114,107.94,29,0.15447154471544716,207,1.08130081300813,2.16260162601626,Low,High,Markdown
90214M,"LETTER ""M"" BLING KEY RING",79,87.23,29,0.1070460704607046,23,0.7493224932249323,1.4986449864498645,Low,High,Markdown
90214N,"LETTER ""N"" BLING KEY RING",49,48.769999999999996,18,0.06639566395663957,151,0.464769647696477,0.929539295392954,Low,High,Markdown
90214O,"LETTER ""O"" BLING KEY RING",31,27.23,13,0.04200542005420054,237,0.2940379403794038,0.5880758807588076,Low,High,Markdown
90214P,"LETTER ""P"" BLING KEY RING",58,48.5,18,0.07859078590785908,279,0.5501355013550135,1.100271002710027,Low,High,Markdown
90214R,"LETTER ""R"" BLING KEY RING",52,52.519999999999996,19,0.07046070460704607,20,0.49322493224932246,0.9864498644986449,Low,High,Markdown
90214S,"LETTER ""S"" BLING KEY RING",111,114.75,35,0.15040650406504066,90,1.0528455284552847,2.1056910569105693,Low,High,Markdown
90214T,"LETTER ""T"" BLING KEY RING",43,42.23,12,0.058265582655826556,197,0.4078590785907859,0.8157181571815718,Low,High,Markdown
90214U,"LETTER ""U"" BLING KEY RING",13,4.7299999999999995,2,0.017615176151761516,208,0.12330623306233061,0.24661246612466123,Low,High,Markdown
90214V,"LETTER ""V"" BLING KEY RING",21,14.73,9,0.028455284552845527,27,0.1991869918699187,0.3983739837398374,Low,High,Markdown
90214W,"LETTER ""W"" BLING KEY RING",14,5.9799999999999995,3,0.018970189701897018,272,0.13279132791327913,0.26558265582655827,Low,High,Markdown
90214Y,"LETTER ""Y"" BLING KEY RING",63,21.15,5,0.08536585365853659,263,0.5975609756097562,1.1951219512195124,Low,High,Markdown
90214Z,"LETTER ""Z"" BLING KEY RING",17,9.73,5,0.023035230352303523,142,0.16124661246612465,0.3224932249322493,Low,High,Markdown
ADJUST,Adjustment by john on 26/01/2010 16,32,3538.52,32,0.04336043360433604,51,0.3035230352303523,0.6070460704607046,Low,High,Markdown
ADJUST2,Adjustment by Peter on Jun 25 2010 ,3,731.0500000000001,3,0.0040650406504065045,165,0.02845528455284553,0.05691056910569106,Low,High,Markdown
BANK CHARGES, Bank Charges,31,450.001,30,0.04200542005420054,175,0.2940379403794038,0.5880758807588076,Low,High,Markdown
C2,CARRIAGE,249,12546.0,248,0.33739837398373984,35,2.361788617886179,4.723577235772358,Low,High,Markdown
D,Discount,196,397.89,5,0.26558265582655827,66,1.859078590785908,3.718157181571816,Low,High,Markdown
DOT,DOTCOM POSTAGE,16,11906.36,16,0.02168021680216802,270,0.15176151761517614,0.3035230352303523,Low,High,Markdown
M,Manual,9384,151777.67,620,12.715447154471544,206,89.0081300813008,178.0162601626016,Low,Low,Healthy
PADS,PADS TO MATCH ALL CUSHIONS,17,0.017,17,0.023035230352303523,50,0.16124661246612465,0.3224932249322493,Low,High,Markdown
POST,POSTAGE,5235,124648.04,1803,7.09349593495935,279,49.65447154471545,99.3089430894309,Low,Low,Healthy
SP1002,KID'S CHALKBOARD/EASEL,5,14.75,2,0.006775067750677507,36,0.04742547425474255,0.0948509485094851,Low,High,Markdown
TEST001,This is a test product.,50,225.0,9,0.06775067750677506,58,0.47425474254742545,0.9485094850948509,Low,High,Markdown
TEST002,This is a test product.,1,1.0,1,0.0013550135501355014,58,0.009485094850948509,0.018970189701897018,Low,High,Markdown
